
 /----------------------------------------------------------------------------\
 |                                                                            |
 |  yosys -- Yosys Open SYnthesis Suite                                       |
 |                                                                            |
 |  Copyright (C) 2012 - 2019  Clifford Wolf <clifford@clifford.at>           |
 |                                                                            |
 |  Permission to use, copy, modify, and/or distribute this software for any  |
 |  purpose with or without fee is hereby granted, provided that the above    |
 |  copyright notice and this permission notice appear in all copies.         |
 |                                                                            |
 |  THE SOFTWARE IS PROVIDED "AS IS" AND THE AUTHOR DISCLAIMS ALL WARRANTIES  |
 |  WITH REGARD TO THIS SOFTWARE INCLUDING ALL IMPLIED WARRANTIES OF          |
 |  MERCHANTABILITY AND FITNESS. IN NO EVENT SHALL THE AUTHOR BE LIABLE FOR   |
 |  ANY SPECIAL, DIRECT, INDIRECT, OR CONSEQUENTIAL DAMAGES OR ANY DAMAGES    |
 |  WHATSOEVER RESULTING FROM LOSS OF USE, DATA OR PROFITS, WHETHER IN AN     |
 |  ACTION OF CONTRACT, NEGLIGENCE OR OTHER TORTIOUS ACTION, ARISING OUT OF   |
 |  OR IN CONNECTION WITH THE USE OR PERFORMANCE OF THIS SOFTWARE.            |
 |                                                                            |
 \----------------------------------------------------------------------------/

 Yosys 0.9 (git sha1 1979e0b)


-- Running command `read_verilog results/exp06/ppa/baseline/cp_fetch_input.v; synth_xilinx -flatten -family xc7 -top VX_cp_fetch_top; stat' --

1. Executing Verilog-2005 frontend: results/exp06/ppa/baseline/cp_fetch_input.v
Parsing Verilog input from `results/exp06/ppa/baseline/cp_fetch_input.v' to AST representation.
Generating RTLIL representation for module `\VX_cp_unpack'.
Note: Assuming pure combinatorial block at results/exp06/ppa/baseline/cp_fetch_input.v:161 in
compliance with IEC 62142(E):2005 / IEEE Std. 1364.1(E):2002. Recommending
use of @* instead of @(...) for better match of synthesis and simulation.
Generating RTLIL representation for module `\VX_cp_fetch_top'.
Successfully finished Verilog frontend.

2. Executing SYNTH_XILINX pass.

2.1. Executing Verilog-2005 frontend: /home/houdong/tool/yosys/bin/../share/yosys/xilinx/cells_sim.v
Parsing Verilog input from `/home/houdong/tool/yosys/bin/../share/yosys/xilinx/cells_sim.v' to AST representation.
Generating RTLIL representation for module `\VCC'.
Generating RTLIL representation for module `\GND'.
Generating RTLIL representation for module `\IBUF'.
Generating RTLIL representation for module `\OBUF'.
Generating RTLIL representation for module `\BUFG'.
Generating RTLIL representation for module `\BUFGCTRL'.
Generating RTLIL representation for module `\BUFHCE'.
Generating RTLIL representation for module `\INV'.
Generating RTLIL representation for module `\LUT1'.
Generating RTLIL representation for module `\LUT2'.
Generating RTLIL representation for module `\LUT3'.
Generating RTLIL representation for module `\LUT4'.
Generating RTLIL representation for module `\LUT5'.
Generating RTLIL representation for module `\LUT6'.
Generating RTLIL representation for module `\LUT6_2'.
Generating RTLIL representation for module `\MUXCY'.
Generating RTLIL representation for module `\MUXF7'.
Generating RTLIL representation for module `\MUXF8'.
Generating RTLIL representation for module `\XORCY'.
Generating RTLIL representation for module `\CARRY4'.
Generating RTLIL representation for module `\FDRE'.
Generating RTLIL representation for module `\FDSE'.
Generating RTLIL representation for module `\FDCE'.
Generating RTLIL representation for module `\FDPE'.
Generating RTLIL representation for module `\FDRE_1'.
Generating RTLIL representation for module `\FDSE_1'.
Generating RTLIL representation for module `\FDCE_1'.
Generating RTLIL representation for module `\FDPE_1'.
Generating RTLIL representation for module `\RAM32X1D'.
Generating RTLIL representation for module `\RAM64X1D'.
Generating RTLIL representation for module `\RAM128X1D'.
Generating RTLIL representation for module `\SRL16E'.
Generating RTLIL representation for module `\SRLC32E'.
Successfully finished Verilog frontend.

2.2. Executing Verilog-2005 frontend: /home/houdong/tool/yosys/bin/../share/yosys/xilinx/cells_xtra.v
Parsing Verilog input from `/home/houdong/tool/yosys/bin/../share/yosys/xilinx/cells_xtra.v' to AST representation.
Generating RTLIL representation for module `\BSCANE2'.
Generating RTLIL representation for module `\BUFGCE'.
Generating RTLIL representation for module `\BUFGCE_1'.
Generating RTLIL representation for module `\BUFGMUX'.
Generating RTLIL representation for module `\BUFGMUX_1'.
Generating RTLIL representation for module `\BUFGMUX_CTRL'.
Generating RTLIL representation for module `\BUFH'.
Generating RTLIL representation for module `\BUFIO'.
Generating RTLIL representation for module `\BUFMR'.
Generating RTLIL representation for module `\BUFMRCE'.
Generating RTLIL representation for module `\BUFR'.
Generating RTLIL representation for module `\CAPTUREE2'.
Generating RTLIL representation for module `\CFGLUT5'.
Generating RTLIL representation for module `\DCIRESET'.
Generating RTLIL representation for module `\DNA_PORT'.
Generating RTLIL representation for module `\DSP48E1'.
Generating RTLIL representation for module `\EFUSE_USR'.
Generating RTLIL representation for module `\FIFO18E1'.
Generating RTLIL representation for module `\FIFO36E1'.
Generating RTLIL representation for module `\FRAME_ECCE2'.
Generating RTLIL representation for module `\GTHE2_CHANNEL'.
Generating RTLIL representation for module `\GTHE2_COMMON'.
Generating RTLIL representation for module `\GTPE2_CHANNEL'.
Generating RTLIL representation for module `\GTPE2_COMMON'.
Generating RTLIL representation for module `\GTXE2_CHANNEL'.
Generating RTLIL representation for module `\GTXE2_COMMON'.
Generating RTLIL representation for module `\IBUF_IBUFDISABLE'.
Generating RTLIL representation for module `\IBUF_INTERMDISABLE'.
Generating RTLIL representation for module `\IBUFDS'.
Generating RTLIL representation for module `\IBUFDS_DIFF_OUT'.
Generating RTLIL representation for module `\IBUFDS_DIFF_OUT_IBUFDISABLE'.
Generating RTLIL representation for module `\IBUFDS_DIFF_OUT_INTERMDISABLE'.
Generating RTLIL representation for module `\IBUFDS_GTE2'.
Generating RTLIL representation for module `\IBUFDS_IBUFDISABLE'.
Generating RTLIL representation for module `\IBUFDS_INTERMDISABLE'.
Generating RTLIL representation for module `\ICAPE2'.
Generating RTLIL representation for module `\IDDR'.
Generating RTLIL representation for module `\IDDR_2CLK'.
Generating RTLIL representation for module `\IDELAYCTRL'.
Generating RTLIL representation for module `\IDELAYE2'.
Generating RTLIL representation for module `\IN_FIFO'.
Generating RTLIL representation for module `\IOBUF'.
Generating RTLIL representation for module `\IOBUF_DCIEN'.
Generating RTLIL representation for module `\IOBUF_INTERMDISABLE'.
Generating RTLIL representation for module `\IOBUFDS'.
Generating RTLIL representation for module `\IOBUFDS_DCIEN'.
Generating RTLIL representation for module `\IOBUFDS_DIFF_OUT'.
Generating RTLIL representation for module `\IOBUFDS_DIFF_OUT_DCIEN'.
Generating RTLIL representation for module `\IOBUFDS_DIFF_OUT_INTERMDISABLE'.
Generating RTLIL representation for module `\ISERDESE2'.
Generating RTLIL representation for module `\KEEPER'.
Generating RTLIL representation for module `\LDCE'.
Generating RTLIL representation for module `\LDPE'.
Generating RTLIL representation for module `\MMCME2_ADV'.
Generating RTLIL representation for module `\MMCME2_BASE'.
Generating RTLIL representation for module `\OBUFDS'.
Generating RTLIL representation for module `\OBUFT'.
Generating RTLIL representation for module `\OBUFTDS'.
Generating RTLIL representation for module `\ODDR'.
Generating RTLIL representation for module `\ODELAYE2'.
Generating RTLIL representation for module `\OSERDESE2'.
Generating RTLIL representation for module `\OUT_FIFO'.
Generating RTLIL representation for module `\PHASER_IN'.
Generating RTLIL representation for module `\PHASER_IN_PHY'.
Generating RTLIL representation for module `\PHASER_OUT'.
Generating RTLIL representation for module `\PHASER_OUT_PHY'.
Generating RTLIL representation for module `\PHASER_REF'.
Generating RTLIL representation for module `\PHY_CONTROL'.
Generating RTLIL representation for module `\PLLE2_ADV'.
Generating RTLIL representation for module `\PLLE2_BASE'.
Generating RTLIL representation for module `\PS7'.
Generating RTLIL representation for module `\PULLDOWN'.
Generating RTLIL representation for module `\PULLUP'.
Generating RTLIL representation for module `\RAM128X1S'.
Generating RTLIL representation for module `\RAM256X1S'.
Generating RTLIL representation for module `\RAM32M'.
Generating RTLIL representation for module `\RAM32X1S'.
Generating RTLIL representation for module `\RAM32X1S_1'.
Generating RTLIL representation for module `\RAM32X2S'.
Generating RTLIL representation for module `\RAM64M'.
Replacing existing blackbox module `\RAM64X1D' at /home/houdong/tool/yosys/bin/../share/yosys/xilinx/cells_xtra.v:3741.
Generating RTLIL representation for module `\RAM64X1D'.
Generating RTLIL representation for module `\RAM64X1S'.
Generating RTLIL representation for module `\RAM64X1S_1'.
Generating RTLIL representation for module `\RAM64X2S'.
Generating RTLIL representation for module `\ROM128X1'.
Generating RTLIL representation for module `\ROM256X1'.
Generating RTLIL representation for module `\ROM32X1'.
Generating RTLIL representation for module `\ROM64X1'.
Generating RTLIL representation for module `\STARTUPE2'.
Generating RTLIL representation for module `\USR_ACCESSE2'.
Generating RTLIL representation for module `\XADC'.
Successfully finished Verilog frontend.

2.3. Executing Verilog-2005 frontend: /home/houdong/tool/yosys/bin/../share/yosys/xilinx/brams_bb.v
Parsing Verilog input from `/home/houdong/tool/yosys/bin/../share/yosys/xilinx/brams_bb.v' to AST representation.
Generating RTLIL representation for module `\RAMB18E1'.
Generating RTLIL representation for module `\RAMB36E1'.
Successfully finished Verilog frontend.

2.4. Executing HIERARCHY pass (managing design hierarchy).

2.4.1. Analyzing design hierarchy..
Top module:  \VX_cp_fetch_top
Used module:     \VX_cp_unpack

2.4.2. Analyzing design hierarchy..
Top module:  \VX_cp_fetch_top
Used module:     \VX_cp_unpack
Removed 0 unused modules.

2.5. Executing PROC pass (convert processes to netlists).

2.5.1. Executing PROC_CLEAN pass (remove empty switches from decision trees).
Found and cleaned up 1 empty switch in `\VX_cp_fetch_top.$proc$results/exp06/ppa/baseline/cp_fetch_input.v:600$856'.
Found and cleaned up 1 empty switch in `\VX_cp_fetch_top.$proc$results/exp06/ppa/baseline/cp_fetch_input.v:518$832'.
Found and cleaned up 1 empty switch in `\VX_cp_unpack.$proc$results/exp06/ppa/baseline/cp_fetch_input.v:161$81'.
Cleaned up 3 empty switches.

2.5.2. Executing PROC_RMDEAD pass (remove dead branches from decision trees).
Marked 4 switch rules as full_case in process $proc$results/exp06/ppa/baseline/cp_fetch_input.v:536$835 in module VX_cp_fetch_top.
Marked 3 switch rules as full_case in process $proc$results/exp06/ppa/baseline/cp_fetch_input.v:518$832 in module VX_cp_fetch_top.
Marked 41 switch rules as full_case in process $proc$results/exp06/ppa/baseline/cp_fetch_input.v:161$81 in module VX_cp_unpack.
Removed a total of 0 dead cases.

2.5.3. Executing PROC_INIT pass (extract init attributes).

2.5.4. Executing PROC_ARST pass (detect async resets in processes).

2.5.5. Executing PROC_MUX pass (convert decision trees to multiplexers).
Creating decoders for process `\VX_cp_fetch_top.$proc$results/exp06/ppa/baseline/cp_fetch_input.v:645$864'.
     1/1: $0\u_fetch._sv2v_0[0:0]
Creating decoders for process `\VX_cp_fetch_top.$proc$results/exp06/ppa/baseline/cp_fetch_input.v:600$856'.
     1/20: $0\u_fetch.cmd_out[287:0]
     2/20: $0\u_fetch.cmd_out_valid[0:0]
     3/20: $0\axi_if.arburst[1:0]
     4/20: $0\axi_if.arsize[2:0]
     5/20: $0\axi_if.arlen[7:0]
     6/20: $0\axi_if.arid[5:0]
     7/20: $0\axi_if.araddr[63:0]
     8/20: $0\axi_if.arvalid[0:0]
     9/20: $0\axi_if.rready[0:0]
    10/20: $0\axi_if.bready[0:0]
    11/20: $0\axi_if.wlast[0:0]
    12/20: $0\axi_if.wstrb[63:0]
    13/20: $0\axi_if.wdata[511:0]
    14/20: $0\axi_if.wvalid[0:0]
    15/20: $0\axi_if.awburst[1:0]
    16/20: $0\axi_if.awsize[2:0]
    17/20: $0\axi_if.awlen[7:0]
    18/20: $0\axi_if.awid[5:0]
    19/20: $0\axi_if.awaddr[63:0]
    20/20: $0\axi_if.awvalid[0:0]
Creating decoders for process `\VX_cp_fetch_top.$proc$results/exp06/ppa/baseline/cp_fetch_input.v:536$835'.
     1/10: $0$memwr$\u_fetch.cl_fifo$results/exp06/ppa/baseline/cp_fetch_input.v:561$814_EN[511:0]$838
     2/10: $0$memwr$\u_fetch.cl_fifo$results/exp06/ppa/baseline/cp_fetch_input.v:561$814_DATA[511:0]$837
     3/10: $0$memwr$\u_fetch.cl_fifo$results/exp06/ppa/baseline/cp_fetch_input.v:561$814_ADDR[0:0]$836
     4/10: $0\u_fetch.offset_r[6:0]
     5/10: $0\u_fetch.request_count_r[0:0]
     6/10: $0\u_fetch.fifo_count_r[0:0]
     7/10: $0\u_fetch.write_ptr_r[0:0]
     8/10: $0\u_fetch.read_ptr_r[0:0]
     9/10: $0\u_fetch.fetch_head_r[63:0]
    10/10: $0\u_fetch.head_r[63:0]
Creating decoders for process `\VX_cp_fetch_top.$proc$results/exp06/ppa/baseline/cp_fetch_input.v:518$832'.
     1/4: $3\u_fetch.state[1:0]
     2/4: $2\u_fetch.state[1:0]
     3/4: $1\u_fetch.state[1:0]
     4/4: $0\u_fetch.state[1:0]
Creating decoders for process `\VX_cp_fetch_top.$proc$results/exp06/ppa/baseline/cp_fetch_input.v:372$815'.
     1/3: $0$func$\sv2v_cast_842CE$results/exp06/ppa/baseline/cp_fetch_input.v:376$812$\sv2v_cast_842CE[403:0]$816
     2/3: $0$func$\sv2v_cast_842CE$results/exp06/ppa/baseline/cp_fetch_input.v:376$813$\sv2v_cast_842CE[403:0]$817
     3/3: $0$func$\sv2v_cast_842CE$results/exp06/ppa/baseline/cp_fetch_input.v:376$813$\inp[403:0]$818
Creating decoders for process `\VX_cp_unpack.$proc$results/exp06/ppa/baseline/cp_fetch_input.v:213$811'.
     1/1: $0\_sv2v_0[0:0]
Creating decoders for process `\VX_cp_unpack.$proc$results/exp06/ppa/baseline/cp_fetch_input.v:161$81'.
     1/553: $1$func$\read_hdr$results/exp06/ppa/baseline/cp_fetch_input.v:184$2$\h[31:0]$193 [31:24]
     2/553: $4$func$\cl_byte$results/exp06/ppa/baseline/cp_fetch_input.v:56$79$\cl_byte[7:0]$804
     3/553: $4$func$\cl_byte$results/exp06/ppa/baseline/cp_fetch_input.v:56$79$\idx[31:0]$805
     4/553: $10$func$\read64$results/exp06/ppa/baseline/cp_fetch_input.v:204$63$\v[55:48]$794
     5/553: $4$func$\cl_byte$results/exp06/ppa/baseline/cp_fetch_input.v:56$78$\cl_byte[7:0]$795
     6/553: $4$func$\cl_byte$results/exp06/ppa/baseline/cp_fetch_input.v:56$78$\idx[31:0]$796
     7/553: $9$func$\read64$results/exp06/ppa/baseline/cp_fetch_input.v:204$63$\v[47:40]$785
     8/553: $4$func$\cl_byte$results/exp06/ppa/baseline/cp_fetch_input.v:56$77$\cl_byte[7:0]$786
     9/553: $4$func$\cl_byte$results/exp06/ppa/baseline/cp_fetch_input.v:56$77$\idx[31:0]$787
    10/553: $8$func$\read64$results/exp06/ppa/baseline/cp_fetch_input.v:204$63$\v[39:32]$776
    11/553: $4$func$\cl_byte$results/exp06/ppa/baseline/cp_fetch_input.v:56$76$\cl_byte[7:0]$777
    12/553: $4$func$\cl_byte$results/exp06/ppa/baseline/cp_fetch_input.v:56$76$\idx[31:0]$778
    13/553: $7$func$\read64$results/exp06/ppa/baseline/cp_fetch_input.v:204$63$\v[31:24]$767
    14/553: $4$func$\cl_byte$results/exp06/ppa/baseline/cp_fetch_input.v:56$75$\cl_byte[7:0]$768
    15/553: $4$func$\cl_byte$results/exp06/ppa/baseline/cp_fetch_input.v:56$75$\idx[31:0]$769
    16/553: $6$func$\read64$results/exp06/ppa/baseline/cp_fetch_input.v:204$63$\v[23:16]$758
    17/553: $4$func$\cl_byte$results/exp06/ppa/baseline/cp_fetch_input.v:56$74$\cl_byte[7:0]$759
    18/553: $4$func$\cl_byte$results/exp06/ppa/baseline/cp_fetch_input.v:56$74$\idx[31:0]$760
    19/553: $5$func$\read64$results/exp06/ppa/baseline/cp_fetch_input.v:204$63$\v[15:8]$749
    20/553: $4$func$\cl_byte$results/exp06/ppa/baseline/cp_fetch_input.v:56$73$\cl_byte[7:0]$750
    21/553: $4$func$\cl_byte$results/exp06/ppa/baseline/cp_fetch_input.v:56$73$\idx[31:0]$751
    22/553: $4$func$\read64$results/exp06/ppa/baseline/cp_fetch_input.v:204$63$\v[7:0]$740
    23/553: $4$func$\cl_byte$results/exp06/ppa/baseline/cp_fetch_input.v:56$72$\cl_byte[7:0]$741
    24/553: $4$func$\cl_byte$results/exp06/ppa/baseline/cp_fetch_input.v:56$72$\idx[31:0]$742
    25/553: $11$func$\read64$results/exp06/ppa/baseline/cp_fetch_input.v:202$45$\v[63:56]$729
    26/553: $4$func$\cl_byte$results/exp06/ppa/baseline/cp_fetch_input.v:56$61$\cl_byte[7:0]$730
    27/553: $4$func$\cl_byte$results/exp06/ppa/baseline/cp_fetch_input.v:56$61$\idx[31:0]$731
    28/553: $10$func$\read64$results/exp06/ppa/baseline/cp_fetch_input.v:202$45$\v[55:48]$720
    29/553: $4$func$\cl_byte$results/exp06/ppa/baseline/cp_fetch_input.v:56$60$\cl_byte[7:0]$721
    30/553: $4$func$\cl_byte$results/exp06/ppa/baseline/cp_fetch_input.v:56$60$\idx[31:0]$722
    31/553: $9$func$\read64$results/exp06/ppa/baseline/cp_fetch_input.v:202$45$\v[47:40]$711
    32/553: $4$func$\cl_byte$results/exp06/ppa/baseline/cp_fetch_input.v:56$59$\cl_byte[7:0]$712
    33/553: $4$func$\cl_byte$results/exp06/ppa/baseline/cp_fetch_input.v:56$59$\idx[31:0]$713
    34/553: $8$func$\read64$results/exp06/ppa/baseline/cp_fetch_input.v:202$45$\v[39:32]$702
    35/553: $4$func$\cl_byte$results/exp06/ppa/baseline/cp_fetch_input.v:56$58$\cl_byte[7:0]$703
    36/553: $4$func$\cl_byte$results/exp06/ppa/baseline/cp_fetch_input.v:56$58$\idx[31:0]$704
    37/553: $7$func$\read64$results/exp06/ppa/baseline/cp_fetch_input.v:202$45$\v[31:24]$693
    38/553: $4$func$\cl_byte$results/exp06/ppa/baseline/cp_fetch_input.v:56$57$\cl_byte[7:0]$694
    39/553: $4$func$\cl_byte$results/exp06/ppa/baseline/cp_fetch_input.v:56$57$\idx[31:0]$695
    40/553: $6$func$\read64$results/exp06/ppa/baseline/cp_fetch_input.v:202$45$\v[23:16]$684
    41/553: $4$func$\cl_byte$results/exp06/ppa/baseline/cp_fetch_input.v:56$56$\cl_byte[7:0]$685
    42/553: $4$func$\cl_byte$results/exp06/ppa/baseline/cp_fetch_input.v:56$56$\idx[31:0]$686
    43/553: $5$func$\read64$results/exp06/ppa/baseline/cp_fetch_input.v:202$45$\v[15:8]$675
    44/553: $4$func$\cl_byte$results/exp06/ppa/baseline/cp_fetch_input.v:56$55$\cl_byte[7:0]$676
    45/553: $4$func$\cl_byte$results/exp06/ppa/baseline/cp_fetch_input.v:56$55$\idx[31:0]$677
    46/553: $4$func$\read64$results/exp06/ppa/baseline/cp_fetch_input.v:202$45$\v[7:0]$666
    47/553: $4$func$\cl_byte$results/exp06/ppa/baseline/cp_fetch_input.v:56$54$\cl_byte[7:0]$667
    48/553: $4$func$\cl_byte$results/exp06/ppa/baseline/cp_fetch_input.v:56$54$\idx[31:0]$668
    49/553: $11$func$\read64$results/exp06/ppa/baseline/cp_fetch_input.v:200$28$\v[63:56]$656
    50/553: $4$func$\cl_byte$results/exp06/ppa/baseline/cp_fetch_input.v:56$44$\cl_byte[7:0]$657
    51/553: $4$func$\cl_byte$results/exp06/ppa/baseline/cp_fetch_input.v:56$44$\idx[31:0]$658
    52/553: $10$func$\read64$results/exp06/ppa/baseline/cp_fetch_input.v:200$28$\v[55:48]$647
    53/553: $4$func$\cl_byte$results/exp06/ppa/baseline/cp_fetch_input.v:56$43$\cl_byte[7:0]$648
    54/553: $4$func$\cl_byte$results/exp06/ppa/baseline/cp_fetch_input.v:56$43$\idx[31:0]$649
    55/553: $9$func$\read64$results/exp06/ppa/baseline/cp_fetch_input.v:200$28$\v[47:40]$638
    56/553: $4$func$\cl_byte$results/exp06/ppa/baseline/cp_fetch_input.v:56$42$\cl_byte[7:0]$639
    57/553: $4$func$\cl_byte$results/exp06/ppa/baseline/cp_fetch_input.v:56$42$\idx[31:0]$640
    58/553: $8$func$\read64$results/exp06/ppa/baseline/cp_fetch_input.v:200$28$\v[39:32]$629
    59/553: $4$func$\cl_byte$results/exp06/ppa/baseline/cp_fetch_input.v:56$41$\cl_byte[7:0]$630
    60/553: $4$func$\cl_byte$results/exp06/ppa/baseline/cp_fetch_input.v:56$41$\idx[31:0]$631
    61/553: $7$func$\read64$results/exp06/ppa/baseline/cp_fetch_input.v:200$28$\v[31:24]$620
    62/553: $4$func$\cl_byte$results/exp06/ppa/baseline/cp_fetch_input.v:56$40$\cl_byte[7:0]$621
    63/553: $4$func$\cl_byte$results/exp06/ppa/baseline/cp_fetch_input.v:56$40$\idx[31:0]$622
    64/553: $6$func$\read64$results/exp06/ppa/baseline/cp_fetch_input.v:200$28$\v[23:16]$611
    65/553: $4$func$\cl_byte$results/exp06/ppa/baseline/cp_fetch_input.v:56$39$\cl_byte[7:0]$612
    66/553: $4$func$\cl_byte$results/exp06/ppa/baseline/cp_fetch_input.v:56$39$\idx[31:0]$613
    67/553: $5$func$\read64$results/exp06/ppa/baseline/cp_fetch_input.v:200$28$\v[15:8]$602
    68/553: $4$func$\cl_byte$results/exp06/ppa/baseline/cp_fetch_input.v:56$38$\cl_byte[7:0]$603
    69/553: $4$func$\cl_byte$results/exp06/ppa/baseline/cp_fetch_input.v:56$38$\idx[31:0]$604
    70/553: $4$func$\read64$results/exp06/ppa/baseline/cp_fetch_input.v:200$28$\v[7:0]$593
    71/553: $4$func$\cl_byte$results/exp06/ppa/baseline/cp_fetch_input.v:56$37$\cl_byte[7:0]$594
    72/553: $4$func$\cl_byte$results/exp06/ppa/baseline/cp_fetch_input.v:56$37$\idx[31:0]$595
    73/553: $11$func$\read64$results/exp06/ppa/baseline/cp_fetch_input.v:198$11$\v[63:56]$583
    74/553: $4$func$\cl_byte$results/exp06/ppa/baseline/cp_fetch_input.v:56$27$\cl_byte[7:0]$584
    75/553: $4$func$\cl_byte$results/exp06/ppa/baseline/cp_fetch_input.v:56$27$\idx[31:0]$585
    76/553: $10$func$\read64$results/exp06/ppa/baseline/cp_fetch_input.v:198$11$\v[55:48]$574
    77/553: $4$func$\cl_byte$results/exp06/ppa/baseline/cp_fetch_input.v:56$26$\cl_byte[7:0]$575
    78/553: $4$func$\cl_byte$results/exp06/ppa/baseline/cp_fetch_input.v:56$26$\idx[31:0]$576
    79/553: $9$func$\read64$results/exp06/ppa/baseline/cp_fetch_input.v:198$11$\v[47:40]$565
    80/553: $4$func$\cl_byte$results/exp06/ppa/baseline/cp_fetch_input.v:56$25$\cl_byte[7:0]$566
    81/553: $4$func$\cl_byte$results/exp06/ppa/baseline/cp_fetch_input.v:56$25$\idx[31:0]$567
    82/553: $8$func$\read64$results/exp06/ppa/baseline/cp_fetch_input.v:198$11$\v[39:32]$556
    83/553: $4$func$\cl_byte$results/exp06/ppa/baseline/cp_fetch_input.v:56$24$\cl_byte[7:0]$557
    84/553: $4$func$\cl_byte$results/exp06/ppa/baseline/cp_fetch_input.v:56$24$\idx[31:0]$558
    85/553: $7$func$\read64$results/exp06/ppa/baseline/cp_fetch_input.v:198$11$\v[31:24]$547
    86/553: $4$func$\cl_byte$results/exp06/ppa/baseline/cp_fetch_input.v:56$23$\cl_byte[7:0]$548
    87/553: $4$func$\cl_byte$results/exp06/ppa/baseline/cp_fetch_input.v:56$23$\idx[31:0]$549
    88/553: $6$func$\read64$results/exp06/ppa/baseline/cp_fetch_input.v:198$11$\v[23:16]$538
    89/553: $4$func$\cl_byte$results/exp06/ppa/baseline/cp_fetch_input.v:56$22$\cl_byte[7:0]$539
    90/553: $4$func$\cl_byte$results/exp06/ppa/baseline/cp_fetch_input.v:56$22$\idx[31:0]$540
    91/553: $5$func$\read64$results/exp06/ppa/baseline/cp_fetch_input.v:198$11$\v[15:8]$529
    92/553: $4$func$\cl_byte$results/exp06/ppa/baseline/cp_fetch_input.v:56$21$\cl_byte[7:0]$530
    93/553: $4$func$\cl_byte$results/exp06/ppa/baseline/cp_fetch_input.v:56$21$\idx[31:0]$531
    94/553: $4$func$\read64$results/exp06/ppa/baseline/cp_fetch_input.v:198$11$\v[7:0]$520
    95/553: $4$func$\cl_byte$results/exp06/ppa/baseline/cp_fetch_input.v:56$20$\cl_byte[7:0]$521
    96/553: $4$func$\cl_byte$results/exp06/ppa/baseline/cp_fetch_input.v:56$20$\idx[31:0]$522
    97/553: $3\has_cmd[0:0]
    98/553: $3\cmd_size[6:0]
    99/553: $3$func$\sv2v_cast_06687$results/exp06/ppa/baseline/cp_fetch_input.v:206$80$\sv2v_cast_06687[6:0]$515
   100/553: $3$func$\sv2v_cast_06687$results/exp06/ppa/baseline/cp_fetch_input.v:206$80$\inp[6:0]$516
   101/553: $11$func$\read64$results/exp06/ppa/baseline/cp_fetch_input.v:204$63$\v[63:56]$803
   102/553: $3$func$\read64$results/exp06/ppa/baseline/cp_fetch_input.v:204$63$\read64[63:0]$495
   103/553: $3$func$\read64$results/exp06/ppa/baseline/cp_fetch_input.sv2v_autoblock_1.v:204$63$\sv2v_autoblock_1\i[31:0]$498
   104/553: $3$func$\cl_byte$results/exp06/ppa/baseline/cp_fetch_input.v:56$79$\idx[31:0]$514
   105/553: $3$func$\cl_byte$results/exp06/ppa/baseline/cp_fetch_input.v:56$79$\cl_byte[7:0]$513
   106/553: $3$func$\read64$results/exp06/ppa/baseline/cp_fetch_input.v:204$63$\v[63:0]$497 [55:48]
   107/553: $3$func$\cl_byte$results/exp06/ppa/baseline/cp_fetch_input.v:56$78$\idx[31:0]$512
   108/553: $3$func$\cl_byte$results/exp06/ppa/baseline/cp_fetch_input.v:56$78$\cl_byte[7:0]$511
   109/553: $3$func$\read64$results/exp06/ppa/baseline/cp_fetch_input.v:204$63$\v[63:0]$497 [47:40]
   110/553: $3$func$\cl_byte$results/exp06/ppa/baseline/cp_fetch_input.v:56$77$\idx[31:0]$510
   111/553: $3$func$\cl_byte$results/exp06/ppa/baseline/cp_fetch_input.v:56$77$\cl_byte[7:0]$509
   112/553: $3$func$\read64$results/exp06/ppa/baseline/cp_fetch_input.v:204$63$\v[63:0]$497 [39:32]
   113/553: $3$func$\cl_byte$results/exp06/ppa/baseline/cp_fetch_input.v:56$76$\idx[31:0]$508
   114/553: $3$func$\cl_byte$results/exp06/ppa/baseline/cp_fetch_input.v:56$76$\cl_byte[7:0]$507
   115/553: $3$func$\read64$results/exp06/ppa/baseline/cp_fetch_input.v:204$63$\v[63:0]$497 [31:24]
   116/553: $3$func$\cl_byte$results/exp06/ppa/baseline/cp_fetch_input.v:56$75$\idx[31:0]$506
   117/553: $3$func$\cl_byte$results/exp06/ppa/baseline/cp_fetch_input.v:56$75$\cl_byte[7:0]$505
   118/553: $3$func$\read64$results/exp06/ppa/baseline/cp_fetch_input.v:204$63$\v[63:0]$497 [23:16]
   119/553: $3$func$\cl_byte$results/exp06/ppa/baseline/cp_fetch_input.v:56$74$\idx[31:0]$504
   120/553: $3$func$\cl_byte$results/exp06/ppa/baseline/cp_fetch_input.v:56$74$\cl_byte[7:0]$503
   121/553: $3$func$\read64$results/exp06/ppa/baseline/cp_fetch_input.v:204$63$\v[63:0]$497 [15:8]
   122/553: $3$func$\cl_byte$results/exp06/ppa/baseline/cp_fetch_input.v:56$73$\idx[31:0]$502
   123/553: $3$func$\cl_byte$results/exp06/ppa/baseline/cp_fetch_input.v:56$73$\cl_byte[7:0]$501
   124/553: $3$func$\read64$results/exp06/ppa/baseline/cp_fetch_input.v:204$63$\v[63:0]$497 [7:0]
   125/553: $3$func$\cl_byte$results/exp06/ppa/baseline/cp_fetch_input.v:56$72$\idx[31:0]$500
   126/553: $3$func$\cl_byte$results/exp06/ppa/baseline/cp_fetch_input.v:56$72$\cl_byte[7:0]$499
   127/553: $3$func$\read64$results/exp06/ppa/baseline/cp_fetch_input.v:202$45$\v[63:0]$475 [63:56]
   128/553: $3$func$\read64$results/exp06/ppa/baseline/cp_fetch_input.v:204$63$\off[31:0]$496
   129/553: $3$func$\sv2v_cast_32_signed$results/exp06/ppa/baseline/cp_fetch_input.v:204$62$\sv2v_cast_32_signed[31:0]$493
   130/553: $3$func$\sv2v_cast_32_signed$results/exp06/ppa/baseline/cp_fetch_input.v:204$62$\inp[31:0]$494
   131/553: $3\cmd[287:0] [63:0]
   132/553: $3$func$\read64$results/exp06/ppa/baseline/cp_fetch_input.v:202$45$\read64[63:0]$473
   133/553: $3$func$\read64$results/exp06/ppa/baseline/cp_fetch_input.sv2v_autoblock_1.v:202$45$\sv2v_autoblock_1\i[31:0]$476
   134/553: $3$func$\cl_byte$results/exp06/ppa/baseline/cp_fetch_input.v:56$61$\idx[31:0]$492
   135/553: $3$func$\cl_byte$results/exp06/ppa/baseline/cp_fetch_input.v:56$61$\cl_byte[7:0]$491
   136/553: $3$func$\read64$results/exp06/ppa/baseline/cp_fetch_input.v:202$45$\v[63:0]$475 [55:48]
   137/553: $3$func$\cl_byte$results/exp06/ppa/baseline/cp_fetch_input.v:56$60$\idx[31:0]$490
   138/553: $3$func$\cl_byte$results/exp06/ppa/baseline/cp_fetch_input.v:56$60$\cl_byte[7:0]$489
   139/553: $3$func$\read64$results/exp06/ppa/baseline/cp_fetch_input.v:202$45$\v[63:0]$475 [47:40]
   140/553: $3$func$\cl_byte$results/exp06/ppa/baseline/cp_fetch_input.v:56$59$\idx[31:0]$488
   141/553: $3$func$\cl_byte$results/exp06/ppa/baseline/cp_fetch_input.v:56$59$\cl_byte[7:0]$487
   142/553: $3$func$\read64$results/exp06/ppa/baseline/cp_fetch_input.v:202$45$\v[63:0]$475 [39:32]
   143/553: $3$func$\cl_byte$results/exp06/ppa/baseline/cp_fetch_input.v:56$58$\idx[31:0]$486
   144/553: $3$func$\cl_byte$results/exp06/ppa/baseline/cp_fetch_input.v:56$58$\cl_byte[7:0]$485
   145/553: $3$func$\read64$results/exp06/ppa/baseline/cp_fetch_input.v:202$45$\v[63:0]$475 [31:24]
   146/553: $3$func$\cl_byte$results/exp06/ppa/baseline/cp_fetch_input.v:56$57$\idx[31:0]$484
   147/553: $3$func$\cl_byte$results/exp06/ppa/baseline/cp_fetch_input.v:56$57$\cl_byte[7:0]$483
   148/553: $3$func$\read64$results/exp06/ppa/baseline/cp_fetch_input.v:202$45$\v[63:0]$475 [23:16]
   149/553: $3$func$\cl_byte$results/exp06/ppa/baseline/cp_fetch_input.v:56$56$\idx[31:0]$482
   150/553: $3$func$\cl_byte$results/exp06/ppa/baseline/cp_fetch_input.v:56$56$\cl_byte[7:0]$481
   151/553: $3$func$\read64$results/exp06/ppa/baseline/cp_fetch_input.v:202$45$\v[63:0]$475 [15:8]
   152/553: $3$func$\cl_byte$results/exp06/ppa/baseline/cp_fetch_input.v:56$55$\idx[31:0]$480
   153/553: $3$func$\cl_byte$results/exp06/ppa/baseline/cp_fetch_input.v:56$55$\cl_byte[7:0]$479
   154/553: $3$func$\read64$results/exp06/ppa/baseline/cp_fetch_input.v:202$45$\v[63:0]$475 [7:0]
   155/553: $3$func$\cl_byte$results/exp06/ppa/baseline/cp_fetch_input.v:56$54$\idx[31:0]$478
   156/553: $3$func$\cl_byte$results/exp06/ppa/baseline/cp_fetch_input.v:56$54$\cl_byte[7:0]$477
   157/553: $3$func$\read64$results/exp06/ppa/baseline/cp_fetch_input.v:200$28$\v[63:0]$455 [63:56]
   158/553: $3$func$\read64$results/exp06/ppa/baseline/cp_fetch_input.v:202$45$\off[31:0]$474
   159/553: $3\cmd[287:0] [127:64]
   160/553: $3$func$\read64$results/exp06/ppa/baseline/cp_fetch_input.v:200$28$\read64[63:0]$453
   161/553: $3$func$\read64$results/exp06/ppa/baseline/cp_fetch_input.sv2v_autoblock_1.v:200$28$\sv2v_autoblock_1\i[31:0]$456
   162/553: $3$func$\cl_byte$results/exp06/ppa/baseline/cp_fetch_input.v:56$44$\idx[31:0]$472
   163/553: $3$func$\cl_byte$results/exp06/ppa/baseline/cp_fetch_input.v:56$44$\cl_byte[7:0]$471
   164/553: $3$func$\read64$results/exp06/ppa/baseline/cp_fetch_input.v:200$28$\v[63:0]$455 [55:48]
   165/553: $3$func$\cl_byte$results/exp06/ppa/baseline/cp_fetch_input.v:56$43$\idx[31:0]$470
   166/553: $3$func$\cl_byte$results/exp06/ppa/baseline/cp_fetch_input.v:56$43$\cl_byte[7:0]$469
   167/553: $3$func$\read64$results/exp06/ppa/baseline/cp_fetch_input.v:200$28$\v[63:0]$455 [47:40]
   168/553: $3$func$\cl_byte$results/exp06/ppa/baseline/cp_fetch_input.v:56$42$\idx[31:0]$468
   169/553: $3$func$\cl_byte$results/exp06/ppa/baseline/cp_fetch_input.v:56$42$\cl_byte[7:0]$467
   170/553: $3$func$\read64$results/exp06/ppa/baseline/cp_fetch_input.v:200$28$\v[63:0]$455 [39:32]
   171/553: $3$func$\cl_byte$results/exp06/ppa/baseline/cp_fetch_input.v:56$41$\idx[31:0]$466
   172/553: $3$func$\cl_byte$results/exp06/ppa/baseline/cp_fetch_input.v:56$41$\cl_byte[7:0]$465
   173/553: $3$func$\read64$results/exp06/ppa/baseline/cp_fetch_input.v:200$28$\v[63:0]$455 [31:24]
   174/553: $3$func$\cl_byte$results/exp06/ppa/baseline/cp_fetch_input.v:56$40$\idx[31:0]$464
   175/553: $3$func$\cl_byte$results/exp06/ppa/baseline/cp_fetch_input.v:56$40$\cl_byte[7:0]$463
   176/553: $3$func$\read64$results/exp06/ppa/baseline/cp_fetch_input.v:200$28$\v[63:0]$455 [23:16]
   177/553: $3$func$\cl_byte$results/exp06/ppa/baseline/cp_fetch_input.v:56$39$\idx[31:0]$462
   178/553: $3$func$\cl_byte$results/exp06/ppa/baseline/cp_fetch_input.v:56$39$\cl_byte[7:0]$461
   179/553: $3$func$\read64$results/exp06/ppa/baseline/cp_fetch_input.v:200$28$\v[63:0]$455 [15:8]
   180/553: $3$func$\cl_byte$results/exp06/ppa/baseline/cp_fetch_input.v:56$38$\idx[31:0]$460
   181/553: $3$func$\cl_byte$results/exp06/ppa/baseline/cp_fetch_input.v:56$38$\cl_byte[7:0]$459
   182/553: $3$func$\read64$results/exp06/ppa/baseline/cp_fetch_input.v:200$28$\v[63:0]$455 [7:0]
   183/553: $3$func$\cl_byte$results/exp06/ppa/baseline/cp_fetch_input.v:56$37$\idx[31:0]$458
   184/553: $3$func$\cl_byte$results/exp06/ppa/baseline/cp_fetch_input.v:56$37$\cl_byte[7:0]$457
   185/553: $3$func$\read64$results/exp06/ppa/baseline/cp_fetch_input.v:198$11$\v[63:0]$435 [63:56]
   186/553: $3$func$\read64$results/exp06/ppa/baseline/cp_fetch_input.v:200$28$\off[31:0]$454
   187/553: $3\cmd[287:0] [191:128]
   188/553: $3$func$\read64$results/exp06/ppa/baseline/cp_fetch_input.v:198$11$\read64[63:0]$433
   189/553: $3$func$\read64$results/exp06/ppa/baseline/cp_fetch_input.sv2v_autoblock_1.v:198$11$\sv2v_autoblock_1\i[31:0]$436
   190/553: $3$func$\cl_byte$results/exp06/ppa/baseline/cp_fetch_input.v:56$27$\idx[31:0]$452
   191/553: $3$func$\cl_byte$results/exp06/ppa/baseline/cp_fetch_input.v:56$27$\cl_byte[7:0]$451
   192/553: $3$func$\read64$results/exp06/ppa/baseline/cp_fetch_input.v:198$11$\v[63:0]$435 [55:48]
   193/553: $3$func$\cl_byte$results/exp06/ppa/baseline/cp_fetch_input.v:56$26$\idx[31:0]$450
   194/553: $3$func$\cl_byte$results/exp06/ppa/baseline/cp_fetch_input.v:56$26$\cl_byte[7:0]$449
   195/553: $3$func$\read64$results/exp06/ppa/baseline/cp_fetch_input.v:198$11$\v[63:0]$435 [47:40]
   196/553: $3$func$\cl_byte$results/exp06/ppa/baseline/cp_fetch_input.v:56$25$\idx[31:0]$448
   197/553: $3$func$\cl_byte$results/exp06/ppa/baseline/cp_fetch_input.v:56$25$\cl_byte[7:0]$447
   198/553: $3$func$\read64$results/exp06/ppa/baseline/cp_fetch_input.v:198$11$\v[63:0]$435 [39:32]
   199/553: $3$func$\cl_byte$results/exp06/ppa/baseline/cp_fetch_input.v:56$24$\idx[31:0]$446
   200/553: $3$func$\cl_byte$results/exp06/ppa/baseline/cp_fetch_input.v:56$24$\cl_byte[7:0]$445
   201/553: $3$func$\read64$results/exp06/ppa/baseline/cp_fetch_input.v:198$11$\v[63:0]$435 [31:24]
   202/553: $3$func$\cl_byte$results/exp06/ppa/baseline/cp_fetch_input.v:56$23$\idx[31:0]$444
   203/553: $3$func$\cl_byte$results/exp06/ppa/baseline/cp_fetch_input.v:56$23$\cl_byte[7:0]$443
   204/553: $3$func$\read64$results/exp06/ppa/baseline/cp_fetch_input.v:198$11$\v[63:0]$435 [23:16]
   205/553: $3$func$\cl_byte$results/exp06/ppa/baseline/cp_fetch_input.v:56$22$\idx[31:0]$442
   206/553: $3$func$\cl_byte$results/exp06/ppa/baseline/cp_fetch_input.v:56$22$\cl_byte[7:0]$441
   207/553: $3$func$\read64$results/exp06/ppa/baseline/cp_fetch_input.v:198$11$\v[63:0]$435 [15:8]
   208/553: $3$func$\cl_byte$results/exp06/ppa/baseline/cp_fetch_input.v:56$21$\idx[31:0]$440
   209/553: $3$func$\cl_byte$results/exp06/ppa/baseline/cp_fetch_input.v:56$21$\cl_byte[7:0]$439
   210/553: $3$func$\read64$results/exp06/ppa/baseline/cp_fetch_input.v:198$11$\v[63:0]$435 [7:0]
   211/553: $3$func$\cl_byte$results/exp06/ppa/baseline/cp_fetch_input.v:56$20$\idx[31:0]$438
   212/553: $3$func$\cl_byte$results/exp06/ppa/baseline/cp_fetch_input.v:56$20$\cl_byte[7:0]$437
   213/553: $3\cmd[287:0] [287:256]
   214/553: $3$func$\read64$results/exp06/ppa/baseline/cp_fetch_input.v:198$11$\off[31:0]$434
   215/553: $3\cmd[287:0] [255:192]
   216/553: $3$func$\VX_cp_pkg_cmd_size_bytes$results/exp06/ppa/baseline/cp_fetch_input.v:192$9$\base[31:0]$428
   217/553: $2$func$\sv2v_cast_06687$results/exp06/ppa/baseline/cp_fetch_input.v:206$80$\inp[6:0]$427
   218/553: $2$func$\sv2v_cast_06687$results/exp06/ppa/baseline/cp_fetch_input.v:206$80$\sv2v_cast_06687[6:0]$426
   219/553: $2$func$\cl_byte$results/exp06/ppa/baseline/cp_fetch_input.v:56$79$\idx[31:0]$425
   220/553: $2$func$\cl_byte$results/exp06/ppa/baseline/cp_fetch_input.v:56$79$\cl_byte[7:0]$424
   221/553: $2$func$\cl_byte$results/exp06/ppa/baseline/cp_fetch_input.v:56$78$\idx[31:0]$423
   222/553: $2$func$\cl_byte$results/exp06/ppa/baseline/cp_fetch_input.v:56$78$\cl_byte[7:0]$422
   223/553: $2$func$\cl_byte$results/exp06/ppa/baseline/cp_fetch_input.v:56$77$\idx[31:0]$421
   224/553: $2$func$\cl_byte$results/exp06/ppa/baseline/cp_fetch_input.v:56$77$\cl_byte[7:0]$420
   225/553: $2$func$\cl_byte$results/exp06/ppa/baseline/cp_fetch_input.v:56$76$\idx[31:0]$419
   226/553: $2$func$\cl_byte$results/exp06/ppa/baseline/cp_fetch_input.v:56$76$\cl_byte[7:0]$418
   227/553: $2$func$\cl_byte$results/exp06/ppa/baseline/cp_fetch_input.v:56$75$\idx[31:0]$417
   228/553: $2$func$\cl_byte$results/exp06/ppa/baseline/cp_fetch_input.v:56$75$\cl_byte[7:0]$416
   229/553: $2$func$\cl_byte$results/exp06/ppa/baseline/cp_fetch_input.v:56$74$\idx[31:0]$415
   230/553: $2$func$\cl_byte$results/exp06/ppa/baseline/cp_fetch_input.v:56$74$\cl_byte[7:0]$414
   231/553: $2$func$\cl_byte$results/exp06/ppa/baseline/cp_fetch_input.v:56$73$\idx[31:0]$413
   232/553: $2$func$\cl_byte$results/exp06/ppa/baseline/cp_fetch_input.v:56$73$\cl_byte[7:0]$412
   233/553: $2$func$\cl_byte$results/exp06/ppa/baseline/cp_fetch_input.v:56$72$\idx[31:0]$411
   234/553: $2$func$\cl_byte$results/exp06/ppa/baseline/cp_fetch_input.v:56$72$\cl_byte[7:0]$410
   235/553: $2$func$\read64$results/exp06/ppa/baseline/cp_fetch_input.sv2v_autoblock_1.v:204$63$\sv2v_autoblock_1\i[31:0]$409
   236/553: $2$func$\read64$results/exp06/ppa/baseline/cp_fetch_input.v:204$63$\v[63:0]$408
   237/553: $2$func$\read64$results/exp06/ppa/baseline/cp_fetch_input.v:204$63$\off[31:0]$407
   238/553: $2$func$\read64$results/exp06/ppa/baseline/cp_fetch_input.v:204$63$\read64[63:0]$406
   239/553: $2$func$\sv2v_cast_32_signed$results/exp06/ppa/baseline/cp_fetch_input.v:204$62$\inp[31:0]$405
   240/553: $2$func$\sv2v_cast_32_signed$results/exp06/ppa/baseline/cp_fetch_input.v:204$62$\sv2v_cast_32_signed[31:0]$404
   241/553: $2$func$\cl_byte$results/exp06/ppa/baseline/cp_fetch_input.v:56$61$\idx[31:0]$403
   242/553: $2$func$\cl_byte$results/exp06/ppa/baseline/cp_fetch_input.v:56$61$\cl_byte[7:0]$402
   243/553: $2$func$\cl_byte$results/exp06/ppa/baseline/cp_fetch_input.v:56$60$\idx[31:0]$401
   244/553: $2$func$\cl_byte$results/exp06/ppa/baseline/cp_fetch_input.v:56$60$\cl_byte[7:0]$400
   245/553: $2$func$\cl_byte$results/exp06/ppa/baseline/cp_fetch_input.v:56$59$\idx[31:0]$399
   246/553: $2$func$\cl_byte$results/exp06/ppa/baseline/cp_fetch_input.v:56$59$\cl_byte[7:0]$398
   247/553: $2$func$\cl_byte$results/exp06/ppa/baseline/cp_fetch_input.v:56$58$\idx[31:0]$397
   248/553: $2$func$\cl_byte$results/exp06/ppa/baseline/cp_fetch_input.v:56$58$\cl_byte[7:0]$396
   249/553: $2$func$\cl_byte$results/exp06/ppa/baseline/cp_fetch_input.v:56$57$\idx[31:0]$395
   250/553: $2$func$\cl_byte$results/exp06/ppa/baseline/cp_fetch_input.v:56$57$\cl_byte[7:0]$394
   251/553: $2$func$\cl_byte$results/exp06/ppa/baseline/cp_fetch_input.v:56$56$\idx[31:0]$393
   252/553: $2$func$\cl_byte$results/exp06/ppa/baseline/cp_fetch_input.v:56$56$\cl_byte[7:0]$392
   253/553: $2$func$\cl_byte$results/exp06/ppa/baseline/cp_fetch_input.v:56$55$\idx[31:0]$391
   254/553: $2$func$\cl_byte$results/exp06/ppa/baseline/cp_fetch_input.v:56$55$\cl_byte[7:0]$390
   255/553: $2$func$\cl_byte$results/exp06/ppa/baseline/cp_fetch_input.v:56$54$\idx[31:0]$389
   256/553: $2$func$\cl_byte$results/exp06/ppa/baseline/cp_fetch_input.v:56$54$\cl_byte[7:0]$388
   257/553: $2$func$\read64$results/exp06/ppa/baseline/cp_fetch_input.sv2v_autoblock_1.v:202$45$\sv2v_autoblock_1\i[31:0]$387
   258/553: $2$func$\read64$results/exp06/ppa/baseline/cp_fetch_input.v:202$45$\v[63:0]$386
   259/553: $2$func$\read64$results/exp06/ppa/baseline/cp_fetch_input.v:202$45$\off[31:0]$385
   260/553: $2$func$\read64$results/exp06/ppa/baseline/cp_fetch_input.v:202$45$\read64[63:0]$384
   261/553: $2$func$\cl_byte$results/exp06/ppa/baseline/cp_fetch_input.v:56$44$\idx[31:0]$383
   262/553: $2$func$\cl_byte$results/exp06/ppa/baseline/cp_fetch_input.v:56$44$\cl_byte[7:0]$382
   263/553: $2$func$\cl_byte$results/exp06/ppa/baseline/cp_fetch_input.v:56$43$\idx[31:0]$381
   264/553: $2$func$\cl_byte$results/exp06/ppa/baseline/cp_fetch_input.v:56$43$\cl_byte[7:0]$380
   265/553: $2$func$\cl_byte$results/exp06/ppa/baseline/cp_fetch_input.v:56$42$\idx[31:0]$379
   266/553: $2$func$\cl_byte$results/exp06/ppa/baseline/cp_fetch_input.v:56$42$\cl_byte[7:0]$378
   267/553: $2$func$\cl_byte$results/exp06/ppa/baseline/cp_fetch_input.v:56$41$\idx[31:0]$377
   268/553: $2$func$\cl_byte$results/exp06/ppa/baseline/cp_fetch_input.v:56$41$\cl_byte[7:0]$376
   269/553: $2$func$\cl_byte$results/exp06/ppa/baseline/cp_fetch_input.v:56$40$\idx[31:0]$375
   270/553: $2$func$\cl_byte$results/exp06/ppa/baseline/cp_fetch_input.v:56$40$\cl_byte[7:0]$374
   271/553: $2$func$\cl_byte$results/exp06/ppa/baseline/cp_fetch_input.v:56$39$\idx[31:0]$373
   272/553: $2$func$\cl_byte$results/exp06/ppa/baseline/cp_fetch_input.v:56$39$\cl_byte[7:0]$372
   273/553: $2$func$\cl_byte$results/exp06/ppa/baseline/cp_fetch_input.v:56$38$\idx[31:0]$371
   274/553: $2$func$\cl_byte$results/exp06/ppa/baseline/cp_fetch_input.v:56$38$\cl_byte[7:0]$370
   275/553: $2$func$\cl_byte$results/exp06/ppa/baseline/cp_fetch_input.v:56$37$\idx[31:0]$369
   276/553: $2$func$\cl_byte$results/exp06/ppa/baseline/cp_fetch_input.v:56$37$\cl_byte[7:0]$368
   277/553: $2$func$\read64$results/exp06/ppa/baseline/cp_fetch_input.sv2v_autoblock_1.v:200$28$\sv2v_autoblock_1\i[31:0]$367
   278/553: $2$func$\read64$results/exp06/ppa/baseline/cp_fetch_input.v:200$28$\v[63:0]$366
   279/553: $2$func$\read64$results/exp06/ppa/baseline/cp_fetch_input.v:200$28$\off[31:0]$365
   280/553: $2$func$\read64$results/exp06/ppa/baseline/cp_fetch_input.v:200$28$\read64[63:0]$364
   281/553: $2$func$\cl_byte$results/exp06/ppa/baseline/cp_fetch_input.v:56$27$\idx[31:0]$363
   282/553: $2$func$\cl_byte$results/exp06/ppa/baseline/cp_fetch_input.v:56$27$\cl_byte[7:0]$362
   283/553: $2$func$\cl_byte$results/exp06/ppa/baseline/cp_fetch_input.v:56$26$\idx[31:0]$361
   284/553: $2$func$\cl_byte$results/exp06/ppa/baseline/cp_fetch_input.v:56$26$\cl_byte[7:0]$360
   285/553: $2$func$\cl_byte$results/exp06/ppa/baseline/cp_fetch_input.v:56$25$\idx[31:0]$359
   286/553: $2$func$\cl_byte$results/exp06/ppa/baseline/cp_fetch_input.v:56$25$\cl_byte[7:0]$358
   287/553: $2$func$\cl_byte$results/exp06/ppa/baseline/cp_fetch_input.v:56$24$\idx[31:0]$357
   288/553: $2$func$\cl_byte$results/exp06/ppa/baseline/cp_fetch_input.v:56$24$\cl_byte[7:0]$356
   289/553: $2$func$\cl_byte$results/exp06/ppa/baseline/cp_fetch_input.v:56$23$\idx[31:0]$355
   290/553: $2$func$\cl_byte$results/exp06/ppa/baseline/cp_fetch_input.v:56$23$\cl_byte[7:0]$354
   291/553: $2$func$\cl_byte$results/exp06/ppa/baseline/cp_fetch_input.v:56$22$\idx[31:0]$353
   292/553: $2$func$\cl_byte$results/exp06/ppa/baseline/cp_fetch_input.v:56$22$\cl_byte[7:0]$352
   293/553: $2$func$\cl_byte$results/exp06/ppa/baseline/cp_fetch_input.v:56$21$\idx[31:0]$351
   294/553: $2$func$\cl_byte$results/exp06/ppa/baseline/cp_fetch_input.v:56$21$\cl_byte[7:0]$350
   295/553: $2$func$\cl_byte$results/exp06/ppa/baseline/cp_fetch_input.v:56$20$\idx[31:0]$349
   296/553: $2$func$\cl_byte$results/exp06/ppa/baseline/cp_fetch_input.v:56$20$\cl_byte[7:0]$348
   297/553: $2$func$\read64$results/exp06/ppa/baseline/cp_fetch_input.sv2v_autoblock_1.v:198$11$\sv2v_autoblock_1\i[31:0]$347
   298/553: $2$func$\read64$results/exp06/ppa/baseline/cp_fetch_input.v:198$11$\v[63:0]$346
   299/553: $2$func$\read64$results/exp06/ppa/baseline/cp_fetch_input.v:198$11$\off[31:0]$345
   300/553: $2$func$\read64$results/exp06/ppa/baseline/cp_fetch_input.v:198$11$\read64[63:0]$344
   301/553: $2\has_cmd[0:0]
   302/553: $2\cmd_size[6:0]
   303/553: $2\cmd[287:0]
   304/553: $2$func$\sv2v_cast_32_signed$results/exp06/ppa/baseline/cp_fetch_input.v:194$10$\sv2v_cast_32_signed[31:0]$342
   305/553: $2$func$\sv2v_cast_32_signed$results/exp06/ppa/baseline/cp_fetch_input.v:194$10$\inp[31:0]$343
   306/553: $2\sv2v_autoblock_2.sz[31:0]
   307/553: $2$func$\VX_cp_pkg_cmd_size_bytes$results/exp06/ppa/baseline/cp_fetch_input.v:192$9$\VX_cp_pkg_cmd_size_bytes[31:0]$338
   308/553: $2$func$\VX_cp_pkg_cmd_size_bytes$results/exp06/ppa/baseline/cp_fetch_input.v:192$9$\base[31:0]$341
   309/553: $2$func$\VX_cp_pkg_cmd_size_bytes$results/exp06/ppa/baseline/cp_fetch_input.v:192$9$\profiled[0:0]$340
   310/553: $2$func$\VX_cp_pkg_cmd_size_bytes$results/exp06/ppa/baseline/cp_fetch_input.v:192$9$\op[7:0]$339
   311/553: $2$func$\VX_cp_pkg_cmd_opcode_valid$results/exp06/ppa/baseline/cp_fetch_input.v:190$8$\VX_cp_pkg_cmd_opcode_valid[0:0]$332
   312/553: $5$func$\read_hdr$results/exp06/ppa/baseline/cp_fetch_input.v:184$2$\h[31:24]$325
   313/553: $2$func$\cl_byte$results/exp06/ppa/baseline/cp_fetch_input.v:83$6$\cl_byte[7:0]$326
   314/553: $2$func$\cl_byte$results/exp06/ppa/baseline/cp_fetch_input.v:83$6$\idx[31:0]$327
   315/553: $4$func$\read_hdr$results/exp06/ppa/baseline/cp_fetch_input.v:184$2$\h[23:16]$316
   316/553: $2$func$\cl_byte$results/exp06/ppa/baseline/cp_fetch_input.v:80$5$\cl_byte[7:0]$317
   317/553: $2$func$\cl_byte$results/exp06/ppa/baseline/cp_fetch_input.v:80$5$\idx[31:0]$318
   318/553: $3$func$\read_hdr$results/exp06/ppa/baseline/cp_fetch_input.v:184$2$\h[15:8]$307
   319/553: $2$func$\cl_byte$results/exp06/ppa/baseline/cp_fetch_input.v:77$4$\cl_byte[7:0]$308
   320/553: $2$func$\cl_byte$results/exp06/ppa/baseline/cp_fetch_input.v:77$4$\idx[31:0]$309
   321/553: $2$func$\read_hdr$results/exp06/ppa/baseline/cp_fetch_input.v:184$2$\h[7:0]$298
   322/553: $2$func$\cl_byte$results/exp06/ppa/baseline/cp_fetch_input.v:74$3$\cl_byte[7:0]$299
   323/553: $2$func$\cl_byte$results/exp06/ppa/baseline/cp_fetch_input.v:74$3$\idx[31:0]$300
   324/553: $1$func$\sv2v_cast_06687$results/exp06/ppa/baseline/cp_fetch_input.v:206$80$\inp[6:0]$295
   325/553: $1$func$\sv2v_cast_06687$results/exp06/ppa/baseline/cp_fetch_input.v:206$80$\sv2v_cast_06687[6:0]$294
   326/553: $1$func$\cl_byte$results/exp06/ppa/baseline/cp_fetch_input.v:56$79$\idx[31:0]$293
   327/553: $1$func$\cl_byte$results/exp06/ppa/baseline/cp_fetch_input.v:56$79$\cl_byte[7:0]$292
   328/553: $1$func$\cl_byte$results/exp06/ppa/baseline/cp_fetch_input.v:56$78$\idx[31:0]$291
   329/553: $1$func$\cl_byte$results/exp06/ppa/baseline/cp_fetch_input.v:56$78$\cl_byte[7:0]$290
   330/553: $1$func$\cl_byte$results/exp06/ppa/baseline/cp_fetch_input.v:56$77$\idx[31:0]$289
   331/553: $1$func$\cl_byte$results/exp06/ppa/baseline/cp_fetch_input.v:56$77$\cl_byte[7:0]$288
   332/553: $1$func$\cl_byte$results/exp06/ppa/baseline/cp_fetch_input.v:56$76$\idx[31:0]$287
   333/553: $1$func$\cl_byte$results/exp06/ppa/baseline/cp_fetch_input.v:56$76$\cl_byte[7:0]$286
   334/553: $1$func$\cl_byte$results/exp06/ppa/baseline/cp_fetch_input.v:56$75$\idx[31:0]$285
   335/553: $1$func$\cl_byte$results/exp06/ppa/baseline/cp_fetch_input.v:56$75$\cl_byte[7:0]$284
   336/553: $1$func$\cl_byte$results/exp06/ppa/baseline/cp_fetch_input.v:56$74$\idx[31:0]$283
   337/553: $1$func$\cl_byte$results/exp06/ppa/baseline/cp_fetch_input.v:56$74$\cl_byte[7:0]$282
   338/553: $1$func$\cl_byte$results/exp06/ppa/baseline/cp_fetch_input.v:56$73$\idx[31:0]$281
   339/553: $1$func$\cl_byte$results/exp06/ppa/baseline/cp_fetch_input.v:56$73$\cl_byte[7:0]$280
   340/553: $1$func$\cl_byte$results/exp06/ppa/baseline/cp_fetch_input.v:56$72$\idx[31:0]$279
   341/553: $1$func$\cl_byte$results/exp06/ppa/baseline/cp_fetch_input.v:56$72$\cl_byte[7:0]$278
   342/553: $1$func$\read64$results/exp06/ppa/baseline/cp_fetch_input.sv2v_autoblock_1.v:204$63$\sv2v_autoblock_1\i[31:0]$277
   343/553: $1$func$\read64$results/exp06/ppa/baseline/cp_fetch_input.v:204$63$\v[63:0]$276
   344/553: $1$func$\read64$results/exp06/ppa/baseline/cp_fetch_input.v:204$63$\off[31:0]$275
   345/553: $1$func$\read64$results/exp06/ppa/baseline/cp_fetch_input.v:204$63$\read64[63:0]$274
   346/553: $1$func$\sv2v_cast_32_signed$results/exp06/ppa/baseline/cp_fetch_input.v:204$62$\inp[31:0]$273
   347/553: $1$func$\sv2v_cast_32_signed$results/exp06/ppa/baseline/cp_fetch_input.v:204$62$\sv2v_cast_32_signed[31:0]$272
   348/553: $1$func$\cl_byte$results/exp06/ppa/baseline/cp_fetch_input.v:56$61$\idx[31:0]$271
   349/553: $1$func$\cl_byte$results/exp06/ppa/baseline/cp_fetch_input.v:56$61$\cl_byte[7:0]$270
   350/553: $1$func$\cl_byte$results/exp06/ppa/baseline/cp_fetch_input.v:56$60$\idx[31:0]$269
   351/553: $1$func$\cl_byte$results/exp06/ppa/baseline/cp_fetch_input.v:56$60$\cl_byte[7:0]$268
   352/553: $1$func$\cl_byte$results/exp06/ppa/baseline/cp_fetch_input.v:56$59$\idx[31:0]$267
   353/553: $1$func$\cl_byte$results/exp06/ppa/baseline/cp_fetch_input.v:56$59$\cl_byte[7:0]$266
   354/553: $1$func$\cl_byte$results/exp06/ppa/baseline/cp_fetch_input.v:56$58$\idx[31:0]$265
   355/553: $1$func$\cl_byte$results/exp06/ppa/baseline/cp_fetch_input.v:56$58$\cl_byte[7:0]$264
   356/553: $1$func$\cl_byte$results/exp06/ppa/baseline/cp_fetch_input.v:56$57$\idx[31:0]$263
   357/553: $1$func$\cl_byte$results/exp06/ppa/baseline/cp_fetch_input.v:56$57$\cl_byte[7:0]$262
   358/553: $1$func$\cl_byte$results/exp06/ppa/baseline/cp_fetch_input.v:56$56$\idx[31:0]$261
   359/553: $1$func$\cl_byte$results/exp06/ppa/baseline/cp_fetch_input.v:56$56$\cl_byte[7:0]$260
   360/553: $1$func$\cl_byte$results/exp06/ppa/baseline/cp_fetch_input.v:56$55$\idx[31:0]$259
   361/553: $1$func$\cl_byte$results/exp06/ppa/baseline/cp_fetch_input.v:56$55$\cl_byte[7:0]$258
   362/553: $1$func$\cl_byte$results/exp06/ppa/baseline/cp_fetch_input.v:56$54$\idx[31:0]$257
   363/553: $1$func$\cl_byte$results/exp06/ppa/baseline/cp_fetch_input.v:56$54$\cl_byte[7:0]$256
   364/553: $1$func$\read64$results/exp06/ppa/baseline/cp_fetch_input.sv2v_autoblock_1.v:202$45$\sv2v_autoblock_1\i[31:0]$255
   365/553: $1$func$\read64$results/exp06/ppa/baseline/cp_fetch_input.v:202$45$\v[63:0]$254
   366/553: $1$func$\read64$results/exp06/ppa/baseline/cp_fetch_input.v:202$45$\off[31:0]$253
   367/553: $1$func$\read64$results/exp06/ppa/baseline/cp_fetch_input.v:202$45$\read64[63:0]$252
   368/553: $1$func$\cl_byte$results/exp06/ppa/baseline/cp_fetch_input.v:56$44$\idx[31:0]$251
   369/553: $1$func$\cl_byte$results/exp06/ppa/baseline/cp_fetch_input.v:56$44$\cl_byte[7:0]$250
   370/553: $1$func$\cl_byte$results/exp06/ppa/baseline/cp_fetch_input.v:56$43$\idx[31:0]$249
   371/553: $1$func$\cl_byte$results/exp06/ppa/baseline/cp_fetch_input.v:56$43$\cl_byte[7:0]$248
   372/553: $1$func$\cl_byte$results/exp06/ppa/baseline/cp_fetch_input.v:56$42$\idx[31:0]$247
   373/553: $1$func$\cl_byte$results/exp06/ppa/baseline/cp_fetch_input.v:56$42$\cl_byte[7:0]$246
   374/553: $1$func$\cl_byte$results/exp06/ppa/baseline/cp_fetch_input.v:56$41$\idx[31:0]$245
   375/553: $1$func$\cl_byte$results/exp06/ppa/baseline/cp_fetch_input.v:56$41$\cl_byte[7:0]$244
   376/553: $1$func$\cl_byte$results/exp06/ppa/baseline/cp_fetch_input.v:56$40$\idx[31:0]$243
   377/553: $1$func$\cl_byte$results/exp06/ppa/baseline/cp_fetch_input.v:56$40$\cl_byte[7:0]$242
   378/553: $1$func$\cl_byte$results/exp06/ppa/baseline/cp_fetch_input.v:56$39$\idx[31:0]$241
   379/553: $1$func$\cl_byte$results/exp06/ppa/baseline/cp_fetch_input.v:56$39$\cl_byte[7:0]$240
   380/553: $1$func$\cl_byte$results/exp06/ppa/baseline/cp_fetch_input.v:56$38$\idx[31:0]$239
   381/553: $1$func$\cl_byte$results/exp06/ppa/baseline/cp_fetch_input.v:56$38$\cl_byte[7:0]$238
   382/553: $1$func$\cl_byte$results/exp06/ppa/baseline/cp_fetch_input.v:56$37$\idx[31:0]$237
   383/553: $1$func$\cl_byte$results/exp06/ppa/baseline/cp_fetch_input.v:56$37$\cl_byte[7:0]$236
   384/553: $1$func$\read64$results/exp06/ppa/baseline/cp_fetch_input.sv2v_autoblock_1.v:200$28$\sv2v_autoblock_1\i[31:0]$235
   385/553: $1$func$\read64$results/exp06/ppa/baseline/cp_fetch_input.v:200$28$\v[63:0]$234
   386/553: $1$func$\read64$results/exp06/ppa/baseline/cp_fetch_input.v:200$28$\off[31:0]$233
   387/553: $1$func$\read64$results/exp06/ppa/baseline/cp_fetch_input.v:200$28$\read64[63:0]$232
   388/553: $1$func$\cl_byte$results/exp06/ppa/baseline/cp_fetch_input.v:56$27$\idx[31:0]$231
   389/553: $1$func$\cl_byte$results/exp06/ppa/baseline/cp_fetch_input.v:56$27$\cl_byte[7:0]$230
   390/553: $1$func$\cl_byte$results/exp06/ppa/baseline/cp_fetch_input.v:56$26$\idx[31:0]$229
   391/553: $1$func$\cl_byte$results/exp06/ppa/baseline/cp_fetch_input.v:56$26$\cl_byte[7:0]$228
   392/553: $1$func$\cl_byte$results/exp06/ppa/baseline/cp_fetch_input.v:56$25$\idx[31:0]$227
   393/553: $1$func$\cl_byte$results/exp06/ppa/baseline/cp_fetch_input.v:56$25$\cl_byte[7:0]$226
   394/553: $1$func$\cl_byte$results/exp06/ppa/baseline/cp_fetch_input.v:56$24$\idx[31:0]$225
   395/553: $1$func$\cl_byte$results/exp06/ppa/baseline/cp_fetch_input.v:56$24$\cl_byte[7:0]$224
   396/553: $1$func$\cl_byte$results/exp06/ppa/baseline/cp_fetch_input.v:56$23$\idx[31:0]$223
   397/553: $1$func$\cl_byte$results/exp06/ppa/baseline/cp_fetch_input.v:56$23$\cl_byte[7:0]$222
   398/553: $1$func$\cl_byte$results/exp06/ppa/baseline/cp_fetch_input.v:56$22$\idx[31:0]$221
   399/553: $1$func$\cl_byte$results/exp06/ppa/baseline/cp_fetch_input.v:56$22$\cl_byte[7:0]$220
   400/553: $1$func$\cl_byte$results/exp06/ppa/baseline/cp_fetch_input.v:56$21$\idx[31:0]$219
   401/553: $1$func$\cl_byte$results/exp06/ppa/baseline/cp_fetch_input.v:56$21$\cl_byte[7:0]$218
   402/553: $1$func$\cl_byte$results/exp06/ppa/baseline/cp_fetch_input.v:56$20$\idx[31:0]$217
   403/553: $1$func$\cl_byte$results/exp06/ppa/baseline/cp_fetch_input.v:56$20$\cl_byte[7:0]$216
   404/553: $1$func$\read64$results/exp06/ppa/baseline/cp_fetch_input.sv2v_autoblock_1.v:198$11$\sv2v_autoblock_1\i[31:0]$215
   405/553: $1$func$\read64$results/exp06/ppa/baseline/cp_fetch_input.v:198$11$\v[63:0]$214
   406/553: $1$func$\read64$results/exp06/ppa/baseline/cp_fetch_input.v:198$11$\off[31:0]$213
   407/553: $1$func$\read64$results/exp06/ppa/baseline/cp_fetch_input.v:198$11$\read64[63:0]$212
   408/553: $1$func$\sv2v_cast_32_signed$results/exp06/ppa/baseline/cp_fetch_input.v:194$10$\inp[31:0]$211
   409/553: $1$func$\sv2v_cast_32_signed$results/exp06/ppa/baseline/cp_fetch_input.v:194$10$\sv2v_cast_32_signed[31:0]$210
   410/553: $1$func$\VX_cp_pkg_cmd_size_bytes$results/exp06/ppa/baseline/cp_fetch_input.v:192$9$\base[31:0]$209
   411/553: $1$func$\VX_cp_pkg_cmd_size_bytes$results/exp06/ppa/baseline/cp_fetch_input.v:192$9$\profiled[0:0]$208
   412/553: $1$func$\VX_cp_pkg_cmd_size_bytes$results/exp06/ppa/baseline/cp_fetch_input.v:192$9$\op[7:0]$207
   413/553: $1$func$\VX_cp_pkg_cmd_size_bytes$results/exp06/ppa/baseline/cp_fetch_input.v:192$9$\VX_cp_pkg_cmd_size_bytes[31:0]$206
   414/553: $1\sv2v_autoblock_2.sz[31:0]
   415/553: $1\has_cmd[0:0]
   416/553: $1\cmd_size[6:0]
   417/553: $1\cmd[287:0]
   418/553: $1$func$\VX_cp_pkg_cmd_opcode_valid$results/exp06/ppa/baseline/cp_fetch_input.v:190$8$\VX_cp_pkg_cmd_opcode_valid[0:0]$204
   419/553: $1$func$\VX_cp_pkg_cmd_opcode_valid$results/exp06/ppa/baseline/cp_fetch_input.v:190$8$\op[7:0]$205
   420/553: $1\sv2v_autoblock_2.profiled[0:0]
   421/553: $1\sv2v_autoblock_2.op[7:0]
   422/553: $1$func$\sv2v_cast_8$results/exp06/ppa/baseline/cp_fetch_input.v:186$7$\sv2v_cast_8[7:0]$202
   423/553: $1$func$\sv2v_cast_8$results/exp06/ppa/baseline/cp_fetch_input.v:186$7$\inp[7:0]$203
   424/553: $1\sv2v_autoblock_2.hdr[31:0]
   425/553: $1$func$\read_hdr$results/exp06/ppa/baseline/cp_fetch_input.v:184$2$\read_hdr[31:0]$191
   426/553: $1$func$\cl_byte$results/exp06/ppa/baseline/cp_fetch_input.v:83$6$\idx[31:0]$201
   427/553: $1$func$\cl_byte$results/exp06/ppa/baseline/cp_fetch_input.v:83$6$\cl_byte[7:0]$200
   428/553: $1$func$\read_hdr$results/exp06/ppa/baseline/cp_fetch_input.v:184$2$\h[31:0]$193 [23:16]
   429/553: $1$func$\cl_byte$results/exp06/ppa/baseline/cp_fetch_input.v:80$5$\idx[31:0]$199
   430/553: $1$func$\cl_byte$results/exp06/ppa/baseline/cp_fetch_input.v:80$5$\cl_byte[7:0]$198
   431/553: $1$func$\read_hdr$results/exp06/ppa/baseline/cp_fetch_input.v:184$2$\h[31:0]$193 [15:8]
   432/553: $1$func$\cl_byte$results/exp06/ppa/baseline/cp_fetch_input.v:77$4$\idx[31:0]$197
   433/553: $1$func$\cl_byte$results/exp06/ppa/baseline/cp_fetch_input.v:77$4$\cl_byte[7:0]$196
   434/553: $1$func$\read_hdr$results/exp06/ppa/baseline/cp_fetch_input.v:184$2$\h[31:0]$193 [7:0]
   435/553: $1$func$\cl_byte$results/exp06/ppa/baseline/cp_fetch_input.v:74$3$\idx[31:0]$195
   436/553: $1$func$\cl_byte$results/exp06/ppa/baseline/cp_fetch_input.v:74$3$\cl_byte[7:0]$194
   437/553: $3$func$\read64$results/exp06/ppa/baseline/cp_fetch_input.v:204$63$\v[63:0]$497 [63:56]
   438/553: $1$func$\read_hdr$results/exp06/ppa/baseline/cp_fetch_input.v:184$2$\off[31:0]$192
   439/553: $0$func$\sv2v_cast_06687$results/exp06/ppa/baseline/cp_fetch_input.v:206$80$\inp[6:0]$188
   440/553: $0$func$\sv2v_cast_06687$results/exp06/ppa/baseline/cp_fetch_input.v:206$80$\sv2v_cast_06687[6:0]$187
   441/553: $0$func$\cl_byte$results/exp06/ppa/baseline/cp_fetch_input.v:56$79$\idx[31:0]$186
   442/553: $0$func$\cl_byte$results/exp06/ppa/baseline/cp_fetch_input.v:56$79$\cl_byte[7:0]$185
   443/553: $0$func$\cl_byte$results/exp06/ppa/baseline/cp_fetch_input.v:56$78$\idx[31:0]$184
   444/553: $0$func$\cl_byte$results/exp06/ppa/baseline/cp_fetch_input.v:56$78$\cl_byte[7:0]$183
   445/553: $0$func$\cl_byte$results/exp06/ppa/baseline/cp_fetch_input.v:56$77$\idx[31:0]$182
   446/553: $0$func$\cl_byte$results/exp06/ppa/baseline/cp_fetch_input.v:56$77$\cl_byte[7:0]$181
   447/553: $0$func$\cl_byte$results/exp06/ppa/baseline/cp_fetch_input.v:56$76$\idx[31:0]$180
   448/553: $0$func$\cl_byte$results/exp06/ppa/baseline/cp_fetch_input.v:56$76$\cl_byte[7:0]$179
   449/553: $0$func$\cl_byte$results/exp06/ppa/baseline/cp_fetch_input.v:56$75$\idx[31:0]$178
   450/553: $0$func$\cl_byte$results/exp06/ppa/baseline/cp_fetch_input.v:56$75$\cl_byte[7:0]$177
   451/553: $0$func$\cl_byte$results/exp06/ppa/baseline/cp_fetch_input.v:56$74$\idx[31:0]$176
   452/553: $0$func$\cl_byte$results/exp06/ppa/baseline/cp_fetch_input.v:56$74$\cl_byte[7:0]$175
   453/553: $0$func$\cl_byte$results/exp06/ppa/baseline/cp_fetch_input.v:56$73$\idx[31:0]$174
   454/553: $0$func$\cl_byte$results/exp06/ppa/baseline/cp_fetch_input.v:56$73$\cl_byte[7:0]$173
   455/553: $0$func$\cl_byte$results/exp06/ppa/baseline/cp_fetch_input.v:56$72$\idx[31:0]$172
   456/553: $0$func$\cl_byte$results/exp06/ppa/baseline/cp_fetch_input.v:56$72$\cl_byte[7:0]$171
   457/553: $0$func$\read64$results/exp06/ppa/baseline/cp_fetch_input.sv2v_autoblock_1.v:204$63$\sv2v_autoblock_1\i[31:0]$170
   458/553: $0$func$\read64$results/exp06/ppa/baseline/cp_fetch_input.v:204$63$\v[63:0]$169
   459/553: $0$func$\read64$results/exp06/ppa/baseline/cp_fetch_input.v:204$63$\off[31:0]$168
   460/553: $0$func$\read64$results/exp06/ppa/baseline/cp_fetch_input.v:204$63$\read64[63:0]$167
   461/553: $0$func$\sv2v_cast_32_signed$results/exp06/ppa/baseline/cp_fetch_input.v:204$62$\inp[31:0]$166
   462/553: $0$func$\sv2v_cast_32_signed$results/exp06/ppa/baseline/cp_fetch_input.v:204$62$\sv2v_cast_32_signed[31:0]$165
   463/553: $0$func$\cl_byte$results/exp06/ppa/baseline/cp_fetch_input.v:56$61$\idx[31:0]$164
   464/553: $0$func$\cl_byte$results/exp06/ppa/baseline/cp_fetch_input.v:56$61$\cl_byte[7:0]$163
   465/553: $0$func$\cl_byte$results/exp06/ppa/baseline/cp_fetch_input.v:56$60$\idx[31:0]$162
   466/553: $0$func$\cl_byte$results/exp06/ppa/baseline/cp_fetch_input.v:56$60$\cl_byte[7:0]$161
   467/553: $0$func$\cl_byte$results/exp06/ppa/baseline/cp_fetch_input.v:56$59$\idx[31:0]$160
   468/553: $0$func$\cl_byte$results/exp06/ppa/baseline/cp_fetch_input.v:56$59$\cl_byte[7:0]$159
   469/553: $0$func$\cl_byte$results/exp06/ppa/baseline/cp_fetch_input.v:56$58$\idx[31:0]$158
   470/553: $0$func$\cl_byte$results/exp06/ppa/baseline/cp_fetch_input.v:56$58$\cl_byte[7:0]$157
   471/553: $0$func$\cl_byte$results/exp06/ppa/baseline/cp_fetch_input.v:56$57$\idx[31:0]$156
   472/553: $0$func$\cl_byte$results/exp06/ppa/baseline/cp_fetch_input.v:56$57$\cl_byte[7:0]$155
   473/553: $0$func$\cl_byte$results/exp06/ppa/baseline/cp_fetch_input.v:56$56$\idx[31:0]$154
   474/553: $0$func$\cl_byte$results/exp06/ppa/baseline/cp_fetch_input.v:56$56$\cl_byte[7:0]$153
   475/553: $0$func$\cl_byte$results/exp06/ppa/baseline/cp_fetch_input.v:56$55$\idx[31:0]$152
   476/553: $0$func$\cl_byte$results/exp06/ppa/baseline/cp_fetch_input.v:56$55$\cl_byte[7:0]$151
   477/553: $0$func$\cl_byte$results/exp06/ppa/baseline/cp_fetch_input.v:56$54$\idx[31:0]$150
   478/553: $0$func$\cl_byte$results/exp06/ppa/baseline/cp_fetch_input.v:56$54$\cl_byte[7:0]$149
   479/553: $0$func$\read64$results/exp06/ppa/baseline/cp_fetch_input.sv2v_autoblock_1.v:202$45$\sv2v_autoblock_1\i[31:0]$148
   480/553: $0$func$\read64$results/exp06/ppa/baseline/cp_fetch_input.v:202$45$\v[63:0]$147
   481/553: $0$func$\read64$results/exp06/ppa/baseline/cp_fetch_input.v:202$45$\off[31:0]$146
   482/553: $0$func$\read64$results/exp06/ppa/baseline/cp_fetch_input.v:202$45$\read64[63:0]$145
   483/553: $0$func$\cl_byte$results/exp06/ppa/baseline/cp_fetch_input.v:56$44$\idx[31:0]$144
   484/553: $0$func$\cl_byte$results/exp06/ppa/baseline/cp_fetch_input.v:56$44$\cl_byte[7:0]$143
   485/553: $0$func$\cl_byte$results/exp06/ppa/baseline/cp_fetch_input.v:56$43$\idx[31:0]$142
   486/553: $0$func$\cl_byte$results/exp06/ppa/baseline/cp_fetch_input.v:56$43$\cl_byte[7:0]$141
   487/553: $0$func$\cl_byte$results/exp06/ppa/baseline/cp_fetch_input.v:56$42$\idx[31:0]$140
   488/553: $0$func$\cl_byte$results/exp06/ppa/baseline/cp_fetch_input.v:56$42$\cl_byte[7:0]$139
   489/553: $0$func$\cl_byte$results/exp06/ppa/baseline/cp_fetch_input.v:56$41$\idx[31:0]$138
   490/553: $0$func$\cl_byte$results/exp06/ppa/baseline/cp_fetch_input.v:56$41$\cl_byte[7:0]$137
   491/553: $0$func$\cl_byte$results/exp06/ppa/baseline/cp_fetch_input.v:56$40$\idx[31:0]$136
   492/553: $0$func$\cl_byte$results/exp06/ppa/baseline/cp_fetch_input.v:56$40$\cl_byte[7:0]$135
   493/553: $0$func$\cl_byte$results/exp06/ppa/baseline/cp_fetch_input.v:56$39$\idx[31:0]$134
   494/553: $0$func$\cl_byte$results/exp06/ppa/baseline/cp_fetch_input.v:56$39$\cl_byte[7:0]$133
   495/553: $0$func$\cl_byte$results/exp06/ppa/baseline/cp_fetch_input.v:56$38$\idx[31:0]$132
   496/553: $0$func$\cl_byte$results/exp06/ppa/baseline/cp_fetch_input.v:56$38$\cl_byte[7:0]$131
   497/553: $0$func$\cl_byte$results/exp06/ppa/baseline/cp_fetch_input.v:56$37$\idx[31:0]$130
   498/553: $0$func$\cl_byte$results/exp06/ppa/baseline/cp_fetch_input.v:56$37$\cl_byte[7:0]$129
   499/553: $0$func$\read64$results/exp06/ppa/baseline/cp_fetch_input.sv2v_autoblock_1.v:200$28$\sv2v_autoblock_1\i[31:0]$128
   500/553: $0$func$\read64$results/exp06/ppa/baseline/cp_fetch_input.v:200$28$\v[63:0]$127
   501/553: $0$func$\read64$results/exp06/ppa/baseline/cp_fetch_input.v:200$28$\off[31:0]$126
   502/553: $0$func$\read64$results/exp06/ppa/baseline/cp_fetch_input.v:200$28$\read64[63:0]$125
   503/553: $0$func$\cl_byte$results/exp06/ppa/baseline/cp_fetch_input.v:56$27$\idx[31:0]$124
   504/553: $0$func$\cl_byte$results/exp06/ppa/baseline/cp_fetch_input.v:56$27$\cl_byte[7:0]$123
   505/553: $0$func$\cl_byte$results/exp06/ppa/baseline/cp_fetch_input.v:56$26$\idx[31:0]$122
   506/553: $0$func$\cl_byte$results/exp06/ppa/baseline/cp_fetch_input.v:56$26$\cl_byte[7:0]$121
   507/553: $0$func$\cl_byte$results/exp06/ppa/baseline/cp_fetch_input.v:56$25$\idx[31:0]$120
   508/553: $0$func$\cl_byte$results/exp06/ppa/baseline/cp_fetch_input.v:56$25$\cl_byte[7:0]$119
   509/553: $0$func$\cl_byte$results/exp06/ppa/baseline/cp_fetch_input.v:56$24$\idx[31:0]$118
   510/553: $0$func$\cl_byte$results/exp06/ppa/baseline/cp_fetch_input.v:56$24$\cl_byte[7:0]$117
   511/553: $0$func$\cl_byte$results/exp06/ppa/baseline/cp_fetch_input.v:56$23$\idx[31:0]$116
   512/553: $0$func$\cl_byte$results/exp06/ppa/baseline/cp_fetch_input.v:56$23$\cl_byte[7:0]$115
   513/553: $0$func$\cl_byte$results/exp06/ppa/baseline/cp_fetch_input.v:56$22$\idx[31:0]$114
   514/553: $0$func$\cl_byte$results/exp06/ppa/baseline/cp_fetch_input.v:56$22$\cl_byte[7:0]$113
   515/553: $0$func$\cl_byte$results/exp06/ppa/baseline/cp_fetch_input.v:56$21$\idx[31:0]$112
   516/553: $0$func$\cl_byte$results/exp06/ppa/baseline/cp_fetch_input.v:56$21$\cl_byte[7:0]$111
   517/553: $0$func$\cl_byte$results/exp06/ppa/baseline/cp_fetch_input.v:56$20$\idx[31:0]$110
   518/553: $0$func$\cl_byte$results/exp06/ppa/baseline/cp_fetch_input.v:56$20$\cl_byte[7:0]$109
   519/553: $0$func$\read64$results/exp06/ppa/baseline/cp_fetch_input.sv2v_autoblock_1.v:198$11$\sv2v_autoblock_1\i[31:0]$108
   520/553: $0$func$\read64$results/exp06/ppa/baseline/cp_fetch_input.v:198$11$\v[63:0]$107
   521/553: $0$func$\read64$results/exp06/ppa/baseline/cp_fetch_input.v:198$11$\off[31:0]$106
   522/553: $0$func$\read64$results/exp06/ppa/baseline/cp_fetch_input.v:198$11$\read64[63:0]$105
   523/553: $0$func$\sv2v_cast_32_signed$results/exp06/ppa/baseline/cp_fetch_input.v:194$10$\inp[31:0]$104
   524/553: $0$func$\sv2v_cast_32_signed$results/exp06/ppa/baseline/cp_fetch_input.v:194$10$\sv2v_cast_32_signed[31:0]$103
   525/553: $0$func$\VX_cp_pkg_cmd_size_bytes$results/exp06/ppa/baseline/cp_fetch_input.v:192$9$\base[31:0]$102
   526/553: $0$func$\VX_cp_pkg_cmd_size_bytes$results/exp06/ppa/baseline/cp_fetch_input.v:192$9$\profiled[0:0]$101
   527/553: $0$func$\VX_cp_pkg_cmd_size_bytes$results/exp06/ppa/baseline/cp_fetch_input.v:192$9$\op[7:0]$100
   528/553: $0$func$\VX_cp_pkg_cmd_size_bytes$results/exp06/ppa/baseline/cp_fetch_input.v:192$9$\VX_cp_pkg_cmd_size_bytes[31:0]$99
   529/553: $0$func$\VX_cp_pkg_cmd_opcode_valid$results/exp06/ppa/baseline/cp_fetch_input.v:190$8$\op[7:0]$98
   530/553: $0$func$\VX_cp_pkg_cmd_opcode_valid$results/exp06/ppa/baseline/cp_fetch_input.v:190$8$\VX_cp_pkg_cmd_opcode_valid[0:0]$97
   531/553: $0$func$\sv2v_cast_8$results/exp06/ppa/baseline/cp_fetch_input.v:186$7$\inp[7:0]$96
   532/553: $0$func$\sv2v_cast_8$results/exp06/ppa/baseline/cp_fetch_input.v:186$7$\sv2v_cast_8[7:0]$95
   533/553: $0$func$\cl_byte$results/exp06/ppa/baseline/cp_fetch_input.v:83$6$\idx[31:0]$94
   534/553: $0$func$\cl_byte$results/exp06/ppa/baseline/cp_fetch_input.v:83$6$\cl_byte[7:0]$93
   535/553: $0$func$\cl_byte$results/exp06/ppa/baseline/cp_fetch_input.v:80$5$\idx[31:0]$92
   536/553: $0$func$\cl_byte$results/exp06/ppa/baseline/cp_fetch_input.v:80$5$\cl_byte[7:0]$91
   537/553: $0$func$\cl_byte$results/exp06/ppa/baseline/cp_fetch_input.v:77$4$\idx[31:0]$90
   538/553: $0$func$\cl_byte$results/exp06/ppa/baseline/cp_fetch_input.v:77$4$\cl_byte[7:0]$89
   539/553: $0$func$\cl_byte$results/exp06/ppa/baseline/cp_fetch_input.v:74$3$\idx[31:0]$88
   540/553: $0$func$\cl_byte$results/exp06/ppa/baseline/cp_fetch_input.v:74$3$\cl_byte[7:0]$87
   541/553: $0$func$\read_hdr$results/exp06/ppa/baseline/cp_fetch_input.v:184$2$\h[31:0]$86
   542/553: $0$func$\read_hdr$results/exp06/ppa/baseline/cp_fetch_input.v:184$2$\off[31:0]$85
   543/553: $0$func$\read_hdr$results/exp06/ppa/baseline/cp_fetch_input.v:184$2$\read_hdr[31:0]$84
   544/553: $0\sv2v_autoblock_2.sz[31:0]
   545/553: $0\sv2v_autoblock_2.profiled[0:0]
   546/553: $0\has_cmd[0:0]
   547/553: $0\sv2v_autoblock_2.op[7:0]
   548/553: $0\sv2v_autoblock_2.hdr[31:0]
   549/553: $0\cmd_size[6:0]
   550/553: $0\cmd[287:0]
   551/553: $0\sv2v_autoblock_2.off[31:0]
   552/553: $0$func$\sv2v_cast_32_signed$results/exp06/ppa/baseline/cp_fetch_input.v:172$1$\sv2v_cast_32_signed[31:0]$82
   553/553: $0$func$\sv2v_cast_32_signed$results/exp06/ppa/baseline/cp_fetch_input.v:172$1$\inp[31:0]$83

2.5.6. Executing PROC_DLATCH pass (convert process syncs to latches).
No latch inferred for signal `\VX_cp_fetch_top.\u_fetch._sv2v_0' from process `\VX_cp_fetch_top.$proc$results/exp06/ppa/baseline/cp_fetch_input.v:645$864'.
No latch inferred for signal `\VX_cp_fetch_top.\axi_if.awvalid' from process `\VX_cp_fetch_top.$proc$results/exp06/ppa/baseline/cp_fetch_input.v:600$856'.
No latch inferred for signal `\VX_cp_fetch_top.\axi_if.awaddr' from process `\VX_cp_fetch_top.$proc$results/exp06/ppa/baseline/cp_fetch_input.v:600$856'.
No latch inferred for signal `\VX_cp_fetch_top.\axi_if.awid' from process `\VX_cp_fetch_top.$proc$results/exp06/ppa/baseline/cp_fetch_input.v:600$856'.
No latch inferred for signal `\VX_cp_fetch_top.\axi_if.awlen' from process `\VX_cp_fetch_top.$proc$results/exp06/ppa/baseline/cp_fetch_input.v:600$856'.
No latch inferred for signal `\VX_cp_fetch_top.\axi_if.awsize' from process `\VX_cp_fetch_top.$proc$results/exp06/ppa/baseline/cp_fetch_input.v:600$856'.
No latch inferred for signal `\VX_cp_fetch_top.\axi_if.awburst' from process `\VX_cp_fetch_top.$proc$results/exp06/ppa/baseline/cp_fetch_input.v:600$856'.
No latch inferred for signal `\VX_cp_fetch_top.\axi_if.wvalid' from process `\VX_cp_fetch_top.$proc$results/exp06/ppa/baseline/cp_fetch_input.v:600$856'.
No latch inferred for signal `\VX_cp_fetch_top.\axi_if.wdata' from process `\VX_cp_fetch_top.$proc$results/exp06/ppa/baseline/cp_fetch_input.v:600$856'.
No latch inferred for signal `\VX_cp_fetch_top.\axi_if.wstrb' from process `\VX_cp_fetch_top.$proc$results/exp06/ppa/baseline/cp_fetch_input.v:600$856'.
No latch inferred for signal `\VX_cp_fetch_top.\axi_if.wlast' from process `\VX_cp_fetch_top.$proc$results/exp06/ppa/baseline/cp_fetch_input.v:600$856'.
No latch inferred for signal `\VX_cp_fetch_top.\axi_if.bready' from process `\VX_cp_fetch_top.$proc$results/exp06/ppa/baseline/cp_fetch_input.v:600$856'.
No latch inferred for signal `\VX_cp_fetch_top.\axi_if.arvalid' from process `\VX_cp_fetch_top.$proc$results/exp06/ppa/baseline/cp_fetch_input.v:600$856'.
No latch inferred for signal `\VX_cp_fetch_top.\axi_if.araddr' from process `\VX_cp_fetch_top.$proc$results/exp06/ppa/baseline/cp_fetch_input.v:600$856'.
No latch inferred for signal `\VX_cp_fetch_top.\axi_if.arid' from process `\VX_cp_fetch_top.$proc$results/exp06/ppa/baseline/cp_fetch_input.v:600$856'.
No latch inferred for signal `\VX_cp_fetch_top.\axi_if.arlen' from process `\VX_cp_fetch_top.$proc$results/exp06/ppa/baseline/cp_fetch_input.v:600$856'.
No latch inferred for signal `\VX_cp_fetch_top.\axi_if.arsize' from process `\VX_cp_fetch_top.$proc$results/exp06/ppa/baseline/cp_fetch_input.v:600$856'.
No latch inferred for signal `\VX_cp_fetch_top.\axi_if.arburst' from process `\VX_cp_fetch_top.$proc$results/exp06/ppa/baseline/cp_fetch_input.v:600$856'.
No latch inferred for signal `\VX_cp_fetch_top.\axi_if.rready' from process `\VX_cp_fetch_top.$proc$results/exp06/ppa/baseline/cp_fetch_input.v:600$856'.
No latch inferred for signal `\VX_cp_fetch_top.\u_fetch.cmd_out_valid' from process `\VX_cp_fetch_top.$proc$results/exp06/ppa/baseline/cp_fetch_input.v:600$856'.
No latch inferred for signal `\VX_cp_fetch_top.\u_fetch.cmd_out' from process `\VX_cp_fetch_top.$proc$results/exp06/ppa/baseline/cp_fetch_input.v:600$856'.
No latch inferred for signal `\VX_cp_fetch_top.\u_fetch.state' from process `\VX_cp_fetch_top.$proc$results/exp06/ppa/baseline/cp_fetch_input.v:518$832'.
No latch inferred for signal `\VX_cp_fetch_top.$func$\sv2v_cast_842CE$results/exp06/ppa/baseline/cp_fetch_input.v:376$812$\sv2v_cast_842CE' from process `\VX_cp_fetch_top.$proc$results/exp06/ppa/baseline/cp_fetch_input.v:372$815'.
No latch inferred for signal `\VX_cp_fetch_top.$func$\sv2v_cast_842CE$results/exp06/ppa/baseline/cp_fetch_input.v:376$813$\sv2v_cast_842CE' from process `\VX_cp_fetch_top.$proc$results/exp06/ppa/baseline/cp_fetch_input.v:372$815'.
No latch inferred for signal `\VX_cp_fetch_top.$func$\sv2v_cast_842CE$results/exp06/ppa/baseline/cp_fetch_input.v:376$813$\inp' from process `\VX_cp_fetch_top.$proc$results/exp06/ppa/baseline/cp_fetch_input.v:372$815'.
No latch inferred for signal `\VX_cp_unpack.\_sv2v_0' from process `\VX_cp_unpack.$proc$results/exp06/ppa/baseline/cp_fetch_input.v:213$811'.
No latch inferred for signal `\VX_cp_unpack.\cmd' from process `\VX_cp_unpack.$proc$results/exp06/ppa/baseline/cp_fetch_input.v:161$81'.
No latch inferred for signal `\VX_cp_unpack.\cmd_size' from process `\VX_cp_unpack.$proc$results/exp06/ppa/baseline/cp_fetch_input.v:161$81'.
No latch inferred for signal `\VX_cp_unpack.\sv2v_autoblock_2.off' from process `\VX_cp_unpack.$proc$results/exp06/ppa/baseline/cp_fetch_input.v:161$81'.
No latch inferred for signal `\VX_cp_unpack.\has_cmd' from process `\VX_cp_unpack.$proc$results/exp06/ppa/baseline/cp_fetch_input.v:161$81'.
No latch inferred for signal `\VX_cp_unpack.$func$\sv2v_cast_32_signed$results/exp06/ppa/baseline/cp_fetch_input.v:172$1$\sv2v_cast_32_signed' from process `\VX_cp_unpack.$proc$results/exp06/ppa/baseline/cp_fetch_input.v:161$81'.
No latch inferred for signal `\VX_cp_unpack.$func$\sv2v_cast_32_signed$results/exp06/ppa/baseline/cp_fetch_input.v:172$1$\inp' from process `\VX_cp_unpack.$proc$results/exp06/ppa/baseline/cp_fetch_input.v:161$81'.
No latch inferred for signal `\VX_cp_unpack.$func$\read_hdr$results/exp06/ppa/baseline/cp_fetch_input.v:184$2$\read_hdr' from process `\VX_cp_unpack.$proc$results/exp06/ppa/baseline/cp_fetch_input.v:161$81'.
No latch inferred for signal `\VX_cp_unpack.$func$\read_hdr$results/exp06/ppa/baseline/cp_fetch_input.v:184$2$\off' from process `\VX_cp_unpack.$proc$results/exp06/ppa/baseline/cp_fetch_input.v:161$81'.
No latch inferred for signal `\VX_cp_unpack.$func$\read_hdr$results/exp06/ppa/baseline/cp_fetch_input.v:184$2$\h' from process `\VX_cp_unpack.$proc$results/exp06/ppa/baseline/cp_fetch_input.v:161$81'.
No latch inferred for signal `\VX_cp_unpack.$func$\cl_byte$results/exp06/ppa/baseline/cp_fetch_input.v:74$3$\cl_byte' from process `\VX_cp_unpack.$proc$results/exp06/ppa/baseline/cp_fetch_input.v:161$81'.
No latch inferred for signal `\VX_cp_unpack.$func$\cl_byte$results/exp06/ppa/baseline/cp_fetch_input.v:74$3$\idx' from process `\VX_cp_unpack.$proc$results/exp06/ppa/baseline/cp_fetch_input.v:161$81'.
No latch inferred for signal `\VX_cp_unpack.$func$\cl_byte$results/exp06/ppa/baseline/cp_fetch_input.v:77$4$\cl_byte' from process `\VX_cp_unpack.$proc$results/exp06/ppa/baseline/cp_fetch_input.v:161$81'.
No latch inferred for signal `\VX_cp_unpack.$func$\cl_byte$results/exp06/ppa/baseline/cp_fetch_input.v:77$4$\idx' from process `\VX_cp_unpack.$proc$results/exp06/ppa/baseline/cp_fetch_input.v:161$81'.
No latch inferred for signal `\VX_cp_unpack.$func$\cl_byte$results/exp06/ppa/baseline/cp_fetch_input.v:80$5$\cl_byte' from process `\VX_cp_unpack.$proc$results/exp06/ppa/baseline/cp_fetch_input.v:161$81'.
No latch inferred for signal `\VX_cp_unpack.$func$\cl_byte$results/exp06/ppa/baseline/cp_fetch_input.v:80$5$\idx' from process `\VX_cp_unpack.$proc$results/exp06/ppa/baseline/cp_fetch_input.v:161$81'.
No latch inferred for signal `\VX_cp_unpack.$func$\cl_byte$results/exp06/ppa/baseline/cp_fetch_input.v:83$6$\cl_byte' from process `\VX_cp_unpack.$proc$results/exp06/ppa/baseline/cp_fetch_input.v:161$81'.
No latch inferred for signal `\VX_cp_unpack.$func$\cl_byte$results/exp06/ppa/baseline/cp_fetch_input.v:83$6$\idx' from process `\VX_cp_unpack.$proc$results/exp06/ppa/baseline/cp_fetch_input.v:161$81'.
No latch inferred for signal `\VX_cp_unpack.$func$\sv2v_cast_8$results/exp06/ppa/baseline/cp_fetch_input.v:186$7$\sv2v_cast_8' from process `\VX_cp_unpack.$proc$results/exp06/ppa/baseline/cp_fetch_input.v:161$81'.
No latch inferred for signal `\VX_cp_unpack.$func$\sv2v_cast_8$results/exp06/ppa/baseline/cp_fetch_input.v:186$7$\inp' from process `\VX_cp_unpack.$proc$results/exp06/ppa/baseline/cp_fetch_input.v:161$81'.
No latch inferred for signal `\VX_cp_unpack.$func$\VX_cp_pkg_cmd_opcode_valid$results/exp06/ppa/baseline/cp_fetch_input.v:190$8$\VX_cp_pkg_cmd_opcode_valid' from process `\VX_cp_unpack.$proc$results/exp06/ppa/baseline/cp_fetch_input.v:161$81'.
No latch inferred for signal `\VX_cp_unpack.$func$\VX_cp_pkg_cmd_opcode_valid$results/exp06/ppa/baseline/cp_fetch_input.v:190$8$\op' from process `\VX_cp_unpack.$proc$results/exp06/ppa/baseline/cp_fetch_input.v:161$81'.
No latch inferred for signal `\VX_cp_unpack.$func$\VX_cp_pkg_cmd_size_bytes$results/exp06/ppa/baseline/cp_fetch_input.v:192$9$\VX_cp_pkg_cmd_size_bytes' from process `\VX_cp_unpack.$proc$results/exp06/ppa/baseline/cp_fetch_input.v:161$81'.
No latch inferred for signal `\VX_cp_unpack.$func$\VX_cp_pkg_cmd_size_bytes$results/exp06/ppa/baseline/cp_fetch_input.v:192$9$\op' from process `\VX_cp_unpack.$proc$results/exp06/ppa/baseline/cp_fetch_input.v:161$81'.
No latch inferred for signal `\VX_cp_unpack.$func$\VX_cp_pkg_cmd_size_bytes$results/exp06/ppa/baseline/cp_fetch_input.v:192$9$\profiled' from process `\VX_cp_unpack.$proc$results/exp06/ppa/baseline/cp_fetch_input.v:161$81'.
No latch inferred for signal `\VX_cp_unpack.$func$\VX_cp_pkg_cmd_size_bytes$results/exp06/ppa/baseline/cp_fetch_input.v:192$9$\base' from process `\VX_cp_unpack.$proc$results/exp06/ppa/baseline/cp_fetch_input.v:161$81'.
No latch inferred for signal `\VX_cp_unpack.$func$\sv2v_cast_32_signed$results/exp06/ppa/baseline/cp_fetch_input.v:194$10$\sv2v_cast_32_signed' from process `\VX_cp_unpack.$proc$results/exp06/ppa/baseline/cp_fetch_input.v:161$81'.
No latch inferred for signal `\VX_cp_unpack.$func$\sv2v_cast_32_signed$results/exp06/ppa/baseline/cp_fetch_input.v:194$10$\inp' from process `\VX_cp_unpack.$proc$results/exp06/ppa/baseline/cp_fetch_input.v:161$81'.
No latch inferred for signal `\VX_cp_unpack.$func$\read64$results/exp06/ppa/baseline/cp_fetch_input.v:198$11$\read64' from process `\VX_cp_unpack.$proc$results/exp06/ppa/baseline/cp_fetch_input.v:161$81'.
No latch inferred for signal `\VX_cp_unpack.$func$\read64$results/exp06/ppa/baseline/cp_fetch_input.v:198$11$\off' from process `\VX_cp_unpack.$proc$results/exp06/ppa/baseline/cp_fetch_input.v:161$81'.
No latch inferred for signal `\VX_cp_unpack.$func$\read64$results/exp06/ppa/baseline/cp_fetch_input.v:198$11$\v' from process `\VX_cp_unpack.$proc$results/exp06/ppa/baseline/cp_fetch_input.v:161$81'.
No latch inferred for signal `\VX_cp_unpack.$func$\cl_byte$results/exp06/ppa/baseline/cp_fetch_input.v:56$20$\cl_byte' from process `\VX_cp_unpack.$proc$results/exp06/ppa/baseline/cp_fetch_input.v:161$81'.
No latch inferred for signal `\VX_cp_unpack.$func$\cl_byte$results/exp06/ppa/baseline/cp_fetch_input.v:56$20$\idx' from process `\VX_cp_unpack.$proc$results/exp06/ppa/baseline/cp_fetch_input.v:161$81'.
No latch inferred for signal `\VX_cp_unpack.$func$\cl_byte$results/exp06/ppa/baseline/cp_fetch_input.v:56$21$\cl_byte' from process `\VX_cp_unpack.$proc$results/exp06/ppa/baseline/cp_fetch_input.v:161$81'.
No latch inferred for signal `\VX_cp_unpack.$func$\cl_byte$results/exp06/ppa/baseline/cp_fetch_input.v:56$21$\idx' from process `\VX_cp_unpack.$proc$results/exp06/ppa/baseline/cp_fetch_input.v:161$81'.
No latch inferred for signal `\VX_cp_unpack.$func$\cl_byte$results/exp06/ppa/baseline/cp_fetch_input.v:56$22$\cl_byte' from process `\VX_cp_unpack.$proc$results/exp06/ppa/baseline/cp_fetch_input.v:161$81'.
No latch inferred for signal `\VX_cp_unpack.$func$\cl_byte$results/exp06/ppa/baseline/cp_fetch_input.v:56$22$\idx' from process `\VX_cp_unpack.$proc$results/exp06/ppa/baseline/cp_fetch_input.v:161$81'.
No latch inferred for signal `\VX_cp_unpack.$func$\cl_byte$results/exp06/ppa/baseline/cp_fetch_input.v:56$23$\cl_byte' from process `\VX_cp_unpack.$proc$results/exp06/ppa/baseline/cp_fetch_input.v:161$81'.
No latch inferred for signal `\VX_cp_unpack.$func$\cl_byte$results/exp06/ppa/baseline/cp_fetch_input.v:56$23$\idx' from process `\VX_cp_unpack.$proc$results/exp06/ppa/baseline/cp_fetch_input.v:161$81'.
No latch inferred for signal `\VX_cp_unpack.$func$\cl_byte$results/exp06/ppa/baseline/cp_fetch_input.v:56$24$\cl_byte' from process `\VX_cp_unpack.$proc$results/exp06/ppa/baseline/cp_fetch_input.v:161$81'.
No latch inferred for signal `\VX_cp_unpack.$func$\cl_byte$results/exp06/ppa/baseline/cp_fetch_input.v:56$24$\idx' from process `\VX_cp_unpack.$proc$results/exp06/ppa/baseline/cp_fetch_input.v:161$81'.
No latch inferred for signal `\VX_cp_unpack.$func$\cl_byte$results/exp06/ppa/baseline/cp_fetch_input.v:56$25$\cl_byte' from process `\VX_cp_unpack.$proc$results/exp06/ppa/baseline/cp_fetch_input.v:161$81'.
No latch inferred for signal `\VX_cp_unpack.$func$\cl_byte$results/exp06/ppa/baseline/cp_fetch_input.v:56$25$\idx' from process `\VX_cp_unpack.$proc$results/exp06/ppa/baseline/cp_fetch_input.v:161$81'.
No latch inferred for signal `\VX_cp_unpack.$func$\cl_byte$results/exp06/ppa/baseline/cp_fetch_input.v:56$26$\cl_byte' from process `\VX_cp_unpack.$proc$results/exp06/ppa/baseline/cp_fetch_input.v:161$81'.
No latch inferred for signal `\VX_cp_unpack.$func$\cl_byte$results/exp06/ppa/baseline/cp_fetch_input.v:56$26$\idx' from process `\VX_cp_unpack.$proc$results/exp06/ppa/baseline/cp_fetch_input.v:161$81'.
No latch inferred for signal `\VX_cp_unpack.$func$\cl_byte$results/exp06/ppa/baseline/cp_fetch_input.v:56$27$\cl_byte' from process `\VX_cp_unpack.$proc$results/exp06/ppa/baseline/cp_fetch_input.v:161$81'.
No latch inferred for signal `\VX_cp_unpack.$func$\cl_byte$results/exp06/ppa/baseline/cp_fetch_input.v:56$27$\idx' from process `\VX_cp_unpack.$proc$results/exp06/ppa/baseline/cp_fetch_input.v:161$81'.
No latch inferred for signal `\VX_cp_unpack.$func$\read64$results/exp06/ppa/baseline/cp_fetch_input.v:200$28$\read64' from process `\VX_cp_unpack.$proc$results/exp06/ppa/baseline/cp_fetch_input.v:161$81'.
No latch inferred for signal `\VX_cp_unpack.$func$\read64$results/exp06/ppa/baseline/cp_fetch_input.v:200$28$\off' from process `\VX_cp_unpack.$proc$results/exp06/ppa/baseline/cp_fetch_input.v:161$81'.
No latch inferred for signal `\VX_cp_unpack.$func$\read64$results/exp06/ppa/baseline/cp_fetch_input.v:200$28$\v' from process `\VX_cp_unpack.$proc$results/exp06/ppa/baseline/cp_fetch_input.v:161$81'.
No latch inferred for signal `\VX_cp_unpack.$func$\cl_byte$results/exp06/ppa/baseline/cp_fetch_input.v:56$37$\cl_byte' from process `\VX_cp_unpack.$proc$results/exp06/ppa/baseline/cp_fetch_input.v:161$81'.
No latch inferred for signal `\VX_cp_unpack.$func$\cl_byte$results/exp06/ppa/baseline/cp_fetch_input.v:56$37$\idx' from process `\VX_cp_unpack.$proc$results/exp06/ppa/baseline/cp_fetch_input.v:161$81'.
No latch inferred for signal `\VX_cp_unpack.$func$\cl_byte$results/exp06/ppa/baseline/cp_fetch_input.v:56$38$\cl_byte' from process `\VX_cp_unpack.$proc$results/exp06/ppa/baseline/cp_fetch_input.v:161$81'.
No latch inferred for signal `\VX_cp_unpack.$func$\cl_byte$results/exp06/ppa/baseline/cp_fetch_input.v:56$38$\idx' from process `\VX_cp_unpack.$proc$results/exp06/ppa/baseline/cp_fetch_input.v:161$81'.
No latch inferred for signal `\VX_cp_unpack.$func$\cl_byte$results/exp06/ppa/baseline/cp_fetch_input.v:56$39$\cl_byte' from process `\VX_cp_unpack.$proc$results/exp06/ppa/baseline/cp_fetch_input.v:161$81'.
No latch inferred for signal `\VX_cp_unpack.$func$\cl_byte$results/exp06/ppa/baseline/cp_fetch_input.v:56$39$\idx' from process `\VX_cp_unpack.$proc$results/exp06/ppa/baseline/cp_fetch_input.v:161$81'.
No latch inferred for signal `\VX_cp_unpack.$func$\cl_byte$results/exp06/ppa/baseline/cp_fetch_input.v:56$40$\cl_byte' from process `\VX_cp_unpack.$proc$results/exp06/ppa/baseline/cp_fetch_input.v:161$81'.
No latch inferred for signal `\VX_cp_unpack.$func$\cl_byte$results/exp06/ppa/baseline/cp_fetch_input.v:56$40$\idx' from process `\VX_cp_unpack.$proc$results/exp06/ppa/baseline/cp_fetch_input.v:161$81'.
No latch inferred for signal `\VX_cp_unpack.$func$\cl_byte$results/exp06/ppa/baseline/cp_fetch_input.v:56$41$\cl_byte' from process `\VX_cp_unpack.$proc$results/exp06/ppa/baseline/cp_fetch_input.v:161$81'.
No latch inferred for signal `\VX_cp_unpack.$func$\cl_byte$results/exp06/ppa/baseline/cp_fetch_input.v:56$41$\idx' from process `\VX_cp_unpack.$proc$results/exp06/ppa/baseline/cp_fetch_input.v:161$81'.
No latch inferred for signal `\VX_cp_unpack.$func$\cl_byte$results/exp06/ppa/baseline/cp_fetch_input.v:56$42$\cl_byte' from process `\VX_cp_unpack.$proc$results/exp06/ppa/baseline/cp_fetch_input.v:161$81'.
No latch inferred for signal `\VX_cp_unpack.$func$\cl_byte$results/exp06/ppa/baseline/cp_fetch_input.v:56$42$\idx' from process `\VX_cp_unpack.$proc$results/exp06/ppa/baseline/cp_fetch_input.v:161$81'.
No latch inferred for signal `\VX_cp_unpack.$func$\cl_byte$results/exp06/ppa/baseline/cp_fetch_input.v:56$43$\cl_byte' from process `\VX_cp_unpack.$proc$results/exp06/ppa/baseline/cp_fetch_input.v:161$81'.
No latch inferred for signal `\VX_cp_unpack.$func$\cl_byte$results/exp06/ppa/baseline/cp_fetch_input.v:56$43$\idx' from process `\VX_cp_unpack.$proc$results/exp06/ppa/baseline/cp_fetch_input.v:161$81'.
No latch inferred for signal `\VX_cp_unpack.$func$\cl_byte$results/exp06/ppa/baseline/cp_fetch_input.v:56$44$\cl_byte' from process `\VX_cp_unpack.$proc$results/exp06/ppa/baseline/cp_fetch_input.v:161$81'.
No latch inferred for signal `\VX_cp_unpack.$func$\cl_byte$results/exp06/ppa/baseline/cp_fetch_input.v:56$44$\idx' from process `\VX_cp_unpack.$proc$results/exp06/ppa/baseline/cp_fetch_input.v:161$81'.
No latch inferred for signal `\VX_cp_unpack.$func$\read64$results/exp06/ppa/baseline/cp_fetch_input.v:202$45$\read64' from process `\VX_cp_unpack.$proc$results/exp06/ppa/baseline/cp_fetch_input.v:161$81'.
No latch inferred for signal `\VX_cp_unpack.$func$\read64$results/exp06/ppa/baseline/cp_fetch_input.v:202$45$\off' from process `\VX_cp_unpack.$proc$results/exp06/ppa/baseline/cp_fetch_input.v:161$81'.
No latch inferred for signal `\VX_cp_unpack.$func$\read64$results/exp06/ppa/baseline/cp_fetch_input.v:202$45$\v' from process `\VX_cp_unpack.$proc$results/exp06/ppa/baseline/cp_fetch_input.v:161$81'.
No latch inferred for signal `\VX_cp_unpack.$func$\cl_byte$results/exp06/ppa/baseline/cp_fetch_input.v:56$54$\cl_byte' from process `\VX_cp_unpack.$proc$results/exp06/ppa/baseline/cp_fetch_input.v:161$81'.
No latch inferred for signal `\VX_cp_unpack.$func$\cl_byte$results/exp06/ppa/baseline/cp_fetch_input.v:56$54$\idx' from process `\VX_cp_unpack.$proc$results/exp06/ppa/baseline/cp_fetch_input.v:161$81'.
No latch inferred for signal `\VX_cp_unpack.$func$\cl_byte$results/exp06/ppa/baseline/cp_fetch_input.v:56$55$\cl_byte' from process `\VX_cp_unpack.$proc$results/exp06/ppa/baseline/cp_fetch_input.v:161$81'.
No latch inferred for signal `\VX_cp_unpack.$func$\cl_byte$results/exp06/ppa/baseline/cp_fetch_input.v:56$55$\idx' from process `\VX_cp_unpack.$proc$results/exp06/ppa/baseline/cp_fetch_input.v:161$81'.
No latch inferred for signal `\VX_cp_unpack.$func$\cl_byte$results/exp06/ppa/baseline/cp_fetch_input.v:56$56$\cl_byte' from process `\VX_cp_unpack.$proc$results/exp06/ppa/baseline/cp_fetch_input.v:161$81'.
No latch inferred for signal `\VX_cp_unpack.$func$\cl_byte$results/exp06/ppa/baseline/cp_fetch_input.v:56$56$\idx' from process `\VX_cp_unpack.$proc$results/exp06/ppa/baseline/cp_fetch_input.v:161$81'.
No latch inferred for signal `\VX_cp_unpack.$func$\cl_byte$results/exp06/ppa/baseline/cp_fetch_input.v:56$57$\cl_byte' from process `\VX_cp_unpack.$proc$results/exp06/ppa/baseline/cp_fetch_input.v:161$81'.
No latch inferred for signal `\VX_cp_unpack.$func$\cl_byte$results/exp06/ppa/baseline/cp_fetch_input.v:56$57$\idx' from process `\VX_cp_unpack.$proc$results/exp06/ppa/baseline/cp_fetch_input.v:161$81'.
No latch inferred for signal `\VX_cp_unpack.$func$\cl_byte$results/exp06/ppa/baseline/cp_fetch_input.v:56$58$\cl_byte' from process `\VX_cp_unpack.$proc$results/exp06/ppa/baseline/cp_fetch_input.v:161$81'.
No latch inferred for signal `\VX_cp_unpack.$func$\cl_byte$results/exp06/ppa/baseline/cp_fetch_input.v:56$58$\idx' from process `\VX_cp_unpack.$proc$results/exp06/ppa/baseline/cp_fetch_input.v:161$81'.
No latch inferred for signal `\VX_cp_unpack.$func$\cl_byte$results/exp06/ppa/baseline/cp_fetch_input.v:56$59$\cl_byte' from process `\VX_cp_unpack.$proc$results/exp06/ppa/baseline/cp_fetch_input.v:161$81'.
No latch inferred for signal `\VX_cp_unpack.$func$\cl_byte$results/exp06/ppa/baseline/cp_fetch_input.v:56$59$\idx' from process `\VX_cp_unpack.$proc$results/exp06/ppa/baseline/cp_fetch_input.v:161$81'.
No latch inferred for signal `\VX_cp_unpack.$func$\cl_byte$results/exp06/ppa/baseline/cp_fetch_input.v:56$60$\cl_byte' from process `\VX_cp_unpack.$proc$results/exp06/ppa/baseline/cp_fetch_input.v:161$81'.
No latch inferred for signal `\VX_cp_unpack.$func$\cl_byte$results/exp06/ppa/baseline/cp_fetch_input.v:56$60$\idx' from process `\VX_cp_unpack.$proc$results/exp06/ppa/baseline/cp_fetch_input.v:161$81'.
No latch inferred for signal `\VX_cp_unpack.$func$\cl_byte$results/exp06/ppa/baseline/cp_fetch_input.v:56$61$\cl_byte' from process `\VX_cp_unpack.$proc$results/exp06/ppa/baseline/cp_fetch_input.v:161$81'.
No latch inferred for signal `\VX_cp_unpack.$func$\cl_byte$results/exp06/ppa/baseline/cp_fetch_input.v:56$61$\idx' from process `\VX_cp_unpack.$proc$results/exp06/ppa/baseline/cp_fetch_input.v:161$81'.
No latch inferred for signal `\VX_cp_unpack.$func$\sv2v_cast_32_signed$results/exp06/ppa/baseline/cp_fetch_input.v:204$62$\sv2v_cast_32_signed' from process `\VX_cp_unpack.$proc$results/exp06/ppa/baseline/cp_fetch_input.v:161$81'.
No latch inferred for signal `\VX_cp_unpack.$func$\sv2v_cast_32_signed$results/exp06/ppa/baseline/cp_fetch_input.v:204$62$\inp' from process `\VX_cp_unpack.$proc$results/exp06/ppa/baseline/cp_fetch_input.v:161$81'.
No latch inferred for signal `\VX_cp_unpack.$func$\read64$results/exp06/ppa/baseline/cp_fetch_input.v:204$63$\read64' from process `\VX_cp_unpack.$proc$results/exp06/ppa/baseline/cp_fetch_input.v:161$81'.
No latch inferred for signal `\VX_cp_unpack.$func$\read64$results/exp06/ppa/baseline/cp_fetch_input.v:204$63$\off' from process `\VX_cp_unpack.$proc$results/exp06/ppa/baseline/cp_fetch_input.v:161$81'.
No latch inferred for signal `\VX_cp_unpack.$func$\read64$results/exp06/ppa/baseline/cp_fetch_input.v:204$63$\v' from process `\VX_cp_unpack.$proc$results/exp06/ppa/baseline/cp_fetch_input.v:161$81'.
No latch inferred for signal `\VX_cp_unpack.$func$\cl_byte$results/exp06/ppa/baseline/cp_fetch_input.v:56$72$\cl_byte' from process `\VX_cp_unpack.$proc$results/exp06/ppa/baseline/cp_fetch_input.v:161$81'.
No latch inferred for signal `\VX_cp_unpack.$func$\cl_byte$results/exp06/ppa/baseline/cp_fetch_input.v:56$72$\idx' from process `\VX_cp_unpack.$proc$results/exp06/ppa/baseline/cp_fetch_input.v:161$81'.
No latch inferred for signal `\VX_cp_unpack.$func$\cl_byte$results/exp06/ppa/baseline/cp_fetch_input.v:56$73$\cl_byte' from process `\VX_cp_unpack.$proc$results/exp06/ppa/baseline/cp_fetch_input.v:161$81'.
No latch inferred for signal `\VX_cp_unpack.$func$\cl_byte$results/exp06/ppa/baseline/cp_fetch_input.v:56$73$\idx' from process `\VX_cp_unpack.$proc$results/exp06/ppa/baseline/cp_fetch_input.v:161$81'.
No latch inferred for signal `\VX_cp_unpack.$func$\cl_byte$results/exp06/ppa/baseline/cp_fetch_input.v:56$74$\cl_byte' from process `\VX_cp_unpack.$proc$results/exp06/ppa/baseline/cp_fetch_input.v:161$81'.
No latch inferred for signal `\VX_cp_unpack.$func$\cl_byte$results/exp06/ppa/baseline/cp_fetch_input.v:56$74$\idx' from process `\VX_cp_unpack.$proc$results/exp06/ppa/baseline/cp_fetch_input.v:161$81'.
No latch inferred for signal `\VX_cp_unpack.$func$\cl_byte$results/exp06/ppa/baseline/cp_fetch_input.v:56$75$\cl_byte' from process `\VX_cp_unpack.$proc$results/exp06/ppa/baseline/cp_fetch_input.v:161$81'.
No latch inferred for signal `\VX_cp_unpack.$func$\cl_byte$results/exp06/ppa/baseline/cp_fetch_input.v:56$75$\idx' from process `\VX_cp_unpack.$proc$results/exp06/ppa/baseline/cp_fetch_input.v:161$81'.
No latch inferred for signal `\VX_cp_unpack.$func$\cl_byte$results/exp06/ppa/baseline/cp_fetch_input.v:56$76$\cl_byte' from process `\VX_cp_unpack.$proc$results/exp06/ppa/baseline/cp_fetch_input.v:161$81'.
No latch inferred for signal `\VX_cp_unpack.$func$\cl_byte$results/exp06/ppa/baseline/cp_fetch_input.v:56$76$\idx' from process `\VX_cp_unpack.$proc$results/exp06/ppa/baseline/cp_fetch_input.v:161$81'.
No latch inferred for signal `\VX_cp_unpack.$func$\cl_byte$results/exp06/ppa/baseline/cp_fetch_input.v:56$77$\cl_byte' from process `\VX_cp_unpack.$proc$results/exp06/ppa/baseline/cp_fetch_input.v:161$81'.
No latch inferred for signal `\VX_cp_unpack.$func$\cl_byte$results/exp06/ppa/baseline/cp_fetch_input.v:56$77$\idx' from process `\VX_cp_unpack.$proc$results/exp06/ppa/baseline/cp_fetch_input.v:161$81'.
No latch inferred for signal `\VX_cp_unpack.$func$\cl_byte$results/exp06/ppa/baseline/cp_fetch_input.v:56$78$\cl_byte' from process `\VX_cp_unpack.$proc$results/exp06/ppa/baseline/cp_fetch_input.v:161$81'.
No latch inferred for signal `\VX_cp_unpack.$func$\cl_byte$results/exp06/ppa/baseline/cp_fetch_input.v:56$78$\idx' from process `\VX_cp_unpack.$proc$results/exp06/ppa/baseline/cp_fetch_input.v:161$81'.
No latch inferred for signal `\VX_cp_unpack.$func$\cl_byte$results/exp06/ppa/baseline/cp_fetch_input.v:56$79$\cl_byte' from process `\VX_cp_unpack.$proc$results/exp06/ppa/baseline/cp_fetch_input.v:161$81'.
No latch inferred for signal `\VX_cp_unpack.$func$\cl_byte$results/exp06/ppa/baseline/cp_fetch_input.v:56$79$\idx' from process `\VX_cp_unpack.$proc$results/exp06/ppa/baseline/cp_fetch_input.v:161$81'.
No latch inferred for signal `\VX_cp_unpack.$func$\sv2v_cast_06687$results/exp06/ppa/baseline/cp_fetch_input.v:206$80$\sv2v_cast_06687' from process `\VX_cp_unpack.$proc$results/exp06/ppa/baseline/cp_fetch_input.v:161$81'.
No latch inferred for signal `\VX_cp_unpack.$func$\sv2v_cast_06687$results/exp06/ppa/baseline/cp_fetch_input.v:206$80$\inp' from process `\VX_cp_unpack.$proc$results/exp06/ppa/baseline/cp_fetch_input.v:161$81'.
Latch inferred for signal `\VX_cp_unpack.\sv2v_autoblock_2.hdr' from process `\VX_cp_unpack.$proc$results/exp06/ppa/baseline/cp_fetch_input.v:161$81': $auto$proc_dlatch.cc:409:proc_dlatch$4180
Latch inferred for signal `\VX_cp_unpack.\sv2v_autoblock_2.op' from process `\VX_cp_unpack.$proc$results/exp06/ppa/baseline/cp_fetch_input.v:161$81': $auto$proc_dlatch.cc:409:proc_dlatch$4183
Latch inferred for signal `\VX_cp_unpack.\sv2v_autoblock_2.profiled' from process `\VX_cp_unpack.$proc$results/exp06/ppa/baseline/cp_fetch_input.v:161$81': $auto$proc_dlatch.cc:409:proc_dlatch$4186
Latch inferred for signal `\VX_cp_unpack.\sv2v_autoblock_2.sz' from process `\VX_cp_unpack.$proc$results/exp06/ppa/baseline/cp_fetch_input.v:161$81': $auto$proc_dlatch.cc:409:proc_dlatch$4209
Latch inferred for signal `\VX_cp_unpack.$func$\read64$results/exp06/ppa/baseline/cp_fetch_input.sv2v_autoblock_1.v:198$11$\sv2v_autoblock_1\i' from process `\VX_cp_unpack.$proc$results/exp06/ppa/baseline/cp_fetch_input.v:161$81': $auto$proc_dlatch.cc:409:proc_dlatch$4250
Latch inferred for signal `\VX_cp_unpack.$func$\read64$results/exp06/ppa/baseline/cp_fetch_input.sv2v_autoblock_1.v:200$28$\sv2v_autoblock_1\i' from process `\VX_cp_unpack.$proc$results/exp06/ppa/baseline/cp_fetch_input.v:161$81': $auto$proc_dlatch.cc:409:proc_dlatch$4253
Latch inferred for signal `\VX_cp_unpack.$func$\read64$results/exp06/ppa/baseline/cp_fetch_input.sv2v_autoblock_1.v:202$45$\sv2v_autoblock_1\i' from process `\VX_cp_unpack.$proc$results/exp06/ppa/baseline/cp_fetch_input.v:161$81': $auto$proc_dlatch.cc:409:proc_dlatch$4256
Latch inferred for signal `\VX_cp_unpack.$func$\read64$results/exp06/ppa/baseline/cp_fetch_input.sv2v_autoblock_1.v:204$63$\sv2v_autoblock_1\i' from process `\VX_cp_unpack.$proc$results/exp06/ppa/baseline/cp_fetch_input.v:161$81': $auto$proc_dlatch.cc:409:proc_dlatch$4259

2.5.7. Executing PROC_DFF pass (convert process syncs to FFs).
Creating register for signal `\VX_cp_fetch_top.\u_fetch.head_r' using process `\VX_cp_fetch_top.$proc$results/exp06/ppa/baseline/cp_fetch_input.v:536$835'.
  created $dff cell `$procdff$4260' with positive edge clock.
Creating register for signal `\VX_cp_fetch_top.\u_fetch.fetch_head_r' using process `\VX_cp_fetch_top.$proc$results/exp06/ppa/baseline/cp_fetch_input.v:536$835'.
  created $dff cell `$procdff$4261' with positive edge clock.
Creating register for signal `\VX_cp_fetch_top.\u_fetch.read_ptr_r' using process `\VX_cp_fetch_top.$proc$results/exp06/ppa/baseline/cp_fetch_input.v:536$835'.
  created $dff cell `$procdff$4262' with positive edge clock.
Creating register for signal `\VX_cp_fetch_top.\u_fetch.write_ptr_r' using process `\VX_cp_fetch_top.$proc$results/exp06/ppa/baseline/cp_fetch_input.v:536$835'.
  created $dff cell `$procdff$4263' with positive edge clock.
Creating register for signal `\VX_cp_fetch_top.\u_fetch.fifo_count_r' using process `\VX_cp_fetch_top.$proc$results/exp06/ppa/baseline/cp_fetch_input.v:536$835'.
  created $dff cell `$procdff$4264' with positive edge clock.
Creating register for signal `\VX_cp_fetch_top.\u_fetch.request_count_r' using process `\VX_cp_fetch_top.$proc$results/exp06/ppa/baseline/cp_fetch_input.v:536$835'.
  created $dff cell `$procdff$4265' with positive edge clock.
Creating register for signal `\VX_cp_fetch_top.\u_fetch.offset_r' using process `\VX_cp_fetch_top.$proc$results/exp06/ppa/baseline/cp_fetch_input.v:536$835'.
  created $dff cell `$procdff$4266' with positive edge clock.
Creating register for signal `\VX_cp_fetch_top.$memwr$\u_fetch.cl_fifo$results/exp06/ppa/baseline/cp_fetch_input.v:561$814_ADDR' using process `\VX_cp_fetch_top.$proc$results/exp06/ppa/baseline/cp_fetch_input.v:536$835'.
  created $dff cell `$procdff$4267' with positive edge clock.
Creating register for signal `\VX_cp_fetch_top.$memwr$\u_fetch.cl_fifo$results/exp06/ppa/baseline/cp_fetch_input.v:561$814_DATA' using process `\VX_cp_fetch_top.$proc$results/exp06/ppa/baseline/cp_fetch_input.v:536$835'.
  created $dff cell `$procdff$4268' with positive edge clock.
Creating register for signal `\VX_cp_fetch_top.$memwr$\u_fetch.cl_fifo$results/exp06/ppa/baseline/cp_fetch_input.v:561$814_EN' using process `\VX_cp_fetch_top.$proc$results/exp06/ppa/baseline/cp_fetch_input.v:536$835'.
  created $dff cell `$procdff$4269' with positive edge clock.

2.5.8. Executing PROC_CLEAN pass (remove empty switches from decision trees).
Removing empty process `VX_cp_fetch_top.$proc$results/exp06/ppa/baseline/cp_fetch_input.v:645$864'.
Removing empty process `VX_cp_fetch_top.$proc$results/exp06/ppa/baseline/cp_fetch_input.v:600$856'.
Found and cleaned up 7 empty switches in `\VX_cp_fetch_top.$proc$results/exp06/ppa/baseline/cp_fetch_input.v:536$835'.
Removing empty process `VX_cp_fetch_top.$proc$results/exp06/ppa/baseline/cp_fetch_input.v:536$835'.
Found and cleaned up 3 empty switches in `\VX_cp_fetch_top.$proc$results/exp06/ppa/baseline/cp_fetch_input.v:518$832'.
Removing empty process `VX_cp_fetch_top.$proc$results/exp06/ppa/baseline/cp_fetch_input.v:518$832'.
Removing empty process `VX_cp_fetch_top.$proc$results/exp06/ppa/baseline/cp_fetch_input.v:372$815'.
Removing empty process `VX_cp_unpack.$proc$results/exp06/ppa/baseline/cp_fetch_input.v:213$811'.
Found and cleaned up 41 empty switches in `\VX_cp_unpack.$proc$results/exp06/ppa/baseline/cp_fetch_input.v:161$81'.
Removing empty process `VX_cp_unpack.$proc$results/exp06/ppa/baseline/cp_fetch_input.v:161$81'.
Cleaned up 51 empty switches.

2.6. Executing FLATTEN pass (flatten design).
Using template VX_cp_unpack for cells of type VX_cp_unpack.
<suppressed ~1 debug messages>
No more expansions possible.
Deleting now unused module VX_cp_unpack.

2.7. Executing SYNTH pass.

2.7.1. Executing PROC pass (convert processes to netlists).

2.7.1.1. Executing PROC_CLEAN pass (remove empty switches from decision trees).
Cleaned up 0 empty switches.

2.7.1.2. Executing PROC_RMDEAD pass (remove dead branches from decision trees).
Removed a total of 0 dead cases.

2.7.1.3. Executing PROC_INIT pass (extract init attributes).

2.7.1.4. Executing PROC_ARST pass (detect async resets in processes).

2.7.1.5. Executing PROC_MUX pass (convert decision trees to multiplexers).

2.7.1.6. Executing PROC_DLATCH pass (convert process syncs to latches).

2.7.1.7. Executing PROC_DFF pass (convert process syncs to FFs).

2.7.1.8. Executing PROC_CLEAN pass (remove empty switches from decision trees).
Cleaned up 0 empty switches.

2.7.2. Executing OPT_EXPR pass (perform const folding).
Optimizing module VX_cp_fetch_top.
<suppressed ~199 debug messages>

2.7.3. Executing OPT_CLEAN pass (remove unused cells and wires).
Finding unused cells or wires in module \VX_cp_fetch_top..
Removed 907 unused cells and 2804 unused wires.
<suppressed ~960 debug messages>

2.7.4. Executing CHECK pass (checking for obvious problems).
checking module VX_cp_fetch_top..
found and reported 0 problems.

2.7.5. Executing OPT pass (performing simple optimizations).

2.7.5.1. Executing OPT_EXPR pass (perform const folding).
Optimizing module VX_cp_fetch_top.

2.7.5.2. Executing OPT_MERGE pass (detect identical cells).
Finding identical cells in module `\VX_cp_fetch_top'.
<suppressed ~135 debug messages>
Removed a total of 45 cells.

2.7.5.3. Executing OPT_MUXTREE pass (detect dead branches in mux trees).
Running muxtree optimizer on module \VX_cp_fetch_top..
  Creating internal representation of mux trees.
  Evaluating internal representation of mux trees.
  Analyzing evaluation results.
    dead port 2/2 on $mux $techmap\u_fetch.u_unpack.$procmux$1011.
    dead port 2/2 on $mux $techmap\u_fetch.u_unpack.$procmux$1013.
    dead port 2/2 on $mux $techmap\u_fetch.u_unpack.$procmux$1015.
    dead port 2/2 on $mux $techmap\u_fetch.u_unpack.$procmux$1047.
    dead port 2/2 on $mux $techmap\u_fetch.u_unpack.$procmux$1049.
    dead port 2/2 on $mux $techmap\u_fetch.u_unpack.$procmux$1051.
    dead port 2/2 on $mux $techmap\u_fetch.u_unpack.$procmux$1083.
    dead port 2/2 on $mux $techmap\u_fetch.u_unpack.$procmux$1085.
    dead port 2/2 on $mux $techmap\u_fetch.u_unpack.$procmux$1087.
    dead port 2/2 on $mux $techmap\u_fetch.u_unpack.$procmux$1119.
    dead port 2/2 on $mux $techmap\u_fetch.u_unpack.$procmux$1121.
    dead port 2/2 on $mux $techmap\u_fetch.u_unpack.$procmux$1123.
    dead port 2/2 on $mux $techmap\u_fetch.u_unpack.$procmux$1155.
    dead port 2/2 on $mux $techmap\u_fetch.u_unpack.$procmux$1157.
    dead port 2/2 on $mux $techmap\u_fetch.u_unpack.$procmux$1159.
    dead port 2/2 on $mux $techmap\u_fetch.u_unpack.$procmux$1191.
    dead port 2/2 on $mux $techmap\u_fetch.u_unpack.$procmux$1193.
    dead port 2/2 on $mux $techmap\u_fetch.u_unpack.$procmux$1195.
    dead port 2/2 on $mux $techmap\u_fetch.u_unpack.$procmux$1227.
    dead port 2/2 on $mux $techmap\u_fetch.u_unpack.$procmux$1229.
    dead port 2/2 on $mux $techmap\u_fetch.u_unpack.$procmux$1231.
    dead port 2/2 on $mux $techmap\u_fetch.u_unpack.$procmux$1263.
    dead port 2/2 on $mux $techmap\u_fetch.u_unpack.$procmux$1265.
    dead port 2/2 on $mux $techmap\u_fetch.u_unpack.$procmux$1267.
    dead port 2/2 on $mux $techmap\u_fetch.u_unpack.$procmux$1299.
    dead port 2/2 on $mux $techmap\u_fetch.u_unpack.$procmux$1301.
    dead port 2/2 on $mux $techmap\u_fetch.u_unpack.$procmux$1303.
    dead port 2/2 on $mux $techmap\u_fetch.u_unpack.$procmux$1335.
    dead port 2/2 on $mux $techmap\u_fetch.u_unpack.$procmux$1337.
    dead port 2/2 on $mux $techmap\u_fetch.u_unpack.$procmux$1339.
    dead port 2/2 on $mux $techmap\u_fetch.u_unpack.$procmux$1371.
    dead port 2/2 on $mux $techmap\u_fetch.u_unpack.$procmux$1373.
    dead port 2/2 on $mux $techmap\u_fetch.u_unpack.$procmux$1375.
    dead port 2/2 on $mux $techmap\u_fetch.u_unpack.$procmux$1407.
    dead port 2/2 on $mux $techmap\u_fetch.u_unpack.$procmux$1409.
    dead port 2/2 on $mux $techmap\u_fetch.u_unpack.$procmux$1411.
    dead port 2/2 on $mux $techmap\u_fetch.u_unpack.$procmux$1443.
    dead port 2/2 on $mux $techmap\u_fetch.u_unpack.$procmux$1445.
    dead port 2/2 on $mux $techmap\u_fetch.u_unpack.$procmux$1447.
    dead port 2/2 on $mux $techmap\u_fetch.u_unpack.$procmux$1479.
    dead port 2/2 on $mux $techmap\u_fetch.u_unpack.$procmux$1481.
    dead port 2/2 on $mux $techmap\u_fetch.u_unpack.$procmux$1483.
    dead port 2/2 on $mux $techmap\u_fetch.u_unpack.$procmux$1515.
    dead port 2/2 on $mux $techmap\u_fetch.u_unpack.$procmux$1517.
    dead port 2/2 on $mux $techmap\u_fetch.u_unpack.$procmux$1519.
    dead port 2/2 on $mux $techmap\u_fetch.u_unpack.$procmux$1551.
    dead port 2/2 on $mux $techmap\u_fetch.u_unpack.$procmux$1553.
    dead port 2/2 on $mux $techmap\u_fetch.u_unpack.$procmux$1555.
    dead port 2/2 on $mux $techmap\u_fetch.u_unpack.$procmux$1587.
    dead port 2/2 on $mux $techmap\u_fetch.u_unpack.$procmux$1589.
    dead port 2/2 on $mux $techmap\u_fetch.u_unpack.$procmux$1591.
    dead port 2/2 on $mux $techmap\u_fetch.u_unpack.$procmux$1623.
    dead port 2/2 on $mux $techmap\u_fetch.u_unpack.$procmux$1625.
    dead port 2/2 on $mux $techmap\u_fetch.u_unpack.$procmux$1627.
    dead port 2/2 on $mux $techmap\u_fetch.u_unpack.$procmux$1659.
    dead port 2/2 on $mux $techmap\u_fetch.u_unpack.$procmux$1661.
    dead port 2/2 on $mux $techmap\u_fetch.u_unpack.$procmux$1663.
    dead port 2/2 on $mux $techmap\u_fetch.u_unpack.$procmux$1695.
    dead port 2/2 on $mux $techmap\u_fetch.u_unpack.$procmux$1697.
    dead port 2/2 on $mux $techmap\u_fetch.u_unpack.$procmux$1699.
    dead port 2/2 on $mux $techmap\u_fetch.u_unpack.$procmux$1731.
    dead port 2/2 on $mux $techmap\u_fetch.u_unpack.$procmux$1733.
    dead port 2/2 on $mux $techmap\u_fetch.u_unpack.$procmux$1735.
    dead port 2/2 on $mux $techmap\u_fetch.u_unpack.$procmux$1767.
    dead port 2/2 on $mux $techmap\u_fetch.u_unpack.$procmux$1769.
    dead port 2/2 on $mux $techmap\u_fetch.u_unpack.$procmux$1771.
    dead port 2/2 on $mux $techmap\u_fetch.u_unpack.$procmux$1803.
    dead port 2/2 on $mux $techmap\u_fetch.u_unpack.$procmux$1805.
    dead port 2/2 on $mux $techmap\u_fetch.u_unpack.$procmux$1807.
    dead port 2/2 on $mux $techmap\u_fetch.u_unpack.$procmux$1839.
    dead port 2/2 on $mux $techmap\u_fetch.u_unpack.$procmux$1841.
    dead port 2/2 on $mux $techmap\u_fetch.u_unpack.$procmux$1843.
    dead port 2/2 on $mux $techmap\u_fetch.u_unpack.$procmux$1875.
    dead port 2/2 on $mux $techmap\u_fetch.u_unpack.$procmux$1877.
    dead port 2/2 on $mux $techmap\u_fetch.u_unpack.$procmux$1879.
    dead port 2/2 on $mux $techmap\u_fetch.u_unpack.$procmux$1911.
    dead port 2/2 on $mux $techmap\u_fetch.u_unpack.$procmux$1913.
    dead port 2/2 on $mux $techmap\u_fetch.u_unpack.$procmux$1915.
    dead port 2/2 on $mux $techmap\u_fetch.u_unpack.$procmux$1947.
    dead port 2/2 on $mux $techmap\u_fetch.u_unpack.$procmux$1949.
    dead port 2/2 on $mux $techmap\u_fetch.u_unpack.$procmux$1951.
    dead port 2/2 on $mux $techmap\u_fetch.u_unpack.$procmux$1983.
    dead port 2/2 on $mux $techmap\u_fetch.u_unpack.$procmux$1985.
    dead port 2/2 on $mux $techmap\u_fetch.u_unpack.$procmux$1987.
    dead port 2/2 on $mux $techmap\u_fetch.u_unpack.$procmux$2019.
    dead port 2/2 on $mux $techmap\u_fetch.u_unpack.$procmux$2021.
    dead port 2/2 on $mux $techmap\u_fetch.u_unpack.$procmux$2023.
    dead port 2/2 on $mux $techmap\u_fetch.u_unpack.$procmux$2055.
    dead port 2/2 on $mux $techmap\u_fetch.u_unpack.$procmux$2057.
    dead port 2/2 on $mux $techmap\u_fetch.u_unpack.$procmux$2059.
    dead port 2/2 on $mux $techmap\u_fetch.u_unpack.$procmux$2090.
    dead port 2/2 on $mux $techmap\u_fetch.u_unpack.$procmux$2092.
    dead port 2/2 on $mux $techmap\u_fetch.u_unpack.$procmux$2099.
    dead port 2/2 on $mux $techmap\u_fetch.u_unpack.$procmux$2101.
    dead port 2/2 on $mux $techmap\u_fetch.u_unpack.$procmux$2127.
    dead port 2/2 on $mux $techmap\u_fetch.u_unpack.$procmux$2129.
    dead port 2/2 on $mux $techmap\u_fetch.u_unpack.$procmux$2131.
    dead port 2/2 on $mux $techmap\u_fetch.u_unpack.$procmux$2399.
    dead port 2/2 on $mux $techmap\u_fetch.u_unpack.$procmux$2401.
    dead port 2/2 on $mux $techmap\u_fetch.u_unpack.$procmux$2651.
    dead port 2/2 on $mux $techmap\u_fetch.u_unpack.$procmux$2653.
    dead port 2/2 on $mux $techmap\u_fetch.u_unpack.$procmux$2903.
    dead port 2/2 on $mux $techmap\u_fetch.u_unpack.$procmux$2905.
    dead port 2/2 on $mux $techmap\u_fetch.u_unpack.$procmux$3137.
    dead port 2/2 on $mux $techmap\u_fetch.u_unpack.$procmux$3139.
    dead port 2/2 on $mux $techmap\u_fetch.u_unpack.$procmux$3155.
    dead port 2/2 on $mux $techmap\u_fetch.u_unpack.$procmux$3157.
    dead port 2/2 on $mux $techmap\u_fetch.u_unpack.$procmux$3685.
    dead port 2/2 on $mux $techmap\u_fetch.u_unpack.$procmux$3691.
    dead port 2/2 on $mux $techmap\u_fetch.u_unpack.$procmux$3697.
    dead port 2/2 on $mux $techmap\u_fetch.u_unpack.$procmux$975.
    dead port 2/2 on $mux $techmap\u_fetch.u_unpack.$procmux$977.
    dead port 2/2 on $mux $techmap\u_fetch.u_unpack.$procmux$979.
Removed 113 multiplexer ports.
<suppressed ~18 debug messages>

2.7.5.4. Executing OPT_REDUCE pass (consolidate $*mux and $reduce_* inputs).
  Optimizing cells in module \VX_cp_fetch_top.
    New input vector for $reduce_or cell $techmap\u_fetch.u_unpack.$procmux$3744_ANY: { $techmap\u_fetch.u_unpack.$procmux$3172_CMP $techmap\u_fetch.u_unpack.$procmux$3171_CMP $techmap\u_fetch.u_unpack.$procmux$3170_CMP $techmap\u_fetch.u_unpack.$procmux$3169_CMP $techmap\u_fetch.u_unpack.$procmux$3168_CMP $techmap\u_fetch.u_unpack.$procmux$3167_CMP $techmap\u_fetch.u_unpack.$procmux$3166_CMP $techmap\u_fetch.u_unpack.$procmux$3165_CMP $techmap\u_fetch.u_unpack.$procmux$3164_CMP $techmap\u_fetch.u_unpack.$procmux$3163_CMP $techmap\u_fetch.u_unpack.$eq$results/exp06/ppa/baseline/cp_fetch_input.v:190$333_Y }
    New ctrl vector for $pmux cell $techmap\u_fetch.u_unpack.$procmux$3162: { $techmap\u_fetch.u_unpack.$procmux$3171_CMP $auto$opt_reduce.cc:132:opt_mux$4275 $auto$opt_reduce.cc:132:opt_mux$4273 $auto$opt_reduce.cc:132:opt_mux$4271 }
    Consolidated identical input bits for $mux cell $procmux$865:
      Old ports: A=512'00000000000000000000000000000000000000000000000000000000000000000000000000000000000000000000000000000000000000000000000000000000000000000000000000000000000000000000000000000000000000000000000000000000000000000000000000000000000000000000000000000000000000000000000000000000000000000000000000000000000000000000000000000000000000000000000000000000000000000000000000000000000000000000000000000000000000000000000000000000000000000000000000000000000000000000000000000000000000000000000000000000000000000000000000000000, B=512'11111111111111111111111111111111111111111111111111111111111111111111111111111111111111111111111111111111111111111111111111111111111111111111111111111111111111111111111111111111111111111111111111111111111111111111111111111111111111111111111111111111111111111111111111111111111111111111111111111111111111111111111111111111111111111111111111111111111111111111111111111111111111111111111111111111111111111111111111111111111111111111111111111111111111111111111111111111111111111111111111111111111111111111111111111111, Y=$procmux$865_Y
      New ports: A=1'0, B=1'1, Y=$procmux$865_Y [0]
      New connections: $procmux$865_Y [511:1] = { $procmux$865_Y [0] $procmux$865_Y [0] $procmux$865_Y [0] $procmux$865_Y [0] $procmux$865_Y [0] $procmux$865_Y [0] $procmux$865_Y [0] $procmux$865_Y [0] $procmux$865_Y [0] $procmux$865_Y [0] $procmux$865_Y [0] $procmux$865_Y [0] $procmux$865_Y [0] $procmux$865_Y [0] $procmux$865_Y [0] $procmux$865_Y [0] $procmux$865_Y [0] $procmux$865_Y [0] $procmux$865_Y [0] $procmux$865_Y [0] $procmux$865_Y [0] $procmux$865_Y [0] $procmux$865_Y [0] $procmux$865_Y [0] $procmux$865_Y [0] $procmux$865_Y [0] $procmux$865_Y [0] $procmux$865_Y [0] $procmux$865_Y [0] $procmux$865_Y [0] $procmux$865_Y [0] $procmux$865_Y [0] $procmux$865_Y [0] $procmux$865_Y [0] $procmux$865_Y [0] $procmux$865_Y [0] $procmux$865_Y [0] $procmux$865_Y [0] $procmux$865_Y [0] $procmux$865_Y [0] $procmux$865_Y [0] $procmux$865_Y [0] $procmux$865_Y [0] $procmux$865_Y [0] $procmux$865_Y [0] $procmux$865_Y [0] $procmux$865_Y [0] $procmux$865_Y [0] $procmux$865_Y [0] $procmux$865_Y [0] $procmux$865_Y [0] $procmux$865_Y [0] $procmux$865_Y [0] $procmux$865_Y [0] $procmux$865_Y [0] $procmux$865_Y [0] $procmux$865_Y [0] $procmux$865_Y [0] $procmux$865_Y [0] $procmux$865_Y [0] $procmux$865_Y [0] $procmux$865_Y [0] $procmux$865_Y [0] $procmux$865_Y [0] $procmux$865_Y [0] $procmux$865_Y [0] $procmux$865_Y [0] $procmux$865_Y [0] $procmux$865_Y [0] $procmux$865_Y [0] $procmux$865_Y [0] $procmux$865_Y [0] $procmux$865_Y [0] $procmux$865_Y [0] $procmux$865_Y [0] $procmux$865_Y [0] $procmux$865_Y [0] $procmux$865_Y [0] $procmux$865_Y [0] $procmux$865_Y [0] $procmux$865_Y [0] $procmux$865_Y [0] $procmux$865_Y [0] $procmux$865_Y [0] $procmux$865_Y [0] $procmux$865_Y [0] $procmux$865_Y [0] $procmux$865_Y [0] $procmux$865_Y [0] $procmux$865_Y [0] $procmux$865_Y [0] $procmux$865_Y [0] $procmux$865_Y [0] $procmux$865_Y [0] $procmux$865_Y [0] $procmux$865_Y [0] $procmux$865_Y [0] $procmux$865_Y [0] $procmux$865_Y [0] $procmux$865_Y [0] $procmux$865_Y [0] $procmux$865_Y [0] $procmux$865_Y [0] $procmux$865_Y [0] $procmux$865_Y [0] $procmux$865_Y [0] $procmux$865_Y [0] $procmux$865_Y [0] $procmux$865_Y [0] $procmux$865_Y [0] $procmux$865_Y [0] $procmux$865_Y [0] $procmux$865_Y [0] $procmux$865_Y [0] $procmux$865_Y [0] $procmux$865_Y [0] $procmux$865_Y [0] $procmux$865_Y [0] $procmux$865_Y [0] $procmux$865_Y [0] $procmux$865_Y [0] $procmux$865_Y [0] $procmux$865_Y [0] $procmux$865_Y [0] $procmux$865_Y [0] $procmux$865_Y [0] $procmux$865_Y [0] $procmux$865_Y [0] $procmux$865_Y [0] $procmux$865_Y [0] $procmux$865_Y [0] $procmux$865_Y [0] $procmux$865_Y [0] $procmux$865_Y [0] $procmux$865_Y [0] $procmux$865_Y [0] $procmux$865_Y [0] $procmux$865_Y [0] $procmux$865_Y [0] $procmux$865_Y [0] $procmux$865_Y [0] $procmux$865_Y [0] $procmux$865_Y [0] $procmux$865_Y [0] $procmux$865_Y [0] $procmux$865_Y [0] $procmux$865_Y [0] $procmux$865_Y [0] $procmux$865_Y [0] $procmux$865_Y [0] $procmux$865_Y [0] $procmux$865_Y [0] $procmux$865_Y [0] $procmux$865_Y [0] $procmux$865_Y [0] $procmux$865_Y [0] $procmux$865_Y [0] $procmux$865_Y [0] $procmux$865_Y [0] $procmux$865_Y [0] $procmux$865_Y [0] $procmux$865_Y [0] $procmux$865_Y [0] $procmux$865_Y [0] $procmux$865_Y [0] $procmux$865_Y [0] $procmux$865_Y [0] $procmux$865_Y [0] $procmux$865_Y [0] $procmux$865_Y [0] $procmux$865_Y [0] $procmux$865_Y [0] $procmux$865_Y [0] $procmux$865_Y [0] $procmux$865_Y [0] $procmux$865_Y [0] $procmux$865_Y [0] $procmux$865_Y [0] $procmux$865_Y [0] $procmux$865_Y [0] $procmux$865_Y [0] $procmux$865_Y [0] $procmux$865_Y [0] $procmux$865_Y [0] $procmux$865_Y [0] $procmux$865_Y [0] $procmux$865_Y [0] $procmux$865_Y [0] $procmux$865_Y [0] $procmux$865_Y [0] $procmux$865_Y [0] $procmux$865_Y [0] $procmux$865_Y [0] $procmux$865_Y [0] $procmux$865_Y [0] $procmux$865_Y [0] $procmux$865_Y [0] $procmux$865_Y [0] $procmux$865_Y [0] $procmux$865_Y [0] $procmux$865_Y [0] $procmux$865_Y [0] $procmux$865_Y [0] $procmux$865_Y [0] $procmux$865_Y [0] $procmux$865_Y [0] $procmux$865_Y [0] $procmux$865_Y [0] $procmux$865_Y [0] $procmux$865_Y [0] $procmux$865_Y [0] $procmux$865_Y [0] $procmux$865_Y [0] $procmux$865_Y [0] $procmux$865_Y [0] $procmux$865_Y [0] $procmux$865_Y [0] $procmux$865_Y [0] $procmux$865_Y [0] $procmux$865_Y [0] $procmux$865_Y [0] $procmux$865_Y [0] $procmux$865_Y [0] $procmux$865_Y [0] $procmux$865_Y [0] $procmux$865_Y [0] $procmux$865_Y [0] $procmux$865_Y [0] $procmux$865_Y [0] $procmux$865_Y [0] $procmux$865_Y [0] $procmux$865_Y [0] $procmux$865_Y [0] $procmux$865_Y [0] $procmux$865_Y [0] $procmux$865_Y [0] $procmux$865_Y [0] $procmux$865_Y [0] $procmux$865_Y [0] $procmux$865_Y [0] $procmux$865_Y [0] $procmux$865_Y [0] $procmux$865_Y [0] $procmux$865_Y [0] $procmux$865_Y [0] $procmux$865_Y [0] $procmux$865_Y [0] $procmux$865_Y [0] $procmux$865_Y [0] $procmux$865_Y [0] $procmux$865_Y [0] $procmux$865_Y [0] $procmux$865_Y [0] $procmux$865_Y [0] $procmux$865_Y [0] $procmux$865_Y [0] $procmux$865_Y [0] $procmux$865_Y [0] $procmux$865_Y [0] $procmux$865_Y [0] $procmux$865_Y [0] $procmux$865_Y [0] $procmux$865_Y [0] $procmux$865_Y [0] $procmux$865_Y [0] $procmux$865_Y [0] $procmux$865_Y [0] $procmux$865_Y [0] $procmux$865_Y [0] $procmux$865_Y [0] $procmux$865_Y [0] $procmux$865_Y [0] $procmux$865_Y [0] $procmux$865_Y [0] $procmux$865_Y [0] $procmux$865_Y [0] $procmux$865_Y [0] $procmux$865_Y [0] $procmux$865_Y [0] $procmux$865_Y [0] $procmux$865_Y [0] $procmux$865_Y [0] $procmux$865_Y [0] $procmux$865_Y [0] $procmux$865_Y [0] $procmux$865_Y [0] $procmux$865_Y [0] $procmux$865_Y [0] $procmux$865_Y [0] $procmux$865_Y [0] $procmux$865_Y [0] $procmux$865_Y [0] $procmux$865_Y [0] $procmux$865_Y [0] $procmux$865_Y [0] $procmux$865_Y [0] $procmux$865_Y [0] $procmux$865_Y [0] $procmux$865_Y [0] $procmux$865_Y [0] $procmux$865_Y [0] $procmux$865_Y [0] $procmux$865_Y [0] $procmux$865_Y [0] $procmux$865_Y [0] $procmux$865_Y [0] $procmux$865_Y [0] $procmux$865_Y [0] $procmux$865_Y [0] $procmux$865_Y [0] $procmux$865_Y [0] $procmux$865_Y [0] $procmux$865_Y [0] $procmux$865_Y [0] $procmux$865_Y [0] $procmux$865_Y [0] $procmux$865_Y [0] $procmux$865_Y [0] $procmux$865_Y [0] $procmux$865_Y [0] $procmux$865_Y [0] $procmux$865_Y [0] $procmux$865_Y [0] $procmux$865_Y [0] $procmux$865_Y [0] $procmux$865_Y [0] $procmux$865_Y [0] $procmux$865_Y [0] $procmux$865_Y [0] $procmux$865_Y [0] $procmux$865_Y [0] $procmux$865_Y [0] $procmux$865_Y [0] $procmux$865_Y [0] $procmux$865_Y [0] $procmux$865_Y [0] $procmux$865_Y [0] $procmux$865_Y [0] $procmux$865_Y [0] $procmux$865_Y [0] $procmux$865_Y [0] $procmux$865_Y [0] $procmux$865_Y [0] $procmux$865_Y [0] $procmux$865_Y [0] $procmux$865_Y [0] $procmux$865_Y [0] $procmux$865_Y [0] $procmux$865_Y [0] $procmux$865_Y [0] $procmux$865_Y [0] $procmux$865_Y [0] $procmux$865_Y [0] $procmux$865_Y [0] $procmux$865_Y [0] $procmux$865_Y [0] $procmux$865_Y [0] $procmux$865_Y [0] $procmux$865_Y [0] $procmux$865_Y [0] $procmux$865_Y [0] $procmux$865_Y [0] $procmux$865_Y [0] $procmux$865_Y [0] $procmux$865_Y [0] $procmux$865_Y [0] $procmux$865_Y [0] $procmux$865_Y [0] $procmux$865_Y [0] $procmux$865_Y [0] $procmux$865_Y [0] $procmux$865_Y [0] $procmux$865_Y [0] $procmux$865_Y [0] $procmux$865_Y [0] $procmux$865_Y [0] $procmux$865_Y [0] $procmux$865_Y [0] $procmux$865_Y [0] $procmux$865_Y [0] $procmux$865_Y [0] $procmux$865_Y [0] $procmux$865_Y [0] $procmux$865_Y [0] $procmux$865_Y [0] $procmux$865_Y [0] $procmux$865_Y [0] $procmux$865_Y [0] $procmux$865_Y [0] $procmux$865_Y [0] $procmux$865_Y [0] $procmux$865_Y [0] $procmux$865_Y [0] $procmux$865_Y [0] $procmux$865_Y [0] $procmux$865_Y [0] $procmux$865_Y [0] $procmux$865_Y [0] $procmux$865_Y [0] $procmux$865_Y [0] $procmux$865_Y [0] $procmux$865_Y [0] $procmux$865_Y [0] $procmux$865_Y [0] $procmux$865_Y [0] $procmux$865_Y [0] $procmux$865_Y [0] $procmux$865_Y [0] $procmux$865_Y [0] $procmux$865_Y [0] $procmux$865_Y [0] $procmux$865_Y [0] $procmux$865_Y [0] $procmux$865_Y [0] $procmux$865_Y [0] $procmux$865_Y [0] $procmux$865_Y [0] $procmux$865_Y [0] $procmux$865_Y [0] $procmux$865_Y [0] $procmux$865_Y [0] $procmux$865_Y [0] $procmux$865_Y [0] $procmux$865_Y [0] $procmux$865_Y [0] $procmux$865_Y [0] $procmux$865_Y [0] $procmux$865_Y [0] $procmux$865_Y [0] $procmux$865_Y [0] $procmux$865_Y [0] $procmux$865_Y [0] $procmux$865_Y [0] $procmux$865_Y [0] $procmux$865_Y [0] $procmux$865_Y [0] $procmux$865_Y [0] $procmux$865_Y [0] $procmux$865_Y [0] $procmux$865_Y [0] $procmux$865_Y [0] $procmux$865_Y [0] $procmux$865_Y [0] $procmux$865_Y [0] $procmux$865_Y [0] $procmux$865_Y [0] $procmux$865_Y [0] $procmux$865_Y [0] $procmux$865_Y [0] $procmux$865_Y [0] $procmux$865_Y [0] $procmux$865_Y [0] $procmux$865_Y [0] $procmux$865_Y [0] $procmux$865_Y [0] $procmux$865_Y [0] $procmux$865_Y [0] $procmux$865_Y [0] $procmux$865_Y [0] $procmux$865_Y [0] $procmux$865_Y [0] $procmux$865_Y [0] $procmux$865_Y [0] $procmux$865_Y [0] $procmux$865_Y [0] $procmux$865_Y [0] $procmux$865_Y [0] $procmux$865_Y [0] $procmux$865_Y [0] $procmux$865_Y [0] $procmux$865_Y [0] $procmux$865_Y [0] $procmux$865_Y [0] $procmux$865_Y [0] $procmux$865_Y [0] $procmux$865_Y [0] $procmux$865_Y [0] $procmux$865_Y [0] $procmux$865_Y [0] $procmux$865_Y [0] $procmux$865_Y [0] $procmux$865_Y [0] $procmux$865_Y [0] $procmux$865_Y [0] $procmux$865_Y [0] $procmux$865_Y [0] $procmux$865_Y [0] $procmux$865_Y [0] $procmux$865_Y [0] $procmux$865_Y [0] $procmux$865_Y [0] $procmux$865_Y [0] $procmux$865_Y [0] $procmux$865_Y [0] $procmux$865_Y [0] $procmux$865_Y [0] $procmux$865_Y [0] $procmux$865_Y [0] $procmux$865_Y [0] $procmux$865_Y [0] $procmux$865_Y [0] $procmux$865_Y [0] $procmux$865_Y [0] $procmux$865_Y [0] $procmux$865_Y [0] $procmux$865_Y [0] $procmux$865_Y [0] $procmux$865_Y [0] $procmux$865_Y [0] $procmux$865_Y [0] $procmux$865_Y [0] }
  Optimizing cells in module \VX_cp_fetch_top.
    Consolidated identical input bits for $mux cell $procmux$868:
      Old ports: A=$procmux$865_Y, B=512'00000000000000000000000000000000000000000000000000000000000000000000000000000000000000000000000000000000000000000000000000000000000000000000000000000000000000000000000000000000000000000000000000000000000000000000000000000000000000000000000000000000000000000000000000000000000000000000000000000000000000000000000000000000000000000000000000000000000000000000000000000000000000000000000000000000000000000000000000000000000000000000000000000000000000000000000000000000000000000000000000000000000000000000000000000000, Y=$0$memwr$\u_fetch.cl_fifo$results/exp06/ppa/baseline/cp_fetch_input.v:561$814_EN[511:0]$838
      New ports: A=$procmux$865_Y [0], B=1'0, Y=$0$memwr$\u_fetch.cl_fifo$results/exp06/ppa/baseline/cp_fetch_input.v:561$814_EN[511:0]$838 [0]
      New connections: $0$memwr$\u_fetch.cl_fifo$results/exp06/ppa/baseline/cp_fetch_input.v:561$814_EN[511:0]$838 [511:1] = { $0$memwr$\u_fetch.cl_fifo$results/exp06/ppa/baseline/cp_fetch_input.v:561$814_EN[511:0]$838 [0] $0$memwr$\u_fetch.cl_fifo$results/exp06/ppa/baseline/cp_fetch_input.v:561$814_EN[511:0]$838 [0] $0$memwr$\u_fetch.cl_fifo$results/exp06/ppa/baseline/cp_fetch_input.v:561$814_EN[511:0]$838 [0] $0$memwr$\u_fetch.cl_fifo$results/exp06/ppa/baseline/cp_fetch_input.v:561$814_EN[511:0]$838 [0] $0$memwr$\u_fetch.cl_fifo$results/exp06/ppa/baseline/cp_fetch_input.v:561$814_EN[511:0]$838 [0] $0$memwr$\u_fetch.cl_fifo$results/exp06/ppa/baseline/cp_fetch_input.v:561$814_EN[511:0]$838 [0] $0$memwr$\u_fetch.cl_fifo$results/exp06/ppa/baseline/cp_fetch_input.v:561$814_EN[511:0]$838 [0] $0$memwr$\u_fetch.cl_fifo$results/exp06/ppa/baseline/cp_fetch_input.v:561$814_EN[511:0]$838 [0] $0$memwr$\u_fetch.cl_fifo$results/exp06/ppa/baseline/cp_fetch_input.v:561$814_EN[511:0]$838 [0] $0$memwr$\u_fetch.cl_fifo$results/exp06/ppa/baseline/cp_fetch_input.v:561$814_EN[511:0]$838 [0] $0$memwr$\u_fetch.cl_fifo$results/exp06/ppa/baseline/cp_fetch_input.v:561$814_EN[511:0]$838 [0] $0$memwr$\u_fetch.cl_fifo$results/exp06/ppa/baseline/cp_fetch_input.v:561$814_EN[511:0]$838 [0] $0$memwr$\u_fetch.cl_fifo$results/exp06/ppa/baseline/cp_fetch_input.v:561$814_EN[511:0]$838 [0] $0$memwr$\u_fetch.cl_fifo$results/exp06/ppa/baseline/cp_fetch_input.v:561$814_EN[511:0]$838 [0] $0$memwr$\u_fetch.cl_fifo$results/exp06/ppa/baseline/cp_fetch_input.v:561$814_EN[511:0]$838 [0] $0$memwr$\u_fetch.cl_fifo$results/exp06/ppa/baseline/cp_fetch_input.v:561$814_EN[511:0]$838 [0] $0$memwr$\u_fetch.cl_fifo$results/exp06/ppa/baseline/cp_fetch_input.v:561$814_EN[511:0]$838 [0] $0$memwr$\u_fetch.cl_fifo$results/exp06/ppa/baseline/cp_fetch_input.v:561$814_EN[511:0]$838 [0] $0$memwr$\u_fetch.cl_fifo$results/exp06/ppa/baseline/cp_fetch_input.v:561$814_EN[511:0]$838 [0] $0$memwr$\u_fetch.cl_fifo$results/exp06/ppa/baseline/cp_fetch_input.v:561$814_EN[511:0]$838 [0] $0$memwr$\u_fetch.cl_fifo$results/exp06/ppa/baseline/cp_fetch_input.v:561$814_EN[511:0]$838 [0] $0$memwr$\u_fetch.cl_fifo$results/exp06/ppa/baseline/cp_fetch_input.v:561$814_EN[511:0]$838 [0] $0$memwr$\u_fetch.cl_fifo$results/exp06/ppa/baseline/cp_fetch_input.v:561$814_EN[511:0]$838 [0] $0$memwr$\u_fetch.cl_fifo$results/exp06/ppa/baseline/cp_fetch_input.v:561$814_EN[511:0]$838 [0] $0$memwr$\u_fetch.cl_fifo$results/exp06/ppa/baseline/cp_fetch_input.v:561$814_EN[511:0]$838 [0] $0$memwr$\u_fetch.cl_fifo$results/exp06/ppa/baseline/cp_fetch_input.v:561$814_EN[511:0]$838 [0] $0$memwr$\u_fetch.cl_fifo$results/exp06/ppa/baseline/cp_fetch_input.v:561$814_EN[511:0]$838 [0] $0$memwr$\u_fetch.cl_fifo$results/exp06/ppa/baseline/cp_fetch_input.v:561$814_EN[511:0]$838 [0] $0$memwr$\u_fetch.cl_fifo$results/exp06/ppa/baseline/cp_fetch_input.v:561$814_EN[511:0]$838 [0] $0$memwr$\u_fetch.cl_fifo$results/exp06/ppa/baseline/cp_fetch_input.v:561$814_EN[511:0]$838 [0] $0$memwr$\u_fetch.cl_fifo$results/exp06/ppa/baseline/cp_fetch_input.v:561$814_EN[511:0]$838 [0] $0$memwr$\u_fetch.cl_fifo$results/exp06/ppa/baseline/cp_fetch_input.v:561$814_EN[511:0]$838 [0] $0$memwr$\u_fetch.cl_fifo$results/exp06/ppa/baseline/cp_fetch_input.v:561$814_EN[511:0]$838 [0] $0$memwr$\u_fetch.cl_fifo$results/exp06/ppa/baseline/cp_fetch_input.v:561$814_EN[511:0]$838 [0] $0$memwr$\u_fetch.cl_fifo$results/exp06/ppa/baseline/cp_fetch_input.v:561$814_EN[511:0]$838 [0] $0$memwr$\u_fetch.cl_fifo$results/exp06/ppa/baseline/cp_fetch_input.v:561$814_EN[511:0]$838 [0] $0$memwr$\u_fetch.cl_fifo$results/exp06/ppa/baseline/cp_fetch_input.v:561$814_EN[511:0]$838 [0] $0$memwr$\u_fetch.cl_fifo$results/exp06/ppa/baseline/cp_fetch_input.v:561$814_EN[511:0]$838 [0] $0$memwr$\u_fetch.cl_fifo$results/exp06/ppa/baseline/cp_fetch_input.v:561$814_EN[511:0]$838 [0] $0$memwr$\u_fetch.cl_fifo$results/exp06/ppa/baseline/cp_fetch_input.v:561$814_EN[511:0]$838 [0] $0$memwr$\u_fetch.cl_fifo$results/exp06/ppa/baseline/cp_fetch_input.v:561$814_EN[511:0]$838 [0] $0$memwr$\u_fetch.cl_fifo$results/exp06/ppa/baseline/cp_fetch_input.v:561$814_EN[511:0]$838 [0] $0$memwr$\u_fetch.cl_fifo$results/exp06/ppa/baseline/cp_fetch_input.v:561$814_EN[511:0]$838 [0] $0$memwr$\u_fetch.cl_fifo$results/exp06/ppa/baseline/cp_fetch_input.v:561$814_EN[511:0]$838 [0] $0$memwr$\u_fetch.cl_fifo$results/exp06/ppa/baseline/cp_fetch_input.v:561$814_EN[511:0]$838 [0] $0$memwr$\u_fetch.cl_fifo$results/exp06/ppa/baseline/cp_fetch_input.v:561$814_EN[511:0]$838 [0] $0$memwr$\u_fetch.cl_fifo$results/exp06/ppa/baseline/cp_fetch_input.v:561$814_EN[511:0]$838 [0] $0$memwr$\u_fetch.cl_fifo$results/exp06/ppa/baseline/cp_fetch_input.v:561$814_EN[511:0]$838 [0] $0$memwr$\u_fetch.cl_fifo$results/exp06/ppa/baseline/cp_fetch_input.v:561$814_EN[511:0]$838 [0] $0$memwr$\u_fetch.cl_fifo$results/exp06/ppa/baseline/cp_fetch_input.v:561$814_EN[511:0]$838 [0] $0$memwr$\u_fetch.cl_fifo$results/exp06/ppa/baseline/cp_fetch_input.v:561$814_EN[511:0]$838 [0] $0$memwr$\u_fetch.cl_fifo$results/exp06/ppa/baseline/cp_fetch_input.v:561$814_EN[511:0]$838 [0] $0$memwr$\u_fetch.cl_fifo$results/exp06/ppa/baseline/cp_fetch_input.v:561$814_EN[511:0]$838 [0] $0$memwr$\u_fetch.cl_fifo$results/exp06/ppa/baseline/cp_fetch_input.v:561$814_EN[511:0]$838 [0] $0$memwr$\u_fetch.cl_fifo$results/exp06/ppa/baseline/cp_fetch_input.v:561$814_EN[511:0]$838 [0] $0$memwr$\u_fetch.cl_fifo$results/exp06/ppa/baseline/cp_fetch_input.v:561$814_EN[511:0]$838 [0] $0$memwr$\u_fetch.cl_fifo$results/exp06/ppa/baseline/cp_fetch_input.v:561$814_EN[511:0]$838 [0] $0$memwr$\u_fetch.cl_fifo$results/exp06/ppa/baseline/cp_fetch_input.v:561$814_EN[511:0]$838 [0] $0$memwr$\u_fetch.cl_fifo$results/exp06/ppa/baseline/cp_fetch_input.v:561$814_EN[511:0]$838 [0] $0$memwr$\u_fetch.cl_fifo$results/exp06/ppa/baseline/cp_fetch_input.v:561$814_EN[511:0]$838 [0] $0$memwr$\u_fetch.cl_fifo$results/exp06/ppa/baseline/cp_fetch_input.v:561$814_EN[511:0]$838 [0] $0$memwr$\u_fetch.cl_fifo$results/exp06/ppa/baseline/cp_fetch_input.v:561$814_EN[511:0]$838 [0] $0$memwr$\u_fetch.cl_fifo$results/exp06/ppa/baseline/cp_fetch_input.v:561$814_EN[511:0]$838 [0] $0$memwr$\u_fetch.cl_fifo$results/exp06/ppa/baseline/cp_fetch_input.v:561$814_EN[511:0]$838 [0] $0$memwr$\u_fetch.cl_fifo$results/exp06/ppa/baseline/cp_fetch_input.v:561$814_EN[511:0]$838 [0] $0$memwr$\u_fetch.cl_fifo$results/exp06/ppa/baseline/cp_fetch_input.v:561$814_EN[511:0]$838 [0] $0$memwr$\u_fetch.cl_fifo$results/exp06/ppa/baseline/cp_fetch_input.v:561$814_EN[511:0]$838 [0] $0$memwr$\u_fetch.cl_fifo$results/exp06/ppa/baseline/cp_fetch_input.v:561$814_EN[511:0]$838 [0] $0$memwr$\u_fetch.cl_fifo$results/exp06/ppa/baseline/cp_fetch_input.v:561$814_EN[511:0]$838 [0] $0$memwr$\u_fetch.cl_fifo$results/exp06/ppa/baseline/cp_fetch_input.v:561$814_EN[511:0]$838 [0] $0$memwr$\u_fetch.cl_fifo$results/exp06/ppa/baseline/cp_fetch_input.v:561$814_EN[511:0]$838 [0] $0$memwr$\u_fetch.cl_fifo$results/exp06/ppa/baseline/cp_fetch_input.v:561$814_EN[511:0]$838 [0] $0$memwr$\u_fetch.cl_fifo$results/exp06/ppa/baseline/cp_fetch_input.v:561$814_EN[511:0]$838 [0] $0$memwr$\u_fetch.cl_fifo$results/exp06/ppa/baseline/cp_fetch_input.v:561$814_EN[511:0]$838 [0] $0$memwr$\u_fetch.cl_fifo$results/exp06/ppa/baseline/cp_fetch_input.v:561$814_EN[511:0]$838 [0] $0$memwr$\u_fetch.cl_fifo$results/exp06/ppa/baseline/cp_fetch_input.v:561$814_EN[511:0]$838 [0] $0$memwr$\u_fetch.cl_fifo$results/exp06/ppa/baseline/cp_fetch_input.v:561$814_EN[511:0]$838 [0] $0$memwr$\u_fetch.cl_fifo$results/exp06/ppa/baseline/cp_fetch_input.v:561$814_EN[511:0]$838 [0] $0$memwr$\u_fetch.cl_fifo$results/exp06/ppa/baseline/cp_fetch_input.v:561$814_EN[511:0]$838 [0] $0$memwr$\u_fetch.cl_fifo$results/exp06/ppa/baseline/cp_fetch_input.v:561$814_EN[511:0]$838 [0] $0$memwr$\u_fetch.cl_fifo$results/exp06/ppa/baseline/cp_fetch_input.v:561$814_EN[511:0]$838 [0] $0$memwr$\u_fetch.cl_fifo$results/exp06/ppa/baseline/cp_fetch_input.v:561$814_EN[511:0]$838 [0] $0$memwr$\u_fetch.cl_fifo$results/exp06/ppa/baseline/cp_fetch_input.v:561$814_EN[511:0]$838 [0] $0$memwr$\u_fetch.cl_fifo$results/exp06/ppa/baseline/cp_fetch_input.v:561$814_EN[511:0]$838 [0] $0$memwr$\u_fetch.cl_fifo$results/exp06/ppa/baseline/cp_fetch_input.v:561$814_EN[511:0]$838 [0] $0$memwr$\u_fetch.cl_fifo$results/exp06/ppa/baseline/cp_fetch_input.v:561$814_EN[511:0]$838 [0] $0$memwr$\u_fetch.cl_fifo$results/exp06/ppa/baseline/cp_fetch_input.v:561$814_EN[511:0]$838 [0] $0$memwr$\u_fetch.cl_fifo$results/exp06/ppa/baseline/cp_fetch_input.v:561$814_EN[511:0]$838 [0] $0$memwr$\u_fetch.cl_fifo$results/exp06/ppa/baseline/cp_fetch_input.v:561$814_EN[511:0]$838 [0] $0$memwr$\u_fetch.cl_fifo$results/exp06/ppa/baseline/cp_fetch_input.v:561$814_EN[511:0]$838 [0] $0$memwr$\u_fetch.cl_fifo$results/exp06/ppa/baseline/cp_fetch_input.v:561$814_EN[511:0]$838 [0] $0$memwr$\u_fetch.cl_fifo$results/exp06/ppa/baseline/cp_fetch_input.v:561$814_EN[511:0]$838 [0] $0$memwr$\u_fetch.cl_fifo$results/exp06/ppa/baseline/cp_fetch_input.v:561$814_EN[511:0]$838 [0] $0$memwr$\u_fetch.cl_fifo$results/exp06/ppa/baseline/cp_fetch_input.v:561$814_EN[511:0]$838 [0] $0$memwr$\u_fetch.cl_fifo$results/exp06/ppa/baseline/cp_fetch_input.v:561$814_EN[511:0]$838 [0] $0$memwr$\u_fetch.cl_fifo$results/exp06/ppa/baseline/cp_fetch_input.v:561$814_EN[511:0]$838 [0] $0$memwr$\u_fetch.cl_fifo$results/exp06/ppa/baseline/cp_fetch_input.v:561$814_EN[511:0]$838 [0] $0$memwr$\u_fetch.cl_fifo$results/exp06/ppa/baseline/cp_fetch_input.v:561$814_EN[511:0]$838 [0] $0$memwr$\u_fetch.cl_fifo$results/exp06/ppa/baseline/cp_fetch_input.v:561$814_EN[511:0]$838 [0] $0$memwr$\u_fetch.cl_fifo$results/exp06/ppa/baseline/cp_fetch_input.v:561$814_EN[511:0]$838 [0] $0$memwr$\u_fetch.cl_fifo$results/exp06/ppa/baseline/cp_fetch_input.v:561$814_EN[511:0]$838 [0] $0$memwr$\u_fetch.cl_fifo$results/exp06/ppa/baseline/cp_fetch_input.v:561$814_EN[511:0]$838 [0] $0$memwr$\u_fetch.cl_fifo$results/exp06/ppa/baseline/cp_fetch_input.v:561$814_EN[511:0]$838 [0] $0$memwr$\u_fetch.cl_fifo$results/exp06/ppa/baseline/cp_fetch_input.v:561$814_EN[511:0]$838 [0] $0$memwr$\u_fetch.cl_fifo$results/exp06/ppa/baseline/cp_fetch_input.v:561$814_EN[511:0]$838 [0] $0$memwr$\u_fetch.cl_fifo$results/exp06/ppa/baseline/cp_fetch_input.v:561$814_EN[511:0]$838 [0] $0$memwr$\u_fetch.cl_fifo$results/exp06/ppa/baseline/cp_fetch_input.v:561$814_EN[511:0]$838 [0] $0$memwr$\u_fetch.cl_fifo$results/exp06/ppa/baseline/cp_fetch_input.v:561$814_EN[511:0]$838 [0] $0$memwr$\u_fetch.cl_fifo$results/exp06/ppa/baseline/cp_fetch_input.v:561$814_EN[511:0]$838 [0] $0$memwr$\u_fetch.cl_fifo$results/exp06/ppa/baseline/cp_fetch_input.v:561$814_EN[511:0]$838 [0] $0$memwr$\u_fetch.cl_fifo$results/exp06/ppa/baseline/cp_fetch_input.v:561$814_EN[511:0]$838 [0] $0$memwr$\u_fetch.cl_fifo$results/exp06/ppa/baseline/cp_fetch_input.v:561$814_EN[511:0]$838 [0] $0$memwr$\u_fetch.cl_fifo$results/exp06/ppa/baseline/cp_fetch_input.v:561$814_EN[511:0]$838 [0] $0$memwr$\u_fetch.cl_fifo$results/exp06/ppa/baseline/cp_fetch_input.v:561$814_EN[511:0]$838 [0] $0$memwr$\u_fetch.cl_fifo$results/exp06/ppa/baseline/cp_fetch_input.v:561$814_EN[511:0]$838 [0] $0$memwr$\u_fetch.cl_fifo$results/exp06/ppa/baseline/cp_fetch_input.v:561$814_EN[511:0]$838 [0] $0$memwr$\u_fetch.cl_fifo$results/exp06/ppa/baseline/cp_fetch_input.v:561$814_EN[511:0]$838 [0] $0$memwr$\u_fetch.cl_fifo$results/exp06/ppa/baseline/cp_fetch_input.v:561$814_EN[511:0]$838 [0] $0$memwr$\u_fetch.cl_fifo$results/exp06/ppa/baseline/cp_fetch_input.v:561$814_EN[511:0]$838 [0] $0$memwr$\u_fetch.cl_fifo$results/exp06/ppa/baseline/cp_fetch_input.v:561$814_EN[511:0]$838 [0] $0$memwr$\u_fetch.cl_fifo$results/exp06/ppa/baseline/cp_fetch_input.v:561$814_EN[511:0]$838 [0] $0$memwr$\u_fetch.cl_fifo$results/exp06/ppa/baseline/cp_fetch_input.v:561$814_EN[511:0]$838 [0] $0$memwr$\u_fetch.cl_fifo$results/exp06/ppa/baseline/cp_fetch_input.v:561$814_EN[511:0]$838 [0] $0$memwr$\u_fetch.cl_fifo$results/exp06/ppa/baseline/cp_fetch_input.v:561$814_EN[511:0]$838 [0] $0$memwr$\u_fetch.cl_fifo$results/exp06/ppa/baseline/cp_fetch_input.v:561$814_EN[511:0]$838 [0] $0$memwr$\u_fetch.cl_fifo$results/exp06/ppa/baseline/cp_fetch_input.v:561$814_EN[511:0]$838 [0] $0$memwr$\u_fetch.cl_fifo$results/exp06/ppa/baseline/cp_fetch_input.v:561$814_EN[511:0]$838 [0] $0$memwr$\u_fetch.cl_fifo$results/exp06/ppa/baseline/cp_fetch_input.v:561$814_EN[511:0]$838 [0] $0$memwr$\u_fetch.cl_fifo$results/exp06/ppa/baseline/cp_fetch_input.v:561$814_EN[511:0]$838 [0] $0$memwr$\u_fetch.cl_fifo$results/exp06/ppa/baseline/cp_fetch_input.v:561$814_EN[511:0]$838 [0] $0$memwr$\u_fetch.cl_fifo$results/exp06/ppa/baseline/cp_fetch_input.v:561$814_EN[511:0]$838 [0] $0$memwr$\u_fetch.cl_fifo$results/exp06/ppa/baseline/cp_fetch_input.v:561$814_EN[511:0]$838 [0] $0$memwr$\u_fetch.cl_fifo$results/exp06/ppa/baseline/cp_fetch_input.v:561$814_EN[511:0]$838 [0] $0$memwr$\u_fetch.cl_fifo$results/exp06/ppa/baseline/cp_fetch_input.v:561$814_EN[511:0]$838 [0] $0$memwr$\u_fetch.cl_fifo$results/exp06/ppa/baseline/cp_fetch_input.v:561$814_EN[511:0]$838 [0] $0$memwr$\u_fetch.cl_fifo$results/exp06/ppa/baseline/cp_fetch_input.v:561$814_EN[511:0]$838 [0] $0$memwr$\u_fetch.cl_fifo$results/exp06/ppa/baseline/cp_fetch_input.v:561$814_EN[511:0]$838 [0] $0$memwr$\u_fetch.cl_fifo$results/exp06/ppa/baseline/cp_fetch_input.v:561$814_EN[511:0]$838 [0] $0$memwr$\u_fetch.cl_fifo$results/exp06/ppa/baseline/cp_fetch_input.v:561$814_EN[511:0]$838 [0] $0$memwr$\u_fetch.cl_fifo$results/exp06/ppa/baseline/cp_fetch_input.v:561$814_EN[511:0]$838 [0] $0$memwr$\u_fetch.cl_fifo$results/exp06/ppa/baseline/cp_fetch_input.v:561$814_EN[511:0]$838 [0] $0$memwr$\u_fetch.cl_fifo$results/exp06/ppa/baseline/cp_fetch_input.v:561$814_EN[511:0]$838 [0] $0$memwr$\u_fetch.cl_fifo$results/exp06/ppa/baseline/cp_fetch_input.v:561$814_EN[511:0]$838 [0] $0$memwr$\u_fetch.cl_fifo$results/exp06/ppa/baseline/cp_fetch_input.v:561$814_EN[511:0]$838 [0] $0$memwr$\u_fetch.cl_fifo$results/exp06/ppa/baseline/cp_fetch_input.v:561$814_EN[511:0]$838 [0] $0$memwr$\u_fetch.cl_fifo$results/exp06/ppa/baseline/cp_fetch_input.v:561$814_EN[511:0]$838 [0] $0$memwr$\u_fetch.cl_fifo$results/exp06/ppa/baseline/cp_fetch_input.v:561$814_EN[511:0]$838 [0] $0$memwr$\u_fetch.cl_fifo$results/exp06/ppa/baseline/cp_fetch_input.v:561$814_EN[511:0]$838 [0] $0$memwr$\u_fetch.cl_fifo$results/exp06/ppa/baseline/cp_fetch_input.v:561$814_EN[511:0]$838 [0] $0$memwr$\u_fetch.cl_fifo$results/exp06/ppa/baseline/cp_fetch_input.v:561$814_EN[511:0]$838 [0] $0$memwr$\u_fetch.cl_fifo$results/exp06/ppa/baseline/cp_fetch_input.v:561$814_EN[511:0]$838 [0] $0$memwr$\u_fetch.cl_fifo$results/exp06/ppa/baseline/cp_fetch_input.v:561$814_EN[511:0]$838 [0] $0$memwr$\u_fetch.cl_fifo$results/exp06/ppa/baseline/cp_fetch_input.v:561$814_EN[511:0]$838 [0] $0$memwr$\u_fetch.cl_fifo$results/exp06/ppa/baseline/cp_fetch_input.v:561$814_EN[511:0]$838 [0] $0$memwr$\u_fetch.cl_fifo$results/exp06/ppa/baseline/cp_fetch_input.v:561$814_EN[511:0]$838 [0] $0$memwr$\u_fetch.cl_fifo$results/exp06/ppa/baseline/cp_fetch_input.v:561$814_EN[511:0]$838 [0] $0$memwr$\u_fetch.cl_fifo$results/exp06/ppa/baseline/cp_fetch_input.v:561$814_EN[511:0]$838 [0] $0$memwr$\u_fetch.cl_fifo$results/exp06/ppa/baseline/cp_fetch_input.v:561$814_EN[511:0]$838 [0] $0$memwr$\u_fetch.cl_fifo$results/exp06/ppa/baseline/cp_fetch_input.v:561$814_EN[511:0]$838 [0] $0$memwr$\u_fetch.cl_fifo$results/exp06/ppa/baseline/cp_fetch_input.v:561$814_EN[511:0]$838 [0] $0$memwr$\u_fetch.cl_fifo$results/exp06/ppa/baseline/cp_fetch_input.v:561$814_EN[511:0]$838 [0] $0$memwr$\u_fetch.cl_fifo$results/exp06/ppa/baseline/cp_fetch_input.v:561$814_EN[511:0]$838 [0] $0$memwr$\u_fetch.cl_fifo$results/exp06/ppa/baseline/cp_fetch_input.v:561$814_EN[511:0]$838 [0] $0$memwr$\u_fetch.cl_fifo$results/exp06/ppa/baseline/cp_fetch_input.v:561$814_EN[511:0]$838 [0] $0$memwr$\u_fetch.cl_fifo$results/exp06/ppa/baseline/cp_fetch_input.v:561$814_EN[511:0]$838 [0] $0$memwr$\u_fetch.cl_fifo$results/exp06/ppa/baseline/cp_fetch_input.v:561$814_EN[511:0]$838 [0] $0$memwr$\u_fetch.cl_fifo$results/exp06/ppa/baseline/cp_fetch_input.v:561$814_EN[511:0]$838 [0] $0$memwr$\u_fetch.cl_fifo$results/exp06/ppa/baseline/cp_fetch_input.v:561$814_EN[511:0]$838 [0] $0$memwr$\u_fetch.cl_fifo$results/exp06/ppa/baseline/cp_fetch_input.v:561$814_EN[511:0]$838 [0] $0$memwr$\u_fetch.cl_fifo$results/exp06/ppa/baseline/cp_fetch_input.v:561$814_EN[511:0]$838 [0] $0$memwr$\u_fetch.cl_fifo$results/exp06/ppa/baseline/cp_fetch_input.v:561$814_EN[511:0]$838 [0] $0$memwr$\u_fetch.cl_fifo$results/exp06/ppa/baseline/cp_fetch_input.v:561$814_EN[511:0]$838 [0] $0$memwr$\u_fetch.cl_fifo$results/exp06/ppa/baseline/cp_fetch_input.v:561$814_EN[511:0]$838 [0] $0$memwr$\u_fetch.cl_fifo$results/exp06/ppa/baseline/cp_fetch_input.v:561$814_EN[511:0]$838 [0] $0$memwr$\u_fetch.cl_fifo$results/exp06/ppa/baseline/cp_fetch_input.v:561$814_EN[511:0]$838 [0] $0$memwr$\u_fetch.cl_fifo$results/exp06/ppa/baseline/cp_fetch_input.v:561$814_EN[511:0]$838 [0] $0$memwr$\u_fetch.cl_fifo$results/exp06/ppa/baseline/cp_fetch_input.v:561$814_EN[511:0]$838 [0] $0$memwr$\u_fetch.cl_fifo$results/exp06/ppa/baseline/cp_fetch_input.v:561$814_EN[511:0]$838 [0] $0$memwr$\u_fetch.cl_fifo$results/exp06/ppa/baseline/cp_fetch_input.v:561$814_EN[511:0]$838 [0] $0$memwr$\u_fetch.cl_fifo$results/exp06/ppa/baseline/cp_fetch_input.v:561$814_EN[511:0]$838 [0] $0$memwr$\u_fetch.cl_fifo$results/exp06/ppa/baseline/cp_fetch_input.v:561$814_EN[511:0]$838 [0] $0$memwr$\u_fetch.cl_fifo$results/exp06/ppa/baseline/cp_fetch_input.v:561$814_EN[511:0]$838 [0] $0$memwr$\u_fetch.cl_fifo$results/exp06/ppa/baseline/cp_fetch_input.v:561$814_EN[511:0]$838 [0] $0$memwr$\u_fetch.cl_fifo$results/exp06/ppa/baseline/cp_fetch_input.v:561$814_EN[511:0]$838 [0] $0$memwr$\u_fetch.cl_fifo$results/exp06/ppa/baseline/cp_fetch_input.v:561$814_EN[511:0]$838 [0] $0$memwr$\u_fetch.cl_fifo$results/exp06/ppa/baseline/cp_fetch_input.v:561$814_EN[511:0]$838 [0] $0$memwr$\u_fetch.cl_fifo$results/exp06/ppa/baseline/cp_fetch_input.v:561$814_EN[511:0]$838 [0] $0$memwr$\u_fetch.cl_fifo$results/exp06/ppa/baseline/cp_fetch_input.v:561$814_EN[511:0]$838 [0] $0$memwr$\u_fetch.cl_fifo$results/exp06/ppa/baseline/cp_fetch_input.v:561$814_EN[511:0]$838 [0] $0$memwr$\u_fetch.cl_fifo$results/exp06/ppa/baseline/cp_fetch_input.v:561$814_EN[511:0]$838 [0] $0$memwr$\u_fetch.cl_fifo$results/exp06/ppa/baseline/cp_fetch_input.v:561$814_EN[511:0]$838 [0] $0$memwr$\u_fetch.cl_fifo$results/exp06/ppa/baseline/cp_fetch_input.v:561$814_EN[511:0]$838 [0] $0$memwr$\u_fetch.cl_fifo$results/exp06/ppa/baseline/cp_fetch_input.v:561$814_EN[511:0]$838 [0] $0$memwr$\u_fetch.cl_fifo$results/exp06/ppa/baseline/cp_fetch_input.v:561$814_EN[511:0]$838 [0] $0$memwr$\u_fetch.cl_fifo$results/exp06/ppa/baseline/cp_fetch_input.v:561$814_EN[511:0]$838 [0] $0$memwr$\u_fetch.cl_fifo$results/exp06/ppa/baseline/cp_fetch_input.v:561$814_EN[511:0]$838 [0] $0$memwr$\u_fetch.cl_fifo$results/exp06/ppa/baseline/cp_fetch_input.v:561$814_EN[511:0]$838 [0] $0$memwr$\u_fetch.cl_fifo$results/exp06/ppa/baseline/cp_fetch_input.v:561$814_EN[511:0]$838 [0] $0$memwr$\u_fetch.cl_fifo$results/exp06/ppa/baseline/cp_fetch_input.v:561$814_EN[511:0]$838 [0] $0$memwr$\u_fetch.cl_fifo$results/exp06/ppa/baseline/cp_fetch_input.v:561$814_EN[511:0]$838 [0] $0$memwr$\u_fetch.cl_fifo$results/exp06/ppa/baseline/cp_fetch_input.v:561$814_EN[511:0]$838 [0] $0$memwr$\u_fetch.cl_fifo$results/exp06/ppa/baseline/cp_fetch_input.v:561$814_EN[511:0]$838 [0] $0$memwr$\u_fetch.cl_fifo$results/exp06/ppa/baseline/cp_fetch_input.v:561$814_EN[511:0]$838 [0] $0$memwr$\u_fetch.cl_fifo$results/exp06/ppa/baseline/cp_fetch_input.v:561$814_EN[511:0]$838 [0] $0$memwr$\u_fetch.cl_fifo$results/exp06/ppa/baseline/cp_fetch_input.v:561$814_EN[511:0]$838 [0] $0$memwr$\u_fetch.cl_fifo$results/exp06/ppa/baseline/cp_fetch_input.v:561$814_EN[511:0]$838 [0] $0$memwr$\u_fetch.cl_fifo$results/exp06/ppa/baseline/cp_fetch_input.v:561$814_EN[511:0]$838 [0] $0$memwr$\u_fetch.cl_fifo$results/exp06/ppa/baseline/cp_fetch_input.v:561$814_EN[511:0]$838 [0] $0$memwr$\u_fetch.cl_fifo$results/exp06/ppa/baseline/cp_fetch_input.v:561$814_EN[511:0]$838 [0] $0$memwr$\u_fetch.cl_fifo$results/exp06/ppa/baseline/cp_fetch_input.v:561$814_EN[511:0]$838 [0] $0$memwr$\u_fetch.cl_fifo$results/exp06/ppa/baseline/cp_fetch_input.v:561$814_EN[511:0]$838 [0] $0$memwr$\u_fetch.cl_fifo$results/exp06/ppa/baseline/cp_fetch_input.v:561$814_EN[511:0]$838 [0] $0$memwr$\u_fetch.cl_fifo$results/exp06/ppa/baseline/cp_fetch_input.v:561$814_EN[511:0]$838 [0] $0$memwr$\u_fetch.cl_fifo$results/exp06/ppa/baseline/cp_fetch_input.v:561$814_EN[511:0]$838 [0] $0$memwr$\u_fetch.cl_fifo$results/exp06/ppa/baseline/cp_fetch_input.v:561$814_EN[511:0]$838 [0] $0$memwr$\u_fetch.cl_fifo$results/exp06/ppa/baseline/cp_fetch_input.v:561$814_EN[511:0]$838 [0] $0$memwr$\u_fetch.cl_fifo$results/exp06/ppa/baseline/cp_fetch_input.v:561$814_EN[511:0]$838 [0] $0$memwr$\u_fetch.cl_fifo$results/exp06/ppa/baseline/cp_fetch_input.v:561$814_EN[511:0]$838 [0] $0$memwr$\u_fetch.cl_fifo$results/exp06/ppa/baseline/cp_fetch_input.v:561$814_EN[511:0]$838 [0] $0$memwr$\u_fetch.cl_fifo$results/exp06/ppa/baseline/cp_fetch_input.v:561$814_EN[511:0]$838 [0] $0$memwr$\u_fetch.cl_fifo$results/exp06/ppa/baseline/cp_fetch_input.v:561$814_EN[511:0]$838 [0] $0$memwr$\u_fetch.cl_fifo$results/exp06/ppa/baseline/cp_fetch_input.v:561$814_EN[511:0]$838 [0] $0$memwr$\u_fetch.cl_fifo$results/exp06/ppa/baseline/cp_fetch_input.v:561$814_EN[511:0]$838 [0] $0$memwr$\u_fetch.cl_fifo$results/exp06/ppa/baseline/cp_fetch_input.v:561$814_EN[511:0]$838 [0] $0$memwr$\u_fetch.cl_fifo$results/exp06/ppa/baseline/cp_fetch_input.v:561$814_EN[511:0]$838 [0] $0$memwr$\u_fetch.cl_fifo$results/exp06/ppa/baseline/cp_fetch_input.v:561$814_EN[511:0]$838 [0] $0$memwr$\u_fetch.cl_fifo$results/exp06/ppa/baseline/cp_fetch_input.v:561$814_EN[511:0]$838 [0] $0$memwr$\u_fetch.cl_fifo$results/exp06/ppa/baseline/cp_fetch_input.v:561$814_EN[511:0]$838 [0] $0$memwr$\u_fetch.cl_fifo$results/exp06/ppa/baseline/cp_fetch_input.v:561$814_EN[511:0]$838 [0] $0$memwr$\u_fetch.cl_fifo$results/exp06/ppa/baseline/cp_fetch_input.v:561$814_EN[511:0]$838 [0] $0$memwr$\u_fetch.cl_fifo$results/exp06/ppa/baseline/cp_fetch_input.v:561$814_EN[511:0]$838 [0] $0$memwr$\u_fetch.cl_fifo$results/exp06/ppa/baseline/cp_fetch_input.v:561$814_EN[511:0]$838 [0] $0$memwr$\u_fetch.cl_fifo$results/exp06/ppa/baseline/cp_fetch_input.v:561$814_EN[511:0]$838 [0] $0$memwr$\u_fetch.cl_fifo$results/exp06/ppa/baseline/cp_fetch_input.v:561$814_EN[511:0]$838 [0] $0$memwr$\u_fetch.cl_fifo$results/exp06/ppa/baseline/cp_fetch_input.v:561$814_EN[511:0]$838 [0] $0$memwr$\u_fetch.cl_fifo$results/exp06/ppa/baseline/cp_fetch_input.v:561$814_EN[511:0]$838 [0] $0$memwr$\u_fetch.cl_fifo$results/exp06/ppa/baseline/cp_fetch_input.v:561$814_EN[511:0]$838 [0] $0$memwr$\u_fetch.cl_fifo$results/exp06/ppa/baseline/cp_fetch_input.v:561$814_EN[511:0]$838 [0] $0$memwr$\u_fetch.cl_fifo$results/exp06/ppa/baseline/cp_fetch_input.v:561$814_EN[511:0]$838 [0] $0$memwr$\u_fetch.cl_fifo$results/exp06/ppa/baseline/cp_fetch_input.v:561$814_EN[511:0]$838 [0] $0$memwr$\u_fetch.cl_fifo$results/exp06/ppa/baseline/cp_fetch_input.v:561$814_EN[511:0]$838 [0] $0$memwr$\u_fetch.cl_fifo$results/exp06/ppa/baseline/cp_fetch_input.v:561$814_EN[511:0]$838 [0] $0$memwr$\u_fetch.cl_fifo$results/exp06/ppa/baseline/cp_fetch_input.v:561$814_EN[511:0]$838 [0] $0$memwr$\u_fetch.cl_fifo$results/exp06/ppa/baseline/cp_fetch_input.v:561$814_EN[511:0]$838 [0] $0$memwr$\u_fetch.cl_fifo$results/exp06/ppa/baseline/cp_fetch_input.v:561$814_EN[511:0]$838 [0] $0$memwr$\u_fetch.cl_fifo$results/exp06/ppa/baseline/cp_fetch_input.v:561$814_EN[511:0]$838 [0] $0$memwr$\u_fetch.cl_fifo$results/exp06/ppa/baseline/cp_fetch_input.v:561$814_EN[511:0]$838 [0] $0$memwr$\u_fetch.cl_fifo$results/exp06/ppa/baseline/cp_fetch_input.v:561$814_EN[511:0]$838 [0] $0$memwr$\u_fetch.cl_fifo$results/exp06/ppa/baseline/cp_fetch_input.v:561$814_EN[511:0]$838 [0] $0$memwr$\u_fetch.cl_fifo$results/exp06/ppa/baseline/cp_fetch_input.v:561$814_EN[511:0]$838 [0] $0$memwr$\u_fetch.cl_fifo$results/exp06/ppa/baseline/cp_fetch_input.v:561$814_EN[511:0]$838 [0] $0$memwr$\u_fetch.cl_fifo$results/exp06/ppa/baseline/cp_fetch_input.v:561$814_EN[511:0]$838 [0] $0$memwr$\u_fetch.cl_fifo$results/exp06/ppa/baseline/cp_fetch_input.v:561$814_EN[511:0]$838 [0] $0$memwr$\u_fetch.cl_fifo$results/exp06/ppa/baseline/cp_fetch_input.v:561$814_EN[511:0]$838 [0] $0$memwr$\u_fetch.cl_fifo$results/exp06/ppa/baseline/cp_fetch_input.v:561$814_EN[511:0]$838 [0] $0$memwr$\u_fetch.cl_fifo$results/exp06/ppa/baseline/cp_fetch_input.v:561$814_EN[511:0]$838 [0] $0$memwr$\u_fetch.cl_fifo$results/exp06/ppa/baseline/cp_fetch_input.v:561$814_EN[511:0]$838 [0] $0$memwr$\u_fetch.cl_fifo$results/exp06/ppa/baseline/cp_fetch_input.v:561$814_EN[511:0]$838 [0] $0$memwr$\u_fetch.cl_fifo$results/exp06/ppa/baseline/cp_fetch_input.v:561$814_EN[511:0]$838 [0] $0$memwr$\u_fetch.cl_fifo$results/exp06/ppa/baseline/cp_fetch_input.v:561$814_EN[511:0]$838 [0] $0$memwr$\u_fetch.cl_fifo$results/exp06/ppa/baseline/cp_fetch_input.v:561$814_EN[511:0]$838 [0] $0$memwr$\u_fetch.cl_fifo$results/exp06/ppa/baseline/cp_fetch_input.v:561$814_EN[511:0]$838 [0] $0$memwr$\u_fetch.cl_fifo$results/exp06/ppa/baseline/cp_fetch_input.v:561$814_EN[511:0]$838 [0] $0$memwr$\u_fetch.cl_fifo$results/exp06/ppa/baseline/cp_fetch_input.v:561$814_EN[511:0]$838 [0] $0$memwr$\u_fetch.cl_fifo$results/exp06/ppa/baseline/cp_fetch_input.v:561$814_EN[511:0]$838 [0] $0$memwr$\u_fetch.cl_fifo$results/exp06/ppa/baseline/cp_fetch_input.v:561$814_EN[511:0]$838 [0] $0$memwr$\u_fetch.cl_fifo$results/exp06/ppa/baseline/cp_fetch_input.v:561$814_EN[511:0]$838 [0] $0$memwr$\u_fetch.cl_fifo$results/exp06/ppa/baseline/cp_fetch_input.v:561$814_EN[511:0]$838 [0] $0$memwr$\u_fetch.cl_fifo$results/exp06/ppa/baseline/cp_fetch_input.v:561$814_EN[511:0]$838 [0] $0$memwr$\u_fetch.cl_fifo$results/exp06/ppa/baseline/cp_fetch_input.v:561$814_EN[511:0]$838 [0] $0$memwr$\u_fetch.cl_fifo$results/exp06/ppa/baseline/cp_fetch_input.v:561$814_EN[511:0]$838 [0] $0$memwr$\u_fetch.cl_fifo$results/exp06/ppa/baseline/cp_fetch_input.v:561$814_EN[511:0]$838 [0] $0$memwr$\u_fetch.cl_fifo$results/exp06/ppa/baseline/cp_fetch_input.v:561$814_EN[511:0]$838 [0] $0$memwr$\u_fetch.cl_fifo$results/exp06/ppa/baseline/cp_fetch_input.v:561$814_EN[511:0]$838 [0] $0$memwr$\u_fetch.cl_fifo$results/exp06/ppa/baseline/cp_fetch_input.v:561$814_EN[511:0]$838 [0] $0$memwr$\u_fetch.cl_fifo$results/exp06/ppa/baseline/cp_fetch_input.v:561$814_EN[511:0]$838 [0] $0$memwr$\u_fetch.cl_fifo$results/exp06/ppa/baseline/cp_fetch_input.v:561$814_EN[511:0]$838 [0] $0$memwr$\u_fetch.cl_fifo$results/exp06/ppa/baseline/cp_fetch_input.v:561$814_EN[511:0]$838 [0] $0$memwr$\u_fetch.cl_fifo$results/exp06/ppa/baseline/cp_fetch_input.v:561$814_EN[511:0]$838 [0] $0$memwr$\u_fetch.cl_fifo$results/exp06/ppa/baseline/cp_fetch_input.v:561$814_EN[511:0]$838 [0] $0$memwr$\u_fetch.cl_fifo$results/exp06/ppa/baseline/cp_fetch_input.v:561$814_EN[511:0]$838 [0] $0$memwr$\u_fetch.cl_fifo$results/exp06/ppa/baseline/cp_fetch_input.v:561$814_EN[511:0]$838 [0] $0$memwr$\u_fetch.cl_fifo$results/exp06/ppa/baseline/cp_fetch_input.v:561$814_EN[511:0]$838 [0] $0$memwr$\u_fetch.cl_fifo$results/exp06/ppa/baseline/cp_fetch_input.v:561$814_EN[511:0]$838 [0] $0$memwr$\u_fetch.cl_fifo$results/exp06/ppa/baseline/cp_fetch_input.v:561$814_EN[511:0]$838 [0] $0$memwr$\u_fetch.cl_fifo$results/exp06/ppa/baseline/cp_fetch_input.v:561$814_EN[511:0]$838 [0] $0$memwr$\u_fetch.cl_fifo$results/exp06/ppa/baseline/cp_fetch_input.v:561$814_EN[511:0]$838 [0] $0$memwr$\u_fetch.cl_fifo$results/exp06/ppa/baseline/cp_fetch_input.v:561$814_EN[511:0]$838 [0] $0$memwr$\u_fetch.cl_fifo$results/exp06/ppa/baseline/cp_fetch_input.v:561$814_EN[511:0]$838 [0] $0$memwr$\u_fetch.cl_fifo$results/exp06/ppa/baseline/cp_fetch_input.v:561$814_EN[511:0]$838 [0] $0$memwr$\u_fetch.cl_fifo$results/exp06/ppa/baseline/cp_fetch_input.v:561$814_EN[511:0]$838 [0] $0$memwr$\u_fetch.cl_fifo$results/exp06/ppa/baseline/cp_fetch_input.v:561$814_EN[511:0]$838 [0] $0$memwr$\u_fetch.cl_fifo$results/exp06/ppa/baseline/cp_fetch_input.v:561$814_EN[511:0]$838 [0] $0$memwr$\u_fetch.cl_fifo$results/exp06/ppa/baseline/cp_fetch_input.v:561$814_EN[511:0]$838 [0] $0$memwr$\u_fetch.cl_fifo$results/exp06/ppa/baseline/cp_fetch_input.v:561$814_EN[511:0]$838 [0] $0$memwr$\u_fetch.cl_fifo$results/exp06/ppa/baseline/cp_fetch_input.v:561$814_EN[511:0]$838 [0] $0$memwr$\u_fetch.cl_fifo$results/exp06/ppa/baseline/cp_fetch_input.v:561$814_EN[511:0]$838 [0] $0$memwr$\u_fetch.cl_fifo$results/exp06/ppa/baseline/cp_fetch_input.v:561$814_EN[511:0]$838 [0] $0$memwr$\u_fetch.cl_fifo$results/exp06/ppa/baseline/cp_fetch_input.v:561$814_EN[511:0]$838 [0] $0$memwr$\u_fetch.cl_fifo$results/exp06/ppa/baseline/cp_fetch_input.v:561$814_EN[511:0]$838 [0] $0$memwr$\u_fetch.cl_fifo$results/exp06/ppa/baseline/cp_fetch_input.v:561$814_EN[511:0]$838 [0] $0$memwr$\u_fetch.cl_fifo$results/exp06/ppa/baseline/cp_fetch_input.v:561$814_EN[511:0]$838 [0] $0$memwr$\u_fetch.cl_fifo$results/exp06/ppa/baseline/cp_fetch_input.v:561$814_EN[511:0]$838 [0] $0$memwr$\u_fetch.cl_fifo$results/exp06/ppa/baseline/cp_fetch_input.v:561$814_EN[511:0]$838 [0] $0$memwr$\u_fetch.cl_fifo$results/exp06/ppa/baseline/cp_fetch_input.v:561$814_EN[511:0]$838 [0] $0$memwr$\u_fetch.cl_fifo$results/exp06/ppa/baseline/cp_fetch_input.v:561$814_EN[511:0]$838 [0] $0$memwr$\u_fetch.cl_fifo$results/exp06/ppa/baseline/cp_fetch_input.v:561$814_EN[511:0]$838 [0] $0$memwr$\u_fetch.cl_fifo$results/exp06/ppa/baseline/cp_fetch_input.v:561$814_EN[511:0]$838 [0] $0$memwr$\u_fetch.cl_fifo$results/exp06/ppa/baseline/cp_fetch_input.v:561$814_EN[511:0]$838 [0] $0$memwr$\u_fetch.cl_fifo$results/exp06/ppa/baseline/cp_fetch_input.v:561$814_EN[511:0]$838 [0] $0$memwr$\u_fetch.cl_fifo$results/exp06/ppa/baseline/cp_fetch_input.v:561$814_EN[511:0]$838 [0] $0$memwr$\u_fetch.cl_fifo$results/exp06/ppa/baseline/cp_fetch_input.v:561$814_EN[511:0]$838 [0] $0$memwr$\u_fetch.cl_fifo$results/exp06/ppa/baseline/cp_fetch_input.v:561$814_EN[511:0]$838 [0] $0$memwr$\u_fetch.cl_fifo$results/exp06/ppa/baseline/cp_fetch_input.v:561$814_EN[511:0]$838 [0] $0$memwr$\u_fetch.cl_fifo$results/exp06/ppa/baseline/cp_fetch_input.v:561$814_EN[511:0]$838 [0] $0$memwr$\u_fetch.cl_fifo$results/exp06/ppa/baseline/cp_fetch_input.v:561$814_EN[511:0]$838 [0] $0$memwr$\u_fetch.cl_fifo$results/exp06/ppa/baseline/cp_fetch_input.v:561$814_EN[511:0]$838 [0] $0$memwr$\u_fetch.cl_fifo$results/exp06/ppa/baseline/cp_fetch_input.v:561$814_EN[511:0]$838 [0] $0$memwr$\u_fetch.cl_fifo$results/exp06/ppa/baseline/cp_fetch_input.v:561$814_EN[511:0]$838 [0] $0$memwr$\u_fetch.cl_fifo$results/exp06/ppa/baseline/cp_fetch_input.v:561$814_EN[511:0]$838 [0] $0$memwr$\u_fetch.cl_fifo$results/exp06/ppa/baseline/cp_fetch_input.v:561$814_EN[511:0]$838 [0] $0$memwr$\u_fetch.cl_fifo$results/exp06/ppa/baseline/cp_fetch_input.v:561$814_EN[511:0]$838 [0] $0$memwr$\u_fetch.cl_fifo$results/exp06/ppa/baseline/cp_fetch_input.v:561$814_EN[511:0]$838 [0] $0$memwr$\u_fetch.cl_fifo$results/exp06/ppa/baseline/cp_fetch_input.v:561$814_EN[511:0]$838 [0] $0$memwr$\u_fetch.cl_fifo$results/exp06/ppa/baseline/cp_fetch_input.v:561$814_EN[511:0]$838 [0] $0$memwr$\u_fetch.cl_fifo$results/exp06/ppa/baseline/cp_fetch_input.v:561$814_EN[511:0]$838 [0] $0$memwr$\u_fetch.cl_fifo$results/exp06/ppa/baseline/cp_fetch_input.v:561$814_EN[511:0]$838 [0] $0$memwr$\u_fetch.cl_fifo$results/exp06/ppa/baseline/cp_fetch_input.v:561$814_EN[511:0]$838 [0] $0$memwr$\u_fetch.cl_fifo$results/exp06/ppa/baseline/cp_fetch_input.v:561$814_EN[511:0]$838 [0] $0$memwr$\u_fetch.cl_fifo$results/exp06/ppa/baseline/cp_fetch_input.v:561$814_EN[511:0]$838 [0] $0$memwr$\u_fetch.cl_fifo$results/exp06/ppa/baseline/cp_fetch_input.v:561$814_EN[511:0]$838 [0] $0$memwr$\u_fetch.cl_fifo$results/exp06/ppa/baseline/cp_fetch_input.v:561$814_EN[511:0]$838 [0] $0$memwr$\u_fetch.cl_fifo$results/exp06/ppa/baseline/cp_fetch_input.v:561$814_EN[511:0]$838 [0] $0$memwr$\u_fetch.cl_fifo$results/exp06/ppa/baseline/cp_fetch_input.v:561$814_EN[511:0]$838 [0] $0$memwr$\u_fetch.cl_fifo$results/exp06/ppa/baseline/cp_fetch_input.v:561$814_EN[511:0]$838 [0] $0$memwr$\u_fetch.cl_fifo$results/exp06/ppa/baseline/cp_fetch_input.v:561$814_EN[511:0]$838 [0] $0$memwr$\u_fetch.cl_fifo$results/exp06/ppa/baseline/cp_fetch_input.v:561$814_EN[511:0]$838 [0] $0$memwr$\u_fetch.cl_fifo$results/exp06/ppa/baseline/cp_fetch_input.v:561$814_EN[511:0]$838 [0] $0$memwr$\u_fetch.cl_fifo$results/exp06/ppa/baseline/cp_fetch_input.v:561$814_EN[511:0]$838 [0] $0$memwr$\u_fetch.cl_fifo$results/exp06/ppa/baseline/cp_fetch_input.v:561$814_EN[511:0]$838 [0] $0$memwr$\u_fetch.cl_fifo$results/exp06/ppa/baseline/cp_fetch_input.v:561$814_EN[511:0]$838 [0] $0$memwr$\u_fetch.cl_fifo$results/exp06/ppa/baseline/cp_fetch_input.v:561$814_EN[511:0]$838 [0] $0$memwr$\u_fetch.cl_fifo$results/exp06/ppa/baseline/cp_fetch_input.v:561$814_EN[511:0]$838 [0] $0$memwr$\u_fetch.cl_fifo$results/exp06/ppa/baseline/cp_fetch_input.v:561$814_EN[511:0]$838 [0] $0$memwr$\u_fetch.cl_fifo$results/exp06/ppa/baseline/cp_fetch_input.v:561$814_EN[511:0]$838 [0] $0$memwr$\u_fetch.cl_fifo$results/exp06/ppa/baseline/cp_fetch_input.v:561$814_EN[511:0]$838 [0] $0$memwr$\u_fetch.cl_fifo$results/exp06/ppa/baseline/cp_fetch_input.v:561$814_EN[511:0]$838 [0] $0$memwr$\u_fetch.cl_fifo$results/exp06/ppa/baseline/cp_fetch_input.v:561$814_EN[511:0]$838 [0] $0$memwr$\u_fetch.cl_fifo$results/exp06/ppa/baseline/cp_fetch_input.v:561$814_EN[511:0]$838 [0] $0$memwr$\u_fetch.cl_fifo$results/exp06/ppa/baseline/cp_fetch_input.v:561$814_EN[511:0]$838 [0] $0$memwr$\u_fetch.cl_fifo$results/exp06/ppa/baseline/cp_fetch_input.v:561$814_EN[511:0]$838 [0] $0$memwr$\u_fetch.cl_fifo$results/exp06/ppa/baseline/cp_fetch_input.v:561$814_EN[511:0]$838 [0] $0$memwr$\u_fetch.cl_fifo$results/exp06/ppa/baseline/cp_fetch_input.v:561$814_EN[511:0]$838 [0] $0$memwr$\u_fetch.cl_fifo$results/exp06/ppa/baseline/cp_fetch_input.v:561$814_EN[511:0]$838 [0] $0$memwr$\u_fetch.cl_fifo$results/exp06/ppa/baseline/cp_fetch_input.v:561$814_EN[511:0]$838 [0] $0$memwr$\u_fetch.cl_fifo$results/exp06/ppa/baseline/cp_fetch_input.v:561$814_EN[511:0]$838 [0] $0$memwr$\u_fetch.cl_fifo$results/exp06/ppa/baseline/cp_fetch_input.v:561$814_EN[511:0]$838 [0] $0$memwr$\u_fetch.cl_fifo$results/exp06/ppa/baseline/cp_fetch_input.v:561$814_EN[511:0]$838 [0] $0$memwr$\u_fetch.cl_fifo$results/exp06/ppa/baseline/cp_fetch_input.v:561$814_EN[511:0]$838 [0] $0$memwr$\u_fetch.cl_fifo$results/exp06/ppa/baseline/cp_fetch_input.v:561$814_EN[511:0]$838 [0] $0$memwr$\u_fetch.cl_fifo$results/exp06/ppa/baseline/cp_fetch_input.v:561$814_EN[511:0]$838 [0] $0$memwr$\u_fetch.cl_fifo$results/exp06/ppa/baseline/cp_fetch_input.v:561$814_EN[511:0]$838 [0] $0$memwr$\u_fetch.cl_fifo$results/exp06/ppa/baseline/cp_fetch_input.v:561$814_EN[511:0]$838 [0] $0$memwr$\u_fetch.cl_fifo$results/exp06/ppa/baseline/cp_fetch_input.v:561$814_EN[511:0]$838 [0] $0$memwr$\u_fetch.cl_fifo$results/exp06/ppa/baseline/cp_fetch_input.v:561$814_EN[511:0]$838 [0] $0$memwr$\u_fetch.cl_fifo$results/exp06/ppa/baseline/cp_fetch_input.v:561$814_EN[511:0]$838 [0] $0$memwr$\u_fetch.cl_fifo$results/exp06/ppa/baseline/cp_fetch_input.v:561$814_EN[511:0]$838 [0] $0$memwr$\u_fetch.cl_fifo$results/exp06/ppa/baseline/cp_fetch_input.v:561$814_EN[511:0]$838 [0] $0$memwr$\u_fetch.cl_fifo$results/exp06/ppa/baseline/cp_fetch_input.v:561$814_EN[511:0]$838 [0] $0$memwr$\u_fetch.cl_fifo$results/exp06/ppa/baseline/cp_fetch_input.v:561$814_EN[511:0]$838 [0] $0$memwr$\u_fetch.cl_fifo$results/exp06/ppa/baseline/cp_fetch_input.v:561$814_EN[511:0]$838 [0] $0$memwr$\u_fetch.cl_fifo$results/exp06/ppa/baseline/cp_fetch_input.v:561$814_EN[511:0]$838 [0] $0$memwr$\u_fetch.cl_fifo$results/exp06/ppa/baseline/cp_fetch_input.v:561$814_EN[511:0]$838 [0] $0$memwr$\u_fetch.cl_fifo$results/exp06/ppa/baseline/cp_fetch_input.v:561$814_EN[511:0]$838 [0] $0$memwr$\u_fetch.cl_fifo$results/exp06/ppa/baseline/cp_fetch_input.v:561$814_EN[511:0]$838 [0] $0$memwr$\u_fetch.cl_fifo$results/exp06/ppa/baseline/cp_fetch_input.v:561$814_EN[511:0]$838 [0] $0$memwr$\u_fetch.cl_fifo$results/exp06/ppa/baseline/cp_fetch_input.v:561$814_EN[511:0]$838 [0] $0$memwr$\u_fetch.cl_fifo$results/exp06/ppa/baseline/cp_fetch_input.v:561$814_EN[511:0]$838 [0] $0$memwr$\u_fetch.cl_fifo$results/exp06/ppa/baseline/cp_fetch_input.v:561$814_EN[511:0]$838 [0] $0$memwr$\u_fetch.cl_fifo$results/exp06/ppa/baseline/cp_fetch_input.v:561$814_EN[511:0]$838 [0] $0$memwr$\u_fetch.cl_fifo$results/exp06/ppa/baseline/cp_fetch_input.v:561$814_EN[511:0]$838 [0] $0$memwr$\u_fetch.cl_fifo$results/exp06/ppa/baseline/cp_fetch_input.v:561$814_EN[511:0]$838 [0] $0$memwr$\u_fetch.cl_fifo$results/exp06/ppa/baseline/cp_fetch_input.v:561$814_EN[511:0]$838 [0] $0$memwr$\u_fetch.cl_fifo$results/exp06/ppa/baseline/cp_fetch_input.v:561$814_EN[511:0]$838 [0] $0$memwr$\u_fetch.cl_fifo$results/exp06/ppa/baseline/cp_fetch_input.v:561$814_EN[511:0]$838 [0] $0$memwr$\u_fetch.cl_fifo$results/exp06/ppa/baseline/cp_fetch_input.v:561$814_EN[511:0]$838 [0] $0$memwr$\u_fetch.cl_fifo$results/exp06/ppa/baseline/cp_fetch_input.v:561$814_EN[511:0]$838 [0] $0$memwr$\u_fetch.cl_fifo$results/exp06/ppa/baseline/cp_fetch_input.v:561$814_EN[511:0]$838 [0] $0$memwr$\u_fetch.cl_fifo$results/exp06/ppa/baseline/cp_fetch_input.v:561$814_EN[511:0]$838 [0] $0$memwr$\u_fetch.cl_fifo$results/exp06/ppa/baseline/cp_fetch_input.v:561$814_EN[511:0]$838 [0] $0$memwr$\u_fetch.cl_fifo$results/exp06/ppa/baseline/cp_fetch_input.v:561$814_EN[511:0]$838 [0] $0$memwr$\u_fetch.cl_fifo$results/exp06/ppa/baseline/cp_fetch_input.v:561$814_EN[511:0]$838 [0] $0$memwr$\u_fetch.cl_fifo$results/exp06/ppa/baseline/cp_fetch_input.v:561$814_EN[511:0]$838 [0] $0$memwr$\u_fetch.cl_fifo$results/exp06/ppa/baseline/cp_fetch_input.v:561$814_EN[511:0]$838 [0] $0$memwr$\u_fetch.cl_fifo$results/exp06/ppa/baseline/cp_fetch_input.v:561$814_EN[511:0]$838 [0] $0$memwr$\u_fetch.cl_fifo$results/exp06/ppa/baseline/cp_fetch_input.v:561$814_EN[511:0]$838 [0] $0$memwr$\u_fetch.cl_fifo$results/exp06/ppa/baseline/cp_fetch_input.v:561$814_EN[511:0]$838 [0] $0$memwr$\u_fetch.cl_fifo$results/exp06/ppa/baseline/cp_fetch_input.v:561$814_EN[511:0]$838 [0] $0$memwr$\u_fetch.cl_fifo$results/exp06/ppa/baseline/cp_fetch_input.v:561$814_EN[511:0]$838 [0] $0$memwr$\u_fetch.cl_fifo$results/exp06/ppa/baseline/cp_fetch_input.v:561$814_EN[511:0]$838 [0] $0$memwr$\u_fetch.cl_fifo$results/exp06/ppa/baseline/cp_fetch_input.v:561$814_EN[511:0]$838 [0] $0$memwr$\u_fetch.cl_fifo$results/exp06/ppa/baseline/cp_fetch_input.v:561$814_EN[511:0]$838 [0] $0$memwr$\u_fetch.cl_fifo$results/exp06/ppa/baseline/cp_fetch_input.v:561$814_EN[511:0]$838 [0] $0$memwr$\u_fetch.cl_fifo$results/exp06/ppa/baseline/cp_fetch_input.v:561$814_EN[511:0]$838 [0] $0$memwr$\u_fetch.cl_fifo$results/exp06/ppa/baseline/cp_fetch_input.v:561$814_EN[511:0]$838 [0] $0$memwr$\u_fetch.cl_fifo$results/exp06/ppa/baseline/cp_fetch_input.v:561$814_EN[511:0]$838 [0] $0$memwr$\u_fetch.cl_fifo$results/exp06/ppa/baseline/cp_fetch_input.v:561$814_EN[511:0]$838 [0] $0$memwr$\u_fetch.cl_fifo$results/exp06/ppa/baseline/cp_fetch_input.v:561$814_EN[511:0]$838 [0] $0$memwr$\u_fetch.cl_fifo$results/exp06/ppa/baseline/cp_fetch_input.v:561$814_EN[511:0]$838 [0] $0$memwr$\u_fetch.cl_fifo$results/exp06/ppa/baseline/cp_fetch_input.v:561$814_EN[511:0]$838 [0] $0$memwr$\u_fetch.cl_fifo$results/exp06/ppa/baseline/cp_fetch_input.v:561$814_EN[511:0]$838 [0] $0$memwr$\u_fetch.cl_fifo$results/exp06/ppa/baseline/cp_fetch_input.v:561$814_EN[511:0]$838 [0] $0$memwr$\u_fetch.cl_fifo$results/exp06/ppa/baseline/cp_fetch_input.v:561$814_EN[511:0]$838 [0] $0$memwr$\u_fetch.cl_fifo$results/exp06/ppa/baseline/cp_fetch_input.v:561$814_EN[511:0]$838 [0] $0$memwr$\u_fetch.cl_fifo$results/exp06/ppa/baseline/cp_fetch_input.v:561$814_EN[511:0]$838 [0] $0$memwr$\u_fetch.cl_fifo$results/exp06/ppa/baseline/cp_fetch_input.v:561$814_EN[511:0]$838 [0] $0$memwr$\u_fetch.cl_fifo$results/exp06/ppa/baseline/cp_fetch_input.v:561$814_EN[511:0]$838 [0] $0$memwr$\u_fetch.cl_fifo$results/exp06/ppa/baseline/cp_fetch_input.v:561$814_EN[511:0]$838 [0] $0$memwr$\u_fetch.cl_fifo$results/exp06/ppa/baseline/cp_fetch_input.v:561$814_EN[511:0]$838 [0] $0$memwr$\u_fetch.cl_fifo$results/exp06/ppa/baseline/cp_fetch_input.v:561$814_EN[511:0]$838 [0] $0$memwr$\u_fetch.cl_fifo$results/exp06/ppa/baseline/cp_fetch_input.v:561$814_EN[511:0]$838 [0] $0$memwr$\u_fetch.cl_fifo$results/exp06/ppa/baseline/cp_fetch_input.v:561$814_EN[511:0]$838 [0] $0$memwr$\u_fetch.cl_fifo$results/exp06/ppa/baseline/cp_fetch_input.v:561$814_EN[511:0]$838 [0] $0$memwr$\u_fetch.cl_fifo$results/exp06/ppa/baseline/cp_fetch_input.v:561$814_EN[511:0]$838 [0] $0$memwr$\u_fetch.cl_fifo$results/exp06/ppa/baseline/cp_fetch_input.v:561$814_EN[511:0]$838 [0] $0$memwr$\u_fetch.cl_fifo$results/exp06/ppa/baseline/cp_fetch_input.v:561$814_EN[511:0]$838 [0] $0$memwr$\u_fetch.cl_fifo$results/exp06/ppa/baseline/cp_fetch_input.v:561$814_EN[511:0]$838 [0] $0$memwr$\u_fetch.cl_fifo$results/exp06/ppa/baseline/cp_fetch_input.v:561$814_EN[511:0]$838 [0] $0$memwr$\u_fetch.cl_fifo$results/exp06/ppa/baseline/cp_fetch_input.v:561$814_EN[511:0]$838 [0] $0$memwr$\u_fetch.cl_fifo$results/exp06/ppa/baseline/cp_fetch_input.v:561$814_EN[511:0]$838 [0] $0$memwr$\u_fetch.cl_fifo$results/exp06/ppa/baseline/cp_fetch_input.v:561$814_EN[511:0]$838 [0] $0$memwr$\u_fetch.cl_fifo$results/exp06/ppa/baseline/cp_fetch_input.v:561$814_EN[511:0]$838 [0] $0$memwr$\u_fetch.cl_fifo$results/exp06/ppa/baseline/cp_fetch_input.v:561$814_EN[511:0]$838 [0] $0$memwr$\u_fetch.cl_fifo$results/exp06/ppa/baseline/cp_fetch_input.v:561$814_EN[511:0]$838 [0] $0$memwr$\u_fetch.cl_fifo$results/exp06/ppa/baseline/cp_fetch_input.v:561$814_EN[511:0]$838 [0] $0$memwr$\u_fetch.cl_fifo$results/exp06/ppa/baseline/cp_fetch_input.v:561$814_EN[511:0]$838 [0] $0$memwr$\u_fetch.cl_fifo$results/exp06/ppa/baseline/cp_fetch_input.v:561$814_EN[511:0]$838 [0] $0$memwr$\u_fetch.cl_fifo$results/exp06/ppa/baseline/cp_fetch_input.v:561$814_EN[511:0]$838 [0] $0$memwr$\u_fetch.cl_fifo$results/exp06/ppa/baseline/cp_fetch_input.v:561$814_EN[511:0]$838 [0] $0$memwr$\u_fetch.cl_fifo$results/exp06/ppa/baseline/cp_fetch_input.v:561$814_EN[511:0]$838 [0] $0$memwr$\u_fetch.cl_fifo$results/exp06/ppa/baseline/cp_fetch_input.v:561$814_EN[511:0]$838 [0] $0$memwr$\u_fetch.cl_fifo$results/exp06/ppa/baseline/cp_fetch_input.v:561$814_EN[511:0]$838 [0] $0$memwr$\u_fetch.cl_fifo$results/exp06/ppa/baseline/cp_fetch_input.v:561$814_EN[511:0]$838 [0] $0$memwr$\u_fetch.cl_fifo$results/exp06/ppa/baseline/cp_fetch_input.v:561$814_EN[511:0]$838 [0] $0$memwr$\u_fetch.cl_fifo$results/exp06/ppa/baseline/cp_fetch_input.v:561$814_EN[511:0]$838 [0] $0$memwr$\u_fetch.cl_fifo$results/exp06/ppa/baseline/cp_fetch_input.v:561$814_EN[511:0]$838 [0] $0$memwr$\u_fetch.cl_fifo$results/exp06/ppa/baseline/cp_fetch_input.v:561$814_EN[511:0]$838 [0] $0$memwr$\u_fetch.cl_fifo$results/exp06/ppa/baseline/cp_fetch_input.v:561$814_EN[511:0]$838 [0] $0$memwr$\u_fetch.cl_fifo$results/exp06/ppa/baseline/cp_fetch_input.v:561$814_EN[511:0]$838 [0] $0$memwr$\u_fetch.cl_fifo$results/exp06/ppa/baseline/cp_fetch_input.v:561$814_EN[511:0]$838 [0] $0$memwr$\u_fetch.cl_fifo$results/exp06/ppa/baseline/cp_fetch_input.v:561$814_EN[511:0]$838 [0] $0$memwr$\u_fetch.cl_fifo$results/exp06/ppa/baseline/cp_fetch_input.v:561$814_EN[511:0]$838 [0] $0$memwr$\u_fetch.cl_fifo$results/exp06/ppa/baseline/cp_fetch_input.v:561$814_EN[511:0]$838 [0] $0$memwr$\u_fetch.cl_fifo$results/exp06/ppa/baseline/cp_fetch_input.v:561$814_EN[511:0]$838 [0] $0$memwr$\u_fetch.cl_fifo$results/exp06/ppa/baseline/cp_fetch_input.v:561$814_EN[511:0]$838 [0] $0$memwr$\u_fetch.cl_fifo$results/exp06/ppa/baseline/cp_fetch_input.v:561$814_EN[511:0]$838 [0] $0$memwr$\u_fetch.cl_fifo$results/exp06/ppa/baseline/cp_fetch_input.v:561$814_EN[511:0]$838 [0] $0$memwr$\u_fetch.cl_fifo$results/exp06/ppa/baseline/cp_fetch_input.v:561$814_EN[511:0]$838 [0] $0$memwr$\u_fetch.cl_fifo$results/exp06/ppa/baseline/cp_fetch_input.v:561$814_EN[511:0]$838 [0] $0$memwr$\u_fetch.cl_fifo$results/exp06/ppa/baseline/cp_fetch_input.v:561$814_EN[511:0]$838 [0] $0$memwr$\u_fetch.cl_fifo$results/exp06/ppa/baseline/cp_fetch_input.v:561$814_EN[511:0]$838 [0] $0$memwr$\u_fetch.cl_fifo$results/exp06/ppa/baseline/cp_fetch_input.v:561$814_EN[511:0]$838 [0] $0$memwr$\u_fetch.cl_fifo$results/exp06/ppa/baseline/cp_fetch_input.v:561$814_EN[511:0]$838 [0] $0$memwr$\u_fetch.cl_fifo$results/exp06/ppa/baseline/cp_fetch_input.v:561$814_EN[511:0]$838 [0] $0$memwr$\u_fetch.cl_fifo$results/exp06/ppa/baseline/cp_fetch_input.v:561$814_EN[511:0]$838 [0] $0$memwr$\u_fetch.cl_fifo$results/exp06/ppa/baseline/cp_fetch_input.v:561$814_EN[511:0]$838 [0] $0$memwr$\u_fetch.cl_fifo$results/exp06/ppa/baseline/cp_fetch_input.v:561$814_EN[511:0]$838 [0] $0$memwr$\u_fetch.cl_fifo$results/exp06/ppa/baseline/cp_fetch_input.v:561$814_EN[511:0]$838 [0] $0$memwr$\u_fetch.cl_fifo$results/exp06/ppa/baseline/cp_fetch_input.v:561$814_EN[511:0]$838 [0] $0$memwr$\u_fetch.cl_fifo$results/exp06/ppa/baseline/cp_fetch_input.v:561$814_EN[511:0]$838 [0] $0$memwr$\u_fetch.cl_fifo$results/exp06/ppa/baseline/cp_fetch_input.v:561$814_EN[511:0]$838 [0] $0$memwr$\u_fetch.cl_fifo$results/exp06/ppa/baseline/cp_fetch_input.v:561$814_EN[511:0]$838 [0] $0$memwr$\u_fetch.cl_fifo$results/exp06/ppa/baseline/cp_fetch_input.v:561$814_EN[511:0]$838 [0] $0$memwr$\u_fetch.cl_fifo$results/exp06/ppa/baseline/cp_fetch_input.v:561$814_EN[511:0]$838 [0] $0$memwr$\u_fetch.cl_fifo$results/exp06/ppa/baseline/cp_fetch_input.v:561$814_EN[511:0]$838 [0] $0$memwr$\u_fetch.cl_fifo$results/exp06/ppa/baseline/cp_fetch_input.v:561$814_EN[511:0]$838 [0] $0$memwr$\u_fetch.cl_fifo$results/exp06/ppa/baseline/cp_fetch_input.v:561$814_EN[511:0]$838 [0] $0$memwr$\u_fetch.cl_fifo$results/exp06/ppa/baseline/cp_fetch_input.v:561$814_EN[511:0]$838 [0] $0$memwr$\u_fetch.cl_fifo$results/exp06/ppa/baseline/cp_fetch_input.v:561$814_EN[511:0]$838 [0] $0$memwr$\u_fetch.cl_fifo$results/exp06/ppa/baseline/cp_fetch_input.v:561$814_EN[511:0]$838 [0] $0$memwr$\u_fetch.cl_fifo$results/exp06/ppa/baseline/cp_fetch_input.v:561$814_EN[511:0]$838 [0] $0$memwr$\u_fetch.cl_fifo$results/exp06/ppa/baseline/cp_fetch_input.v:561$814_EN[511:0]$838 [0] $0$memwr$\u_fetch.cl_fifo$results/exp06/ppa/baseline/cp_fetch_input.v:561$814_EN[511:0]$838 [0] $0$memwr$\u_fetch.cl_fifo$results/exp06/ppa/baseline/cp_fetch_input.v:561$814_EN[511:0]$838 [0] $0$memwr$\u_fetch.cl_fifo$results/exp06/ppa/baseline/cp_fetch_input.v:561$814_EN[511:0]$838 [0] $0$memwr$\u_fetch.cl_fifo$results/exp06/ppa/baseline/cp_fetch_input.v:561$814_EN[511:0]$838 [0] $0$memwr$\u_fetch.cl_fifo$results/exp06/ppa/baseline/cp_fetch_input.v:561$814_EN[511:0]$838 [0] $0$memwr$\u_fetch.cl_fifo$results/exp06/ppa/baseline/cp_fetch_input.v:561$814_EN[511:0]$838 [0] $0$memwr$\u_fetch.cl_fifo$results/exp06/ppa/baseline/cp_fetch_input.v:561$814_EN[511:0]$838 [0] $0$memwr$\u_fetch.cl_fifo$results/exp06/ppa/baseline/cp_fetch_input.v:561$814_EN[511:0]$838 [0] $0$memwr$\u_fetch.cl_fifo$results/exp06/ppa/baseline/cp_fetch_input.v:561$814_EN[511:0]$838 [0] $0$memwr$\u_fetch.cl_fifo$results/exp06/ppa/baseline/cp_fetch_input.v:561$814_EN[511:0]$838 [0] $0$memwr$\u_fetch.cl_fifo$results/exp06/ppa/baseline/cp_fetch_input.v:561$814_EN[511:0]$838 [0] $0$memwr$\u_fetch.cl_fifo$results/exp06/ppa/baseline/cp_fetch_input.v:561$814_EN[511:0]$838 [0] $0$memwr$\u_fetch.cl_fifo$results/exp06/ppa/baseline/cp_fetch_input.v:561$814_EN[511:0]$838 [0] $0$memwr$\u_fetch.cl_fifo$results/exp06/ppa/baseline/cp_fetch_input.v:561$814_EN[511:0]$838 [0] $0$memwr$\u_fetch.cl_fifo$results/exp06/ppa/baseline/cp_fetch_input.v:561$814_EN[511:0]$838 [0] $0$memwr$\u_fetch.cl_fifo$results/exp06/ppa/baseline/cp_fetch_input.v:561$814_EN[511:0]$838 [0] $0$memwr$\u_fetch.cl_fifo$results/exp06/ppa/baseline/cp_fetch_input.v:561$814_EN[511:0]$838 [0] $0$memwr$\u_fetch.cl_fifo$results/exp06/ppa/baseline/cp_fetch_input.v:561$814_EN[511:0]$838 [0] $0$memwr$\u_fetch.cl_fifo$results/exp06/ppa/baseline/cp_fetch_input.v:561$814_EN[511:0]$838 [0] $0$memwr$\u_fetch.cl_fifo$results/exp06/ppa/baseline/cp_fetch_input.v:561$814_EN[511:0]$838 [0] $0$memwr$\u_fetch.cl_fifo$results/exp06/ppa/baseline/cp_fetch_input.v:561$814_EN[511:0]$838 [0] $0$memwr$\u_fetch.cl_fifo$results/exp06/ppa/baseline/cp_fetch_input.v:561$814_EN[511:0]$838 [0] $0$memwr$\u_fetch.cl_fifo$results/exp06/ppa/baseline/cp_fetch_input.v:561$814_EN[511:0]$838 [0] $0$memwr$\u_fetch.cl_fifo$results/exp06/ppa/baseline/cp_fetch_input.v:561$814_EN[511:0]$838 [0] $0$memwr$\u_fetch.cl_fifo$results/exp06/ppa/baseline/cp_fetch_input.v:561$814_EN[511:0]$838 [0] $0$memwr$\u_fetch.cl_fifo$results/exp06/ppa/baseline/cp_fetch_input.v:561$814_EN[511:0]$838 [0] $0$memwr$\u_fetch.cl_fifo$results/exp06/ppa/baseline/cp_fetch_input.v:561$814_EN[511:0]$838 [0] $0$memwr$\u_fetch.cl_fifo$results/exp06/ppa/baseline/cp_fetch_input.v:561$814_EN[511:0]$838 [0] $0$memwr$\u_fetch.cl_fifo$results/exp06/ppa/baseline/cp_fetch_input.v:561$814_EN[511:0]$838 [0] }
  Optimizing cells in module \VX_cp_fetch_top.
Performed a total of 4 changes.

2.7.5.5. Executing OPT_MERGE pass (detect identical cells).
Finding identical cells in module `\VX_cp_fetch_top'.
Removed a total of 0 cells.

2.7.5.6. Executing OPT_RMDFF pass (remove dff with constant values).

2.7.5.7. Executing OPT_CLEAN pass (remove unused cells and wires).
Finding unused cells or wires in module \VX_cp_fetch_top..
Removed 0 unused cells and 148 unused wires.
<suppressed ~1 debug messages>

2.7.5.8. Executing OPT_EXPR pass (perform const folding).
Optimizing module VX_cp_fetch_top.

2.7.5.9. Rerunning OPT passes. (Maybe there is more to do..)

2.7.5.10. Executing OPT_MUXTREE pass (detect dead branches in mux trees).
Running muxtree optimizer on module \VX_cp_fetch_top..
  Creating internal representation of mux trees.
  Evaluating internal representation of mux trees.
  Analyzing evaluation results.
Removed 0 multiplexer ports.
<suppressed ~18 debug messages>

2.7.5.11. Executing OPT_REDUCE pass (consolidate $*mux and $reduce_* inputs).
  Optimizing cells in module \VX_cp_fetch_top.
Performed a total of 0 changes.

2.7.5.12. Executing OPT_MERGE pass (detect identical cells).
Finding identical cells in module `\VX_cp_fetch_top'.
Removed a total of 0 cells.

2.7.5.13. Executing OPT_RMDFF pass (remove dff with constant values).

2.7.5.14. Executing OPT_CLEAN pass (remove unused cells and wires).
Finding unused cells or wires in module \VX_cp_fetch_top..

2.7.5.15. Executing OPT_EXPR pass (perform const folding).
Optimizing module VX_cp_fetch_top.

2.7.5.16. Finished OPT passes. (There is nothing left to do.)

2.7.6. Executing WREDUCE pass (reducing word size of cells).
Removed top 1 address bits (of 1) from memory read port VX_cp_fetch_top.$memrd$\u_fetch.cl_fifo$results/exp06/ppa/baseline/cp_fetch_input.v:484$821 (u_fetch.cl_fifo).
Removed top 1 address bits (of 1) from memory write port VX_cp_fetch_top.$memwr$\u_fetch.cl_fifo$results/exp06/ppa/baseline/cp_fetch_input.v:561$863 (u_fetch.cl_fifo).
Removed top 48 bits (of 64) from port B of cell VX_cp_fetch_top.$and$results/exp06/ppa/baseline/cp_fetch_input.v:508$822 ($and).
Removed top 1 bits (of 2) from port A of cell VX_cp_fetch_top.$add$results/exp06/ppa/baseline/cp_fetch_input.v:510$823 ($add).
Removed top 1 bits (of 2) from port B of cell VX_cp_fetch_top.$add$results/exp06/ppa/baseline/cp_fetch_input.v:510$823 ($add).
Removed top 1 bits (of 2) from port B of cell VX_cp_fetch_top.$lt$results/exp06/ppa/baseline/cp_fetch_input.v:512$826 ($lt).
Removed top 57 bits (of 64) from port B of cell VX_cp_fetch_top.$add$results/exp06/ppa/baseline/cp_fetch_input.v:558$840 ($add).
Removed top 57 bits (of 64) from port B of cell VX_cp_fetch_top.$add$results/exp06/ppa/baseline/cp_fetch_input.v:580$850 ($add).
Removed cell VX_cp_fetch_top.$procmux$870 ($mux).
Removed cell VX_cp_fetch_top.$procmux$873 ($mux).
Removed cell VX_cp_fetch_top.$procmux$875 ($mux).
Removed cell VX_cp_fetch_top.$procmux$878 ($mux).
Removed top 1 bits (of 2) from port B of cell VX_cp_fetch_top.$procmux$890_CMP0 ($eq).
Removed top 1 bits (of 2) from port B of cell VX_cp_fetch_top.$procmux$897_CMP0 ($eq).
Removed cell VX_cp_fetch_top.$procdff$4267 ($dff).
Removed top 511 bits (of 512) from FF cell VX_cp_fetch_top.$procdff$4269 ($dff).
Removed top 5 bits (of 8) from port B of cell VX_cp_fetch_top.$techmap\u_fetch.u_unpack.$procmux$3172_CMP0 ($eq).
Removed top 5 bits (of 8) from port B of cell VX_cp_fetch_top.$techmap\u_fetch.u_unpack.$procmux$3171_CMP0 ($eq).
Removed top 4 bits (of 8) from port B of cell VX_cp_fetch_top.$techmap\u_fetch.u_unpack.$procmux$3170_CMP0 ($eq).
Removed top 5 bits (of 8) from port B of cell VX_cp_fetch_top.$techmap\u_fetch.u_unpack.$procmux$3169_CMP0 ($eq).
Removed top 5 bits (of 8) from port B of cell VX_cp_fetch_top.$techmap\u_fetch.u_unpack.$procmux$3168_CMP0 ($eq).
Removed top 4 bits (of 8) from port B of cell VX_cp_fetch_top.$techmap\u_fetch.u_unpack.$procmux$3167_CMP0 ($eq).
Removed top 4 bits (of 8) from port B of cell VX_cp_fetch_top.$techmap\u_fetch.u_unpack.$procmux$3166_CMP0 ($eq).
Removed top 7 bits (of 8) from port B of cell VX_cp_fetch_top.$techmap\u_fetch.u_unpack.$procmux$3165_CMP0 ($eq).
Removed top 6 bits (of 8) from port B of cell VX_cp_fetch_top.$techmap\u_fetch.u_unpack.$procmux$3164_CMP0 ($eq).
Removed top 27 bits (of 32) from mux cell VX_cp_fetch_top.$techmap\u_fetch.u_unpack.$procmux$3162 ($pmux).
Removed top 6 bits (of 8) from port B of cell VX_cp_fetch_top.$techmap\u_fetch.u_unpack.$procmux$3163_CMP0 ($eq).
Removed top 24 bits (of 32) from port B of cell VX_cp_fetch_top.$techmap\u_fetch.u_unpack.$lt$results/exp06/ppa/baseline/cp_fetch_input.v:54$802 ($lt).
Removed top 28 bits (of 32) from port B of cell VX_cp_fetch_top.$techmap\u_fetch.u_unpack.$add$results/exp06/ppa/baseline/cp_fetch_input.v:54$801 ($add).
Removed top 24 bits (of 32) from port B of cell VX_cp_fetch_top.$techmap\u_fetch.u_unpack.$lt$results/exp06/ppa/baseline/cp_fetch_input.v:54$793 ($lt).
Removed top 28 bits (of 32) from port B of cell VX_cp_fetch_top.$techmap\u_fetch.u_unpack.$add$results/exp06/ppa/baseline/cp_fetch_input.v:54$792 ($add).
Removed top 24 bits (of 32) from port B of cell VX_cp_fetch_top.$techmap\u_fetch.u_unpack.$lt$results/exp06/ppa/baseline/cp_fetch_input.v:54$784 ($lt).
Removed top 28 bits (of 32) from port B of cell VX_cp_fetch_top.$techmap\u_fetch.u_unpack.$add$results/exp06/ppa/baseline/cp_fetch_input.v:54$783 ($add).
Removed top 24 bits (of 32) from port B of cell VX_cp_fetch_top.$techmap\u_fetch.u_unpack.$lt$results/exp06/ppa/baseline/cp_fetch_input.v:54$775 ($lt).
Removed top 28 bits (of 32) from port B of cell VX_cp_fetch_top.$techmap\u_fetch.u_unpack.$add$results/exp06/ppa/baseline/cp_fetch_input.v:54$774 ($add).
Removed top 24 bits (of 32) from port B of cell VX_cp_fetch_top.$techmap\u_fetch.u_unpack.$lt$results/exp06/ppa/baseline/cp_fetch_input.v:54$766 ($lt).
Removed top 29 bits (of 32) from port B of cell VX_cp_fetch_top.$techmap\u_fetch.u_unpack.$add$results/exp06/ppa/baseline/cp_fetch_input.v:54$765 ($add).
Removed top 24 bits (of 32) from port B of cell VX_cp_fetch_top.$techmap\u_fetch.u_unpack.$lt$results/exp06/ppa/baseline/cp_fetch_input.v:54$757 ($lt).
Removed top 29 bits (of 32) from port B of cell VX_cp_fetch_top.$techmap\u_fetch.u_unpack.$add$results/exp06/ppa/baseline/cp_fetch_input.v:54$756 ($add).
Removed top 24 bits (of 32) from port B of cell VX_cp_fetch_top.$techmap\u_fetch.u_unpack.$lt$results/exp06/ppa/baseline/cp_fetch_input.v:54$748 ($lt).
Removed top 30 bits (of 32) from port B of cell VX_cp_fetch_top.$techmap\u_fetch.u_unpack.$add$results/exp06/ppa/baseline/cp_fetch_input.v:54$747 ($add).
Removed top 24 bits (of 32) from port B of cell VX_cp_fetch_top.$techmap\u_fetch.u_unpack.$lt$results/exp06/ppa/baseline/cp_fetch_input.v:54$739 ($lt).
Removed top 27 bits (of 32) from port B of cell VX_cp_fetch_top.$techmap\u_fetch.u_unpack.$sub$results/exp06/ppa/baseline/cp_fetch_input.v:204$737 ($sub).
Removed top 24 bits (of 32) from port B of cell VX_cp_fetch_top.$techmap\u_fetch.u_unpack.$lt$results/exp06/ppa/baseline/cp_fetch_input.v:54$728 ($lt).
Removed top 28 bits (of 32) from port B of cell VX_cp_fetch_top.$techmap\u_fetch.u_unpack.$add$results/exp06/ppa/baseline/cp_fetch_input.v:54$727 ($add).
Removed top 24 bits (of 32) from port B of cell VX_cp_fetch_top.$techmap\u_fetch.u_unpack.$lt$results/exp06/ppa/baseline/cp_fetch_input.v:54$719 ($lt).
Removed top 28 bits (of 32) from port B of cell VX_cp_fetch_top.$techmap\u_fetch.u_unpack.$add$results/exp06/ppa/baseline/cp_fetch_input.v:54$718 ($add).
Removed top 24 bits (of 32) from port B of cell VX_cp_fetch_top.$techmap\u_fetch.u_unpack.$lt$results/exp06/ppa/baseline/cp_fetch_input.v:54$710 ($lt).
Removed top 28 bits (of 32) from port B of cell VX_cp_fetch_top.$techmap\u_fetch.u_unpack.$add$results/exp06/ppa/baseline/cp_fetch_input.v:54$709 ($add).
Removed top 24 bits (of 32) from port B of cell VX_cp_fetch_top.$techmap\u_fetch.u_unpack.$lt$results/exp06/ppa/baseline/cp_fetch_input.v:54$701 ($lt).
Removed top 28 bits (of 32) from port B of cell VX_cp_fetch_top.$techmap\u_fetch.u_unpack.$add$results/exp06/ppa/baseline/cp_fetch_input.v:54$700 ($add).
Removed top 24 bits (of 32) from port B of cell VX_cp_fetch_top.$techmap\u_fetch.u_unpack.$lt$results/exp06/ppa/baseline/cp_fetch_input.v:54$692 ($lt).
Removed top 29 bits (of 32) from port B of cell VX_cp_fetch_top.$techmap\u_fetch.u_unpack.$add$results/exp06/ppa/baseline/cp_fetch_input.v:54$691 ($add).
Removed top 24 bits (of 32) from port B of cell VX_cp_fetch_top.$techmap\u_fetch.u_unpack.$lt$results/exp06/ppa/baseline/cp_fetch_input.v:54$683 ($lt).
Removed top 29 bits (of 32) from port B of cell VX_cp_fetch_top.$techmap\u_fetch.u_unpack.$add$results/exp06/ppa/baseline/cp_fetch_input.v:54$682 ($add).
Removed top 24 bits (of 32) from port B of cell VX_cp_fetch_top.$techmap\u_fetch.u_unpack.$lt$results/exp06/ppa/baseline/cp_fetch_input.v:54$674 ($lt).
Removed top 30 bits (of 32) from port B of cell VX_cp_fetch_top.$techmap\u_fetch.u_unpack.$add$results/exp06/ppa/baseline/cp_fetch_input.v:54$673 ($add).
Removed top 24 bits (of 32) from port B of cell VX_cp_fetch_top.$techmap\u_fetch.u_unpack.$lt$results/exp06/ppa/baseline/cp_fetch_input.v:54$665 ($lt).
Removed top 24 bits (of 32) from port A of cell VX_cp_fetch_top.$techmap\u_fetch.u_unpack.$add$results/exp06/ppa/baseline/cp_fetch_input.v:202$663 ($add).
Removed top 26 bits (of 32) from port B of cell VX_cp_fetch_top.$techmap\u_fetch.u_unpack.$add$results/exp06/ppa/baseline/cp_fetch_input.v:202$663 ($add).
Converting cell VX_cp_fetch_top.$techmap\u_fetch.u_unpack.$add$results/exp06/ppa/baseline/cp_fetch_input.v:202$663 ($add) from signed to unsigned.
Removed top 23 bits (of 32) from port Y of cell VX_cp_fetch_top.$techmap\u_fetch.u_unpack.$add$results/exp06/ppa/baseline/cp_fetch_input.v:202$663 ($add).
Removed top 1 bits (of 8) from port A of cell VX_cp_fetch_top.$techmap\u_fetch.u_unpack.$add$results/exp06/ppa/baseline/cp_fetch_input.v:202$663 ($add).
Removed top 1 bits (of 6) from port B of cell VX_cp_fetch_top.$techmap\u_fetch.u_unpack.$add$results/exp06/ppa/baseline/cp_fetch_input.v:202$663 ($add).
Removed top 1 bits (of 9) from port Y of cell VX_cp_fetch_top.$techmap\u_fetch.u_unpack.$add$results/exp06/ppa/baseline/cp_fetch_input.v:202$663 ($add).
Removed top 24 bits (of 32) from port B of cell VX_cp_fetch_top.$techmap\u_fetch.u_unpack.$lt$results/exp06/ppa/baseline/cp_fetch_input.v:54$655 ($lt).
Removed top 28 bits (of 32) from port B of cell VX_cp_fetch_top.$techmap\u_fetch.u_unpack.$add$results/exp06/ppa/baseline/cp_fetch_input.v:54$654 ($add).
Removed top 24 bits (of 32) from port B of cell VX_cp_fetch_top.$techmap\u_fetch.u_unpack.$lt$results/exp06/ppa/baseline/cp_fetch_input.v:54$646 ($lt).
Removed top 28 bits (of 32) from port B of cell VX_cp_fetch_top.$techmap\u_fetch.u_unpack.$add$results/exp06/ppa/baseline/cp_fetch_input.v:54$645 ($add).
Removed top 24 bits (of 32) from port B of cell VX_cp_fetch_top.$techmap\u_fetch.u_unpack.$lt$results/exp06/ppa/baseline/cp_fetch_input.v:54$637 ($lt).
Removed top 28 bits (of 32) from port B of cell VX_cp_fetch_top.$techmap\u_fetch.u_unpack.$add$results/exp06/ppa/baseline/cp_fetch_input.v:54$636 ($add).
Removed top 24 bits (of 32) from port B of cell VX_cp_fetch_top.$techmap\u_fetch.u_unpack.$lt$results/exp06/ppa/baseline/cp_fetch_input.v:54$628 ($lt).
Removed top 28 bits (of 32) from port B of cell VX_cp_fetch_top.$techmap\u_fetch.u_unpack.$add$results/exp06/ppa/baseline/cp_fetch_input.v:54$627 ($add).
Removed top 24 bits (of 32) from port B of cell VX_cp_fetch_top.$techmap\u_fetch.u_unpack.$lt$results/exp06/ppa/baseline/cp_fetch_input.v:54$619 ($lt).
Removed top 29 bits (of 32) from port B of cell VX_cp_fetch_top.$techmap\u_fetch.u_unpack.$add$results/exp06/ppa/baseline/cp_fetch_input.v:54$618 ($add).
Removed top 24 bits (of 32) from port B of cell VX_cp_fetch_top.$techmap\u_fetch.u_unpack.$lt$results/exp06/ppa/baseline/cp_fetch_input.v:54$610 ($lt).
Removed top 29 bits (of 32) from port B of cell VX_cp_fetch_top.$techmap\u_fetch.u_unpack.$add$results/exp06/ppa/baseline/cp_fetch_input.v:54$609 ($add).
Removed top 24 bits (of 32) from port B of cell VX_cp_fetch_top.$techmap\u_fetch.u_unpack.$lt$results/exp06/ppa/baseline/cp_fetch_input.v:54$601 ($lt).
Removed top 30 bits (of 32) from port B of cell VX_cp_fetch_top.$techmap\u_fetch.u_unpack.$add$results/exp06/ppa/baseline/cp_fetch_input.v:54$600 ($add).
Removed top 24 bits (of 32) from port B of cell VX_cp_fetch_top.$techmap\u_fetch.u_unpack.$lt$results/exp06/ppa/baseline/cp_fetch_input.v:54$592 ($lt).
Removed top 24 bits (of 32) from port A of cell VX_cp_fetch_top.$techmap\u_fetch.u_unpack.$add$results/exp06/ppa/baseline/cp_fetch_input.v:200$590 ($add).
Removed top 27 bits (of 32) from port B of cell VX_cp_fetch_top.$techmap\u_fetch.u_unpack.$add$results/exp06/ppa/baseline/cp_fetch_input.v:200$590 ($add).
Converting cell VX_cp_fetch_top.$techmap\u_fetch.u_unpack.$add$results/exp06/ppa/baseline/cp_fetch_input.v:200$590 ($add) from signed to unsigned.
Removed top 23 bits (of 32) from port Y of cell VX_cp_fetch_top.$techmap\u_fetch.u_unpack.$add$results/exp06/ppa/baseline/cp_fetch_input.v:200$590 ($add).
Removed top 1 bits (of 8) from port A of cell VX_cp_fetch_top.$techmap\u_fetch.u_unpack.$add$results/exp06/ppa/baseline/cp_fetch_input.v:200$590 ($add).
Removed top 1 bits (of 5) from port B of cell VX_cp_fetch_top.$techmap\u_fetch.u_unpack.$add$results/exp06/ppa/baseline/cp_fetch_input.v:200$590 ($add).
Removed top 1 bits (of 9) from port Y of cell VX_cp_fetch_top.$techmap\u_fetch.u_unpack.$add$results/exp06/ppa/baseline/cp_fetch_input.v:200$590 ($add).
Removed top 24 bits (of 32) from port B of cell VX_cp_fetch_top.$techmap\u_fetch.u_unpack.$lt$results/exp06/ppa/baseline/cp_fetch_input.v:54$582 ($lt).
Removed top 28 bits (of 32) from port B of cell VX_cp_fetch_top.$techmap\u_fetch.u_unpack.$add$results/exp06/ppa/baseline/cp_fetch_input.v:54$581 ($add).
Removed top 24 bits (of 32) from port B of cell VX_cp_fetch_top.$techmap\u_fetch.u_unpack.$lt$results/exp06/ppa/baseline/cp_fetch_input.v:54$573 ($lt).
Removed top 28 bits (of 32) from port B of cell VX_cp_fetch_top.$techmap\u_fetch.u_unpack.$add$results/exp06/ppa/baseline/cp_fetch_input.v:54$572 ($add).
Removed top 24 bits (of 32) from port B of cell VX_cp_fetch_top.$techmap\u_fetch.u_unpack.$lt$results/exp06/ppa/baseline/cp_fetch_input.v:54$564 ($lt).
Removed top 28 bits (of 32) from port B of cell VX_cp_fetch_top.$techmap\u_fetch.u_unpack.$add$results/exp06/ppa/baseline/cp_fetch_input.v:54$563 ($add).
Removed top 24 bits (of 32) from port B of cell VX_cp_fetch_top.$techmap\u_fetch.u_unpack.$lt$results/exp06/ppa/baseline/cp_fetch_input.v:54$555 ($lt).
Removed top 28 bits (of 32) from port B of cell VX_cp_fetch_top.$techmap\u_fetch.u_unpack.$add$results/exp06/ppa/baseline/cp_fetch_input.v:54$554 ($add).
Removed top 24 bits (of 32) from port B of cell VX_cp_fetch_top.$techmap\u_fetch.u_unpack.$lt$results/exp06/ppa/baseline/cp_fetch_input.v:54$546 ($lt).
Removed top 29 bits (of 32) from port B of cell VX_cp_fetch_top.$techmap\u_fetch.u_unpack.$add$results/exp06/ppa/baseline/cp_fetch_input.v:54$545 ($add).
Removed top 24 bits (of 32) from port B of cell VX_cp_fetch_top.$techmap\u_fetch.u_unpack.$lt$results/exp06/ppa/baseline/cp_fetch_input.v:54$537 ($lt).
Removed top 29 bits (of 32) from port B of cell VX_cp_fetch_top.$techmap\u_fetch.u_unpack.$add$results/exp06/ppa/baseline/cp_fetch_input.v:54$536 ($add).
Removed top 24 bits (of 32) from port B of cell VX_cp_fetch_top.$techmap\u_fetch.u_unpack.$lt$results/exp06/ppa/baseline/cp_fetch_input.v:54$528 ($lt).
Removed top 30 bits (of 32) from port B of cell VX_cp_fetch_top.$techmap\u_fetch.u_unpack.$add$results/exp06/ppa/baseline/cp_fetch_input.v:54$527 ($add).
Removed top 24 bits (of 32) from port B of cell VX_cp_fetch_top.$techmap\u_fetch.u_unpack.$lt$results/exp06/ppa/baseline/cp_fetch_input.v:54$519 ($lt).
Removed top 24 bits (of 32) from port B of cell VX_cp_fetch_top.$techmap\u_fetch.u_unpack.$le$results/exp06/ppa/baseline/cp_fetch_input.v:194$432 ($le).
Removed top 24 bits (of 32) from port A of cell VX_cp_fetch_top.$techmap\u_fetch.u_unpack.$add$results/exp06/ppa/baseline/cp_fetch_input.v:194$431 ($add).
Removed top 27 bits (of 32) from port A of cell VX_cp_fetch_top.$techmap\u_fetch.u_unpack.$add$results/exp06/ppa/baseline/cp_fetch_input.v:146$430 ($add).
Removed top 28 bits (of 32) from mux cell VX_cp_fetch_top.$techmap\u_fetch.u_unpack.$ternary$results/exp06/ppa/baseline/cp_fetch_input.v:146$429 ($mux).
Removed top 24 bits (of 32) from port B of cell VX_cp_fetch_top.$techmap\u_fetch.u_unpack.$lt$results/exp06/ppa/baseline/cp_fetch_input.v:81$324 ($lt).
Removed top 24 bits (of 32) from port A of cell VX_cp_fetch_top.$techmap\u_fetch.u_unpack.$add$results/exp06/ppa/baseline/cp_fetch_input.v:81$323 ($add).
Removed top 29 bits (of 32) from port B of cell VX_cp_fetch_top.$techmap\u_fetch.u_unpack.$add$results/exp06/ppa/baseline/cp_fetch_input.v:81$323 ($add).
Converting cell VX_cp_fetch_top.$techmap\u_fetch.u_unpack.$add$results/exp06/ppa/baseline/cp_fetch_input.v:81$323 ($add) from signed to unsigned.
Removed top 23 bits (of 32) from port Y of cell VX_cp_fetch_top.$techmap\u_fetch.u_unpack.$add$results/exp06/ppa/baseline/cp_fetch_input.v:81$323 ($add).
Removed top 1 bits (of 8) from port A of cell VX_cp_fetch_top.$techmap\u_fetch.u_unpack.$add$results/exp06/ppa/baseline/cp_fetch_input.v:81$323 ($add).
Removed top 1 bits (of 3) from port B of cell VX_cp_fetch_top.$techmap\u_fetch.u_unpack.$add$results/exp06/ppa/baseline/cp_fetch_input.v:81$323 ($add).
Removed top 1 bits (of 9) from port Y of cell VX_cp_fetch_top.$techmap\u_fetch.u_unpack.$add$results/exp06/ppa/baseline/cp_fetch_input.v:81$323 ($add).
Removed top 24 bits (of 32) from port B of cell VX_cp_fetch_top.$techmap\u_fetch.u_unpack.$lt$results/exp06/ppa/baseline/cp_fetch_input.v:78$315 ($lt).
Removed top 24 bits (of 32) from port A of cell VX_cp_fetch_top.$techmap\u_fetch.u_unpack.$add$results/exp06/ppa/baseline/cp_fetch_input.v:78$314 ($add).
Removed top 29 bits (of 32) from port B of cell VX_cp_fetch_top.$techmap\u_fetch.u_unpack.$add$results/exp06/ppa/baseline/cp_fetch_input.v:78$314 ($add).
Converting cell VX_cp_fetch_top.$techmap\u_fetch.u_unpack.$add$results/exp06/ppa/baseline/cp_fetch_input.v:78$314 ($add) from signed to unsigned.
Removed top 23 bits (of 32) from port Y of cell VX_cp_fetch_top.$techmap\u_fetch.u_unpack.$add$results/exp06/ppa/baseline/cp_fetch_input.v:78$314 ($add).
Removed top 1 bits (of 8) from port A of cell VX_cp_fetch_top.$techmap\u_fetch.u_unpack.$add$results/exp06/ppa/baseline/cp_fetch_input.v:78$314 ($add).
Removed top 1 bits (of 3) from port B of cell VX_cp_fetch_top.$techmap\u_fetch.u_unpack.$add$results/exp06/ppa/baseline/cp_fetch_input.v:78$314 ($add).
Removed top 1 bits (of 9) from port Y of cell VX_cp_fetch_top.$techmap\u_fetch.u_unpack.$add$results/exp06/ppa/baseline/cp_fetch_input.v:78$314 ($add).
Removed top 24 bits (of 32) from port B of cell VX_cp_fetch_top.$techmap\u_fetch.u_unpack.$lt$results/exp06/ppa/baseline/cp_fetch_input.v:75$306 ($lt).
Removed top 24 bits (of 32) from port A of cell VX_cp_fetch_top.$techmap\u_fetch.u_unpack.$add$results/exp06/ppa/baseline/cp_fetch_input.v:75$305 ($add).
Removed top 30 bits (of 32) from port B of cell VX_cp_fetch_top.$techmap\u_fetch.u_unpack.$add$results/exp06/ppa/baseline/cp_fetch_input.v:75$305 ($add).
Converting cell VX_cp_fetch_top.$techmap\u_fetch.u_unpack.$add$results/exp06/ppa/baseline/cp_fetch_input.v:75$305 ($add) from signed to unsigned.
Removed top 23 bits (of 32) from port Y of cell VX_cp_fetch_top.$techmap\u_fetch.u_unpack.$add$results/exp06/ppa/baseline/cp_fetch_input.v:75$305 ($add).
Removed top 1 bits (of 8) from port A of cell VX_cp_fetch_top.$techmap\u_fetch.u_unpack.$add$results/exp06/ppa/baseline/cp_fetch_input.v:75$305 ($add).
Removed top 1 bits (of 2) from port B of cell VX_cp_fetch_top.$techmap\u_fetch.u_unpack.$add$results/exp06/ppa/baseline/cp_fetch_input.v:75$305 ($add).
Removed top 1 bits (of 9) from port Y of cell VX_cp_fetch_top.$techmap\u_fetch.u_unpack.$add$results/exp06/ppa/baseline/cp_fetch_input.v:75$305 ($add).
Removed top 21 bits (of 32) from port B of cell VX_cp_fetch_top.$techmap\u_fetch.u_unpack.$shiftx$results/exp06/ppa/baseline/cp_fetch_input.v:35$304 ($shiftx).
Removed top 24 bits (of 32) from port A of cell VX_cp_fetch_top.$techmap\u_fetch.u_unpack.$lt$results/exp06/ppa/baseline/cp_fetch_input.v:72$297 ($lt).
Removed top 24 bits (of 32) from port B of cell VX_cp_fetch_top.$techmap\u_fetch.u_unpack.$lt$results/exp06/ppa/baseline/cp_fetch_input.v:72$297 ($lt).
Converting cell VX_cp_fetch_top.$techmap\u_fetch.u_unpack.$lt$results/exp06/ppa/baseline/cp_fetch_input.v:72$297 ($lt) from signed to unsigned.
Removed top 1 bits (of 8) from port A of cell VX_cp_fetch_top.$techmap\u_fetch.u_unpack.$lt$results/exp06/ppa/baseline/cp_fetch_input.v:72$297 ($lt).
Removed top 1 bits (of 8) from port B of cell VX_cp_fetch_top.$techmap\u_fetch.u_unpack.$lt$results/exp06/ppa/baseline/cp_fetch_input.v:72$297 ($lt).
Removed top 24 bits (of 32) from port B of cell VX_cp_fetch_top.$techmap\u_fetch.u_unpack.$le$results/exp06/ppa/baseline/cp_fetch_input.v:182$190 ($le).
Removed top 24 bits (of 32) from port A of cell VX_cp_fetch_top.$techmap\u_fetch.u_unpack.$add$results/exp06/ppa/baseline/cp_fetch_input.v:182$189 ($add).
Removed top 28 bits (of 32) from port B of cell VX_cp_fetch_top.$techmap\u_fetch.u_unpack.$add$results/exp06/ppa/baseline/cp_fetch_input.v:182$189 ($add).
Converting cell VX_cp_fetch_top.$techmap\u_fetch.u_unpack.$add$results/exp06/ppa/baseline/cp_fetch_input.v:182$189 ($add) from signed to unsigned.
Removed top 23 bits (of 32) from port Y of cell VX_cp_fetch_top.$techmap\u_fetch.u_unpack.$add$results/exp06/ppa/baseline/cp_fetch_input.v:182$189 ($add).
Removed top 1 bits (of 8) from port A of cell VX_cp_fetch_top.$techmap\u_fetch.u_unpack.$add$results/exp06/ppa/baseline/cp_fetch_input.v:182$189 ($add).
Removed top 1 bits (of 4) from port B of cell VX_cp_fetch_top.$techmap\u_fetch.u_unpack.$add$results/exp06/ppa/baseline/cp_fetch_input.v:182$189 ($add).
Removed top 1 bits (of 9) from port Y of cell VX_cp_fetch_top.$techmap\u_fetch.u_unpack.$add$results/exp06/ppa/baseline/cp_fetch_input.v:182$189 ($add).
Removed top 27 bits (of 32) from wire VX_cp_fetch_top.$techmap\u_fetch.u_unpack.$3$func$\VX_cp_pkg_cmd_size_bytes$results/exp06/ppa/baseline/cp_fetch_input.v:192$9$\base[31:0]$428.
Removed top 24 bits (of 32) from wire VX_cp_fetch_top.$techmap\u_fetch.u_unpack.$add$results/exp06/ppa/baseline/cp_fetch_input.v:182$189_Y.
Removed top 24 bits (of 32) from wire VX_cp_fetch_top.$techmap\u_fetch.u_unpack.$add$results/exp06/ppa/baseline/cp_fetch_input.v:200$590_Y.
Removed top 24 bits (of 32) from wire VX_cp_fetch_top.$techmap\u_fetch.u_unpack.$add$results/exp06/ppa/baseline/cp_fetch_input.v:202$663_Y.
Removed top 21 bits (of 32) from wire VX_cp_fetch_top.$techmap\u_fetch.u_unpack.$add$results/exp06/ppa/baseline/cp_fetch_input.v:35$312_Y.
Removed top 21 bits (of 32) from wire VX_cp_fetch_top.$techmap\u_fetch.u_unpack.$add$results/exp06/ppa/baseline/cp_fetch_input.v:35$321_Y.
Removed top 21 bits (of 32) from wire VX_cp_fetch_top.$techmap\u_fetch.u_unpack.$add$results/exp06/ppa/baseline/cp_fetch_input.v:35$330_Y.
Removed top 3 bits (of 8) from wire VX_cp_fetch_top.$techmap\u_fetch.u_unpack.$shiftx$results/exp06/ppa/baseline/cp_fetch_input.v:35$313_Y.
Removed top 31 bits (of 32) from wire VX_cp_fetch_top.$techmap\u_fetch.u_unpack.$ternary$results/exp06/ppa/baseline/cp_fetch_input.v:146$429_Y.

2.7.7. Executing PEEPOPT pass (run peephole optimizers).

2.7.8. Executing OPT_CLEAN pass (remove unused cells and wires).
Finding unused cells or wires in module \VX_cp_fetch_top..
Removed 10 unused cells and 27 unused wires.
<suppressed ~13 debug messages>

2.7.9. Executing TECHMAP pass (map to technology primitives).

2.7.9.1. Executing Verilog-2005 frontend: /home/houdong/tool/yosys/bin/../share/yosys/cmp2lut.v
Parsing Verilog input from `/home/houdong/tool/yosys/bin/../share/yosys/cmp2lut.v' to AST representation.
Generating RTLIL representation for module `\_90_lut_cmp_'.
Successfully finished Verilog frontend.

2.7.9.2. Continuing TECHMAP pass.
No more expansions possible.
<suppressed ~308 debug messages>

2.7.10. Executing ALUMACC pass (create $alu and $macc cells).
Extracting $alu and $macc cells in module VX_cp_fetch_top:
  creating $macc model for $add$results/exp06/ppa/baseline/cp_fetch_input.v:510$823 ($add).
  creating $macc model for $add$results/exp06/ppa/baseline/cp_fetch_input.v:558$840 ($add).
  creating $macc model for $add$results/exp06/ppa/baseline/cp_fetch_input.v:568$845 ($add).
  creating $macc model for $add$results/exp06/ppa/baseline/cp_fetch_input.v:580$850 ($add).
  creating $macc model for $add$results/exp06/ppa/baseline/cp_fetch_input.v:586$853 ($add).
  creating $macc model for $add$results/exp06/ppa/baseline/cp_fetch_input.v:590$854 ($add).
  creating $macc model for $add$results/exp06/ppa/baseline/cp_fetch_input.v:630$860 ($add).
  creating $macc model for $sub$results/exp06/ppa/baseline/cp_fetch_input.v:571$846 ($sub).
  creating $macc model for $sub$results/exp06/ppa/baseline/cp_fetch_input.v:593$855 ($sub).
  creating $macc model for $techmap\u_fetch.u_unpack.$add$results/exp06/ppa/baseline/cp_fetch_input.v:146$430 ($add).
  creating $macc model for $techmap\u_fetch.u_unpack.$add$results/exp06/ppa/baseline/cp_fetch_input.v:182$189 ($add).
  creating $macc model for $techmap\u_fetch.u_unpack.$add$results/exp06/ppa/baseline/cp_fetch_input.v:194$431 ($add).
  creating $macc model for $techmap\u_fetch.u_unpack.$add$results/exp06/ppa/baseline/cp_fetch_input.v:200$590 ($add).
  creating $macc model for $techmap\u_fetch.u_unpack.$add$results/exp06/ppa/baseline/cp_fetch_input.v:202$663 ($add).
  creating $macc model for $techmap\u_fetch.u_unpack.$add$results/exp06/ppa/baseline/cp_fetch_input.v:54$527 ($add).
  creating $macc model for $techmap\u_fetch.u_unpack.$add$results/exp06/ppa/baseline/cp_fetch_input.v:54$536 ($add).
  creating $macc model for $techmap\u_fetch.u_unpack.$add$results/exp06/ppa/baseline/cp_fetch_input.v:54$545 ($add).
  creating $macc model for $techmap\u_fetch.u_unpack.$add$results/exp06/ppa/baseline/cp_fetch_input.v:54$554 ($add).
  creating $macc model for $techmap\u_fetch.u_unpack.$add$results/exp06/ppa/baseline/cp_fetch_input.v:54$563 ($add).
  creating $macc model for $techmap\u_fetch.u_unpack.$add$results/exp06/ppa/baseline/cp_fetch_input.v:54$572 ($add).
  creating $macc model for $techmap\u_fetch.u_unpack.$add$results/exp06/ppa/baseline/cp_fetch_input.v:54$581 ($add).
  creating $macc model for $techmap\u_fetch.u_unpack.$add$results/exp06/ppa/baseline/cp_fetch_input.v:54$600 ($add).
  creating $macc model for $techmap\u_fetch.u_unpack.$add$results/exp06/ppa/baseline/cp_fetch_input.v:54$609 ($add).
  creating $macc model for $techmap\u_fetch.u_unpack.$add$results/exp06/ppa/baseline/cp_fetch_input.v:54$618 ($add).
  creating $macc model for $techmap\u_fetch.u_unpack.$add$results/exp06/ppa/baseline/cp_fetch_input.v:54$627 ($add).
  creating $macc model for $techmap\u_fetch.u_unpack.$add$results/exp06/ppa/baseline/cp_fetch_input.v:54$636 ($add).
  creating $macc model for $techmap\u_fetch.u_unpack.$add$results/exp06/ppa/baseline/cp_fetch_input.v:54$645 ($add).
  creating $macc model for $techmap\u_fetch.u_unpack.$add$results/exp06/ppa/baseline/cp_fetch_input.v:54$654 ($add).
  creating $macc model for $techmap\u_fetch.u_unpack.$add$results/exp06/ppa/baseline/cp_fetch_input.v:54$673 ($add).
  creating $macc model for $techmap\u_fetch.u_unpack.$add$results/exp06/ppa/baseline/cp_fetch_input.v:54$682 ($add).
  creating $macc model for $techmap\u_fetch.u_unpack.$add$results/exp06/ppa/baseline/cp_fetch_input.v:54$691 ($add).
  creating $macc model for $techmap\u_fetch.u_unpack.$add$results/exp06/ppa/baseline/cp_fetch_input.v:54$700 ($add).
  creating $macc model for $techmap\u_fetch.u_unpack.$add$results/exp06/ppa/baseline/cp_fetch_input.v:54$709 ($add).
  creating $macc model for $techmap\u_fetch.u_unpack.$add$results/exp06/ppa/baseline/cp_fetch_input.v:54$718 ($add).
  creating $macc model for $techmap\u_fetch.u_unpack.$add$results/exp06/ppa/baseline/cp_fetch_input.v:54$727 ($add).
  creating $macc model for $techmap\u_fetch.u_unpack.$add$results/exp06/ppa/baseline/cp_fetch_input.v:54$747 ($add).
  creating $macc model for $techmap\u_fetch.u_unpack.$add$results/exp06/ppa/baseline/cp_fetch_input.v:54$756 ($add).
  creating $macc model for $techmap\u_fetch.u_unpack.$add$results/exp06/ppa/baseline/cp_fetch_input.v:54$765 ($add).
  creating $macc model for $techmap\u_fetch.u_unpack.$add$results/exp06/ppa/baseline/cp_fetch_input.v:54$774 ($add).
  creating $macc model for $techmap\u_fetch.u_unpack.$add$results/exp06/ppa/baseline/cp_fetch_input.v:54$783 ($add).
  creating $macc model for $techmap\u_fetch.u_unpack.$add$results/exp06/ppa/baseline/cp_fetch_input.v:54$792 ($add).
  creating $macc model for $techmap\u_fetch.u_unpack.$add$results/exp06/ppa/baseline/cp_fetch_input.v:54$801 ($add).
  creating $macc model for $techmap\u_fetch.u_unpack.$add$results/exp06/ppa/baseline/cp_fetch_input.v:75$305 ($add).
  creating $macc model for $techmap\u_fetch.u_unpack.$add$results/exp06/ppa/baseline/cp_fetch_input.v:78$314 ($add).
  creating $macc model for $techmap\u_fetch.u_unpack.$add$results/exp06/ppa/baseline/cp_fetch_input.v:81$323 ($add).
  creating $macc model for $techmap\u_fetch.u_unpack.$sub$results/exp06/ppa/baseline/cp_fetch_input.v:204$737 ($sub).
  creating $alu model for $macc $techmap\u_fetch.u_unpack.$sub$results/exp06/ppa/baseline/cp_fetch_input.v:204$737.
  creating $alu model for $macc $techmap\u_fetch.u_unpack.$add$results/exp06/ppa/baseline/cp_fetch_input.v:81$323.
  creating $alu model for $macc $techmap\u_fetch.u_unpack.$add$results/exp06/ppa/baseline/cp_fetch_input.v:78$314.
  creating $alu model for $macc $techmap\u_fetch.u_unpack.$add$results/exp06/ppa/baseline/cp_fetch_input.v:75$305.
  creating $alu model for $macc $techmap\u_fetch.u_unpack.$add$results/exp06/ppa/baseline/cp_fetch_input.v:54$801.
  creating $alu model for $macc $techmap\u_fetch.u_unpack.$add$results/exp06/ppa/baseline/cp_fetch_input.v:54$792.
  creating $alu model for $macc $techmap\u_fetch.u_unpack.$add$results/exp06/ppa/baseline/cp_fetch_input.v:54$783.
  creating $alu model for $macc $techmap\u_fetch.u_unpack.$add$results/exp06/ppa/baseline/cp_fetch_input.v:54$774.
  creating $alu model for $macc $techmap\u_fetch.u_unpack.$add$results/exp06/ppa/baseline/cp_fetch_input.v:54$765.
  creating $alu model for $macc $techmap\u_fetch.u_unpack.$add$results/exp06/ppa/baseline/cp_fetch_input.v:54$756.
  creating $alu model for $macc $techmap\u_fetch.u_unpack.$add$results/exp06/ppa/baseline/cp_fetch_input.v:54$747.
  creating $alu model for $macc $techmap\u_fetch.u_unpack.$add$results/exp06/ppa/baseline/cp_fetch_input.v:54$727.
  creating $alu model for $macc $techmap\u_fetch.u_unpack.$add$results/exp06/ppa/baseline/cp_fetch_input.v:54$718.
  creating $alu model for $macc $techmap\u_fetch.u_unpack.$add$results/exp06/ppa/baseline/cp_fetch_input.v:54$709.
  creating $alu model for $macc $techmap\u_fetch.u_unpack.$add$results/exp06/ppa/baseline/cp_fetch_input.v:54$700.
  creating $alu model for $macc $techmap\u_fetch.u_unpack.$add$results/exp06/ppa/baseline/cp_fetch_input.v:54$691.
  creating $alu model for $macc $techmap\u_fetch.u_unpack.$add$results/exp06/ppa/baseline/cp_fetch_input.v:54$682.
  creating $alu model for $macc $techmap\u_fetch.u_unpack.$add$results/exp06/ppa/baseline/cp_fetch_input.v:54$673.
  creating $alu model for $macc $techmap\u_fetch.u_unpack.$add$results/exp06/ppa/baseline/cp_fetch_input.v:54$654.
  creating $alu model for $macc $techmap\u_fetch.u_unpack.$add$results/exp06/ppa/baseline/cp_fetch_input.v:54$645.
  creating $alu model for $macc $techmap\u_fetch.u_unpack.$add$results/exp06/ppa/baseline/cp_fetch_input.v:54$636.
  creating $alu model for $macc $techmap\u_fetch.u_unpack.$add$results/exp06/ppa/baseline/cp_fetch_input.v:54$627.
  creating $alu model for $macc $techmap\u_fetch.u_unpack.$add$results/exp06/ppa/baseline/cp_fetch_input.v:54$618.
  creating $alu model for $macc $techmap\u_fetch.u_unpack.$add$results/exp06/ppa/baseline/cp_fetch_input.v:54$609.
  creating $alu model for $macc $techmap\u_fetch.u_unpack.$add$results/exp06/ppa/baseline/cp_fetch_input.v:54$600.
  creating $alu model for $macc $techmap\u_fetch.u_unpack.$add$results/exp06/ppa/baseline/cp_fetch_input.v:54$581.
  creating $alu model for $macc $techmap\u_fetch.u_unpack.$add$results/exp06/ppa/baseline/cp_fetch_input.v:54$572.
  creating $alu model for $macc $techmap\u_fetch.u_unpack.$add$results/exp06/ppa/baseline/cp_fetch_input.v:54$563.
  creating $alu model for $macc $techmap\u_fetch.u_unpack.$add$results/exp06/ppa/baseline/cp_fetch_input.v:54$554.
  creating $alu model for $macc $techmap\u_fetch.u_unpack.$add$results/exp06/ppa/baseline/cp_fetch_input.v:54$545.
  creating $alu model for $macc $techmap\u_fetch.u_unpack.$add$results/exp06/ppa/baseline/cp_fetch_input.v:54$536.
  creating $alu model for $macc $techmap\u_fetch.u_unpack.$add$results/exp06/ppa/baseline/cp_fetch_input.v:54$527.
  creating $alu model for $macc $techmap\u_fetch.u_unpack.$add$results/exp06/ppa/baseline/cp_fetch_input.v:202$663.
  creating $alu model for $macc $techmap\u_fetch.u_unpack.$add$results/exp06/ppa/baseline/cp_fetch_input.v:200$590.
  creating $alu model for $macc $techmap\u_fetch.u_unpack.$add$results/exp06/ppa/baseline/cp_fetch_input.v:194$431.
  creating $alu model for $macc $techmap\u_fetch.u_unpack.$add$results/exp06/ppa/baseline/cp_fetch_input.v:182$189.
  creating $alu model for $macc $techmap\u_fetch.u_unpack.$add$results/exp06/ppa/baseline/cp_fetch_input.v:146$430.
  creating $alu model for $macc $sub$results/exp06/ppa/baseline/cp_fetch_input.v:593$855.
  creating $alu model for $macc $sub$results/exp06/ppa/baseline/cp_fetch_input.v:571$846.
  creating $alu model for $macc $add$results/exp06/ppa/baseline/cp_fetch_input.v:630$860.
  creating $alu model for $macc $add$results/exp06/ppa/baseline/cp_fetch_input.v:590$854.
  creating $alu model for $macc $add$results/exp06/ppa/baseline/cp_fetch_input.v:586$853.
  creating $alu model for $macc $add$results/exp06/ppa/baseline/cp_fetch_input.v:580$850.
  creating $alu model for $macc $add$results/exp06/ppa/baseline/cp_fetch_input.v:568$845.
  creating $alu model for $macc $add$results/exp06/ppa/baseline/cp_fetch_input.v:558$840.
  creating $alu model for $macc $add$results/exp06/ppa/baseline/cp_fetch_input.v:510$823.
  creating $alu model for $lt$results/exp06/ppa/baseline/cp_fetch_input.v:512$824 ($lt): new $alu
  creating $alu model for $lt$results/exp06/ppa/baseline/cp_fetch_input.v:512$826 ($lt): new $alu
  creating $alu model for $techmap\u_fetch.u_unpack.$le$results/exp06/ppa/baseline/cp_fetch_input.v:182$190 ($le): new $alu
  creating $alu model for $techmap\u_fetch.u_unpack.$le$results/exp06/ppa/baseline/cp_fetch_input.v:194$432 ($le): new $alu
  creating $alu model for $techmap\u_fetch.u_unpack.$lt$results/exp06/ppa/baseline/cp_fetch_input.v:54$519 ($lt): merged with $techmap\u_fetch.u_unpack.$le$results/exp06/ppa/baseline/cp_fetch_input.v:182$190.
  creating $alu model for $techmap\u_fetch.u_unpack.$lt$results/exp06/ppa/baseline/cp_fetch_input.v:54$528 ($lt): new $alu
  creating $alu model for $techmap\u_fetch.u_unpack.$lt$results/exp06/ppa/baseline/cp_fetch_input.v:54$537 ($lt): new $alu
  creating $alu model for $techmap\u_fetch.u_unpack.$lt$results/exp06/ppa/baseline/cp_fetch_input.v:54$546 ($lt): new $alu
  creating $alu model for $techmap\u_fetch.u_unpack.$lt$results/exp06/ppa/baseline/cp_fetch_input.v:54$555 ($lt): new $alu
  creating $alu model for $techmap\u_fetch.u_unpack.$lt$results/exp06/ppa/baseline/cp_fetch_input.v:54$564 ($lt): new $alu
  creating $alu model for $techmap\u_fetch.u_unpack.$lt$results/exp06/ppa/baseline/cp_fetch_input.v:54$573 ($lt): new $alu
  creating $alu model for $techmap\u_fetch.u_unpack.$lt$results/exp06/ppa/baseline/cp_fetch_input.v:54$582 ($lt): new $alu
  creating $alu model for $techmap\u_fetch.u_unpack.$lt$results/exp06/ppa/baseline/cp_fetch_input.v:54$592 ($lt): new $alu
  creating $alu model for $techmap\u_fetch.u_unpack.$lt$results/exp06/ppa/baseline/cp_fetch_input.v:54$601 ($lt): new $alu
  creating $alu model for $techmap\u_fetch.u_unpack.$lt$results/exp06/ppa/baseline/cp_fetch_input.v:54$610 ($lt): new $alu
  creating $alu model for $techmap\u_fetch.u_unpack.$lt$results/exp06/ppa/baseline/cp_fetch_input.v:54$619 ($lt): new $alu
  creating $alu model for $techmap\u_fetch.u_unpack.$lt$results/exp06/ppa/baseline/cp_fetch_input.v:54$628 ($lt): new $alu
  creating $alu model for $techmap\u_fetch.u_unpack.$lt$results/exp06/ppa/baseline/cp_fetch_input.v:54$637 ($lt): new $alu
  creating $alu model for $techmap\u_fetch.u_unpack.$lt$results/exp06/ppa/baseline/cp_fetch_input.v:54$646 ($lt): new $alu
  creating $alu model for $techmap\u_fetch.u_unpack.$lt$results/exp06/ppa/baseline/cp_fetch_input.v:54$655 ($lt): new $alu
  creating $alu model for $techmap\u_fetch.u_unpack.$lt$results/exp06/ppa/baseline/cp_fetch_input.v:54$665 ($lt): new $alu
  creating $alu model for $techmap\u_fetch.u_unpack.$lt$results/exp06/ppa/baseline/cp_fetch_input.v:54$674 ($lt): new $alu
  creating $alu model for $techmap\u_fetch.u_unpack.$lt$results/exp06/ppa/baseline/cp_fetch_input.v:54$683 ($lt): new $alu
  creating $alu model for $techmap\u_fetch.u_unpack.$lt$results/exp06/ppa/baseline/cp_fetch_input.v:54$692 ($lt): new $alu
  creating $alu model for $techmap\u_fetch.u_unpack.$lt$results/exp06/ppa/baseline/cp_fetch_input.v:54$701 ($lt): new $alu
  creating $alu model for $techmap\u_fetch.u_unpack.$lt$results/exp06/ppa/baseline/cp_fetch_input.v:54$710 ($lt): new $alu
  creating $alu model for $techmap\u_fetch.u_unpack.$lt$results/exp06/ppa/baseline/cp_fetch_input.v:54$719 ($lt): new $alu
  creating $alu model for $techmap\u_fetch.u_unpack.$lt$results/exp06/ppa/baseline/cp_fetch_input.v:54$728 ($lt): new $alu
  creating $alu model for $techmap\u_fetch.u_unpack.$lt$results/exp06/ppa/baseline/cp_fetch_input.v:54$739 ($lt): new $alu
  creating $alu model for $techmap\u_fetch.u_unpack.$lt$results/exp06/ppa/baseline/cp_fetch_input.v:54$748 ($lt): new $alu
  creating $alu model for $techmap\u_fetch.u_unpack.$lt$results/exp06/ppa/baseline/cp_fetch_input.v:54$757 ($lt): new $alu
  creating $alu model for $techmap\u_fetch.u_unpack.$lt$results/exp06/ppa/baseline/cp_fetch_input.v:54$766 ($lt): new $alu
  creating $alu model for $techmap\u_fetch.u_unpack.$lt$results/exp06/ppa/baseline/cp_fetch_input.v:54$775 ($lt): new $alu
  creating $alu model for $techmap\u_fetch.u_unpack.$lt$results/exp06/ppa/baseline/cp_fetch_input.v:54$784 ($lt): new $alu
  creating $alu model for $techmap\u_fetch.u_unpack.$lt$results/exp06/ppa/baseline/cp_fetch_input.v:54$793 ($lt): new $alu
  creating $alu model for $techmap\u_fetch.u_unpack.$lt$results/exp06/ppa/baseline/cp_fetch_input.v:54$802 ($lt): new $alu
  creating $alu model for $techmap\u_fetch.u_unpack.$lt$results/exp06/ppa/baseline/cp_fetch_input.v:72$297 ($lt): new $alu
  creating $alu model for $techmap\u_fetch.u_unpack.$lt$results/exp06/ppa/baseline/cp_fetch_input.v:75$306 ($lt): new $alu
  creating $alu model for $techmap\u_fetch.u_unpack.$lt$results/exp06/ppa/baseline/cp_fetch_input.v:78$315 ($lt): new $alu
  creating $alu model for $techmap\u_fetch.u_unpack.$lt$results/exp06/ppa/baseline/cp_fetch_input.v:81$324 ($lt): new $alu
  creating $alu cell for $techmap\u_fetch.u_unpack.$lt$results/exp06/ppa/baseline/cp_fetch_input.v:81$324: $auto$alumacc.cc:474:replace_alu$4324
  creating $alu cell for $techmap\u_fetch.u_unpack.$lt$results/exp06/ppa/baseline/cp_fetch_input.v:78$315: $auto$alumacc.cc:474:replace_alu$4337
  creating $alu cell for $techmap\u_fetch.u_unpack.$lt$results/exp06/ppa/baseline/cp_fetch_input.v:75$306: $auto$alumacc.cc:474:replace_alu$4350
  creating $alu cell for $techmap\u_fetch.u_unpack.$lt$results/exp06/ppa/baseline/cp_fetch_input.v:72$297: $auto$alumacc.cc:474:replace_alu$4363
  creating $alu cell for $techmap\u_fetch.u_unpack.$lt$results/exp06/ppa/baseline/cp_fetch_input.v:54$802: $auto$alumacc.cc:474:replace_alu$4374
  creating $alu cell for $techmap\u_fetch.u_unpack.$lt$results/exp06/ppa/baseline/cp_fetch_input.v:54$793: $auto$alumacc.cc:474:replace_alu$4387
  creating $alu cell for $techmap\u_fetch.u_unpack.$lt$results/exp06/ppa/baseline/cp_fetch_input.v:54$784: $auto$alumacc.cc:474:replace_alu$4400
  creating $alu cell for $techmap\u_fetch.u_unpack.$lt$results/exp06/ppa/baseline/cp_fetch_input.v:54$775: $auto$alumacc.cc:474:replace_alu$4413
  creating $alu cell for $techmap\u_fetch.u_unpack.$lt$results/exp06/ppa/baseline/cp_fetch_input.v:54$766: $auto$alumacc.cc:474:replace_alu$4426
  creating $alu cell for $techmap\u_fetch.u_unpack.$lt$results/exp06/ppa/baseline/cp_fetch_input.v:54$757: $auto$alumacc.cc:474:replace_alu$4439
  creating $alu cell for $techmap\u_fetch.u_unpack.$lt$results/exp06/ppa/baseline/cp_fetch_input.v:54$748: $auto$alumacc.cc:474:replace_alu$4452
  creating $alu cell for $techmap\u_fetch.u_unpack.$lt$results/exp06/ppa/baseline/cp_fetch_input.v:54$739: $auto$alumacc.cc:474:replace_alu$4465
  creating $alu cell for $techmap\u_fetch.u_unpack.$lt$results/exp06/ppa/baseline/cp_fetch_input.v:54$728: $auto$alumacc.cc:474:replace_alu$4478
  creating $alu cell for $techmap\u_fetch.u_unpack.$lt$results/exp06/ppa/baseline/cp_fetch_input.v:54$719: $auto$alumacc.cc:474:replace_alu$4491
  creating $alu cell for $techmap\u_fetch.u_unpack.$lt$results/exp06/ppa/baseline/cp_fetch_input.v:54$710: $auto$alumacc.cc:474:replace_alu$4504
  creating $alu cell for $techmap\u_fetch.u_unpack.$lt$results/exp06/ppa/baseline/cp_fetch_input.v:54$701: $auto$alumacc.cc:474:replace_alu$4517
  creating $alu cell for $techmap\u_fetch.u_unpack.$lt$results/exp06/ppa/baseline/cp_fetch_input.v:54$692: $auto$alumacc.cc:474:replace_alu$4530
  creating $alu cell for $techmap\u_fetch.u_unpack.$lt$results/exp06/ppa/baseline/cp_fetch_input.v:54$683: $auto$alumacc.cc:474:replace_alu$4543
  creating $alu cell for $techmap\u_fetch.u_unpack.$lt$results/exp06/ppa/baseline/cp_fetch_input.v:54$674: $auto$alumacc.cc:474:replace_alu$4556
  creating $alu cell for $techmap\u_fetch.u_unpack.$lt$results/exp06/ppa/baseline/cp_fetch_input.v:54$665: $auto$alumacc.cc:474:replace_alu$4569
  creating $alu cell for $techmap\u_fetch.u_unpack.$lt$results/exp06/ppa/baseline/cp_fetch_input.v:54$655: $auto$alumacc.cc:474:replace_alu$4582
  creating $alu cell for $techmap\u_fetch.u_unpack.$lt$results/exp06/ppa/baseline/cp_fetch_input.v:54$646: $auto$alumacc.cc:474:replace_alu$4595
  creating $alu cell for $techmap\u_fetch.u_unpack.$lt$results/exp06/ppa/baseline/cp_fetch_input.v:54$637: $auto$alumacc.cc:474:replace_alu$4608
  creating $alu cell for $techmap\u_fetch.u_unpack.$lt$results/exp06/ppa/baseline/cp_fetch_input.v:54$628: $auto$alumacc.cc:474:replace_alu$4621
  creating $alu cell for $techmap\u_fetch.u_unpack.$lt$results/exp06/ppa/baseline/cp_fetch_input.v:54$619: $auto$alumacc.cc:474:replace_alu$4634
  creating $alu cell for $techmap\u_fetch.u_unpack.$lt$results/exp06/ppa/baseline/cp_fetch_input.v:54$610: $auto$alumacc.cc:474:replace_alu$4647
  creating $alu cell for $techmap\u_fetch.u_unpack.$lt$results/exp06/ppa/baseline/cp_fetch_input.v:54$601: $auto$alumacc.cc:474:replace_alu$4660
  creating $alu cell for $techmap\u_fetch.u_unpack.$lt$results/exp06/ppa/baseline/cp_fetch_input.v:54$592: $auto$alumacc.cc:474:replace_alu$4673
  creating $alu cell for $techmap\u_fetch.u_unpack.$lt$results/exp06/ppa/baseline/cp_fetch_input.v:54$582: $auto$alumacc.cc:474:replace_alu$4686
  creating $alu cell for $techmap\u_fetch.u_unpack.$lt$results/exp06/ppa/baseline/cp_fetch_input.v:54$573: $auto$alumacc.cc:474:replace_alu$4699
  creating $alu cell for $techmap\u_fetch.u_unpack.$lt$results/exp06/ppa/baseline/cp_fetch_input.v:54$564: $auto$alumacc.cc:474:replace_alu$4712
  creating $alu cell for $techmap\u_fetch.u_unpack.$lt$results/exp06/ppa/baseline/cp_fetch_input.v:54$555: $auto$alumacc.cc:474:replace_alu$4725
  creating $alu cell for $techmap\u_fetch.u_unpack.$lt$results/exp06/ppa/baseline/cp_fetch_input.v:54$546: $auto$alumacc.cc:474:replace_alu$4738
  creating $alu cell for $techmap\u_fetch.u_unpack.$lt$results/exp06/ppa/baseline/cp_fetch_input.v:54$537: $auto$alumacc.cc:474:replace_alu$4751
  creating $alu cell for $techmap\u_fetch.u_unpack.$lt$results/exp06/ppa/baseline/cp_fetch_input.v:54$528: $auto$alumacc.cc:474:replace_alu$4764
  creating $alu cell for $techmap\u_fetch.u_unpack.$le$results/exp06/ppa/baseline/cp_fetch_input.v:194$432: $auto$alumacc.cc:474:replace_alu$4777
  creating $alu cell for $techmap\u_fetch.u_unpack.$le$results/exp06/ppa/baseline/cp_fetch_input.v:182$190, $techmap\u_fetch.u_unpack.$lt$results/exp06/ppa/baseline/cp_fetch_input.v:54$519: $auto$alumacc.cc:474:replace_alu$4792
  creating $alu cell for $lt$results/exp06/ppa/baseline/cp_fetch_input.v:512$826: $auto$alumacc.cc:474:replace_alu$4807
  creating $alu cell for $lt$results/exp06/ppa/baseline/cp_fetch_input.v:512$824: $auto$alumacc.cc:474:replace_alu$4818
  creating $alu cell for $add$results/exp06/ppa/baseline/cp_fetch_input.v:510$823: $auto$alumacc.cc:474:replace_alu$4823
  creating $alu cell for $add$results/exp06/ppa/baseline/cp_fetch_input.v:558$840: $auto$alumacc.cc:474:replace_alu$4826
  creating $alu cell for $add$results/exp06/ppa/baseline/cp_fetch_input.v:568$845: $auto$alumacc.cc:474:replace_alu$4829
  creating $alu cell for $add$results/exp06/ppa/baseline/cp_fetch_input.v:580$850: $auto$alumacc.cc:474:replace_alu$4832
  creating $alu cell for $add$results/exp06/ppa/baseline/cp_fetch_input.v:586$853: $auto$alumacc.cc:474:replace_alu$4835
  creating $alu cell for $add$results/exp06/ppa/baseline/cp_fetch_input.v:590$854: $auto$alumacc.cc:474:replace_alu$4838
  creating $alu cell for $add$results/exp06/ppa/baseline/cp_fetch_input.v:630$860: $auto$alumacc.cc:474:replace_alu$4841
  creating $alu cell for $sub$results/exp06/ppa/baseline/cp_fetch_input.v:571$846: $auto$alumacc.cc:474:replace_alu$4844
  creating $alu cell for $sub$results/exp06/ppa/baseline/cp_fetch_input.v:593$855: $auto$alumacc.cc:474:replace_alu$4847
  creating $alu cell for $techmap\u_fetch.u_unpack.$add$results/exp06/ppa/baseline/cp_fetch_input.v:146$430: $auto$alumacc.cc:474:replace_alu$4850
  creating $alu cell for $techmap\u_fetch.u_unpack.$add$results/exp06/ppa/baseline/cp_fetch_input.v:182$189: $auto$alumacc.cc:474:replace_alu$4853
  creating $alu cell for $techmap\u_fetch.u_unpack.$add$results/exp06/ppa/baseline/cp_fetch_input.v:194$431: $auto$alumacc.cc:474:replace_alu$4856
  creating $alu cell for $techmap\u_fetch.u_unpack.$add$results/exp06/ppa/baseline/cp_fetch_input.v:200$590: $auto$alumacc.cc:474:replace_alu$4859
  creating $alu cell for $techmap\u_fetch.u_unpack.$add$results/exp06/ppa/baseline/cp_fetch_input.v:202$663: $auto$alumacc.cc:474:replace_alu$4862
  creating $alu cell for $techmap\u_fetch.u_unpack.$add$results/exp06/ppa/baseline/cp_fetch_input.v:54$527: $auto$alumacc.cc:474:replace_alu$4865
  creating $alu cell for $techmap\u_fetch.u_unpack.$add$results/exp06/ppa/baseline/cp_fetch_input.v:54$536: $auto$alumacc.cc:474:replace_alu$4868
  creating $alu cell for $techmap\u_fetch.u_unpack.$add$results/exp06/ppa/baseline/cp_fetch_input.v:54$545: $auto$alumacc.cc:474:replace_alu$4871
  creating $alu cell for $techmap\u_fetch.u_unpack.$add$results/exp06/ppa/baseline/cp_fetch_input.v:54$554: $auto$alumacc.cc:474:replace_alu$4874
  creating $alu cell for $techmap\u_fetch.u_unpack.$add$results/exp06/ppa/baseline/cp_fetch_input.v:54$563: $auto$alumacc.cc:474:replace_alu$4877
  creating $alu cell for $techmap\u_fetch.u_unpack.$add$results/exp06/ppa/baseline/cp_fetch_input.v:54$572: $auto$alumacc.cc:474:replace_alu$4880
  creating $alu cell for $techmap\u_fetch.u_unpack.$add$results/exp06/ppa/baseline/cp_fetch_input.v:54$581: $auto$alumacc.cc:474:replace_alu$4883
  creating $alu cell for $techmap\u_fetch.u_unpack.$add$results/exp06/ppa/baseline/cp_fetch_input.v:54$600: $auto$alumacc.cc:474:replace_alu$4886
  creating $alu cell for $techmap\u_fetch.u_unpack.$add$results/exp06/ppa/baseline/cp_fetch_input.v:54$609: $auto$alumacc.cc:474:replace_alu$4889
  creating $alu cell for $techmap\u_fetch.u_unpack.$add$results/exp06/ppa/baseline/cp_fetch_input.v:54$618: $auto$alumacc.cc:474:replace_alu$4892
  creating $alu cell for $techmap\u_fetch.u_unpack.$add$results/exp06/ppa/baseline/cp_fetch_input.v:54$627: $auto$alumacc.cc:474:replace_alu$4895
  creating $alu cell for $techmap\u_fetch.u_unpack.$add$results/exp06/ppa/baseline/cp_fetch_input.v:54$636: $auto$alumacc.cc:474:replace_alu$4898
  creating $alu cell for $techmap\u_fetch.u_unpack.$add$results/exp06/ppa/baseline/cp_fetch_input.v:54$645: $auto$alumacc.cc:474:replace_alu$4901
  creating $alu cell for $techmap\u_fetch.u_unpack.$add$results/exp06/ppa/baseline/cp_fetch_input.v:54$654: $auto$alumacc.cc:474:replace_alu$4904
  creating $alu cell for $techmap\u_fetch.u_unpack.$add$results/exp06/ppa/baseline/cp_fetch_input.v:54$673: $auto$alumacc.cc:474:replace_alu$4907
  creating $alu cell for $techmap\u_fetch.u_unpack.$add$results/exp06/ppa/baseline/cp_fetch_input.v:54$682: $auto$alumacc.cc:474:replace_alu$4910
  creating $alu cell for $techmap\u_fetch.u_unpack.$add$results/exp06/ppa/baseline/cp_fetch_input.v:54$691: $auto$alumacc.cc:474:replace_alu$4913
  creating $alu cell for $techmap\u_fetch.u_unpack.$add$results/exp06/ppa/baseline/cp_fetch_input.v:54$700: $auto$alumacc.cc:474:replace_alu$4916
  creating $alu cell for $techmap\u_fetch.u_unpack.$add$results/exp06/ppa/baseline/cp_fetch_input.v:54$709: $auto$alumacc.cc:474:replace_alu$4919
  creating $alu cell for $techmap\u_fetch.u_unpack.$add$results/exp06/ppa/baseline/cp_fetch_input.v:54$718: $auto$alumacc.cc:474:replace_alu$4922
  creating $alu cell for $techmap\u_fetch.u_unpack.$add$results/exp06/ppa/baseline/cp_fetch_input.v:54$727: $auto$alumacc.cc:474:replace_alu$4925
  creating $alu cell for $techmap\u_fetch.u_unpack.$add$results/exp06/ppa/baseline/cp_fetch_input.v:54$747: $auto$alumacc.cc:474:replace_alu$4928
  creating $alu cell for $techmap\u_fetch.u_unpack.$add$results/exp06/ppa/baseline/cp_fetch_input.v:54$756: $auto$alumacc.cc:474:replace_alu$4931
  creating $alu cell for $techmap\u_fetch.u_unpack.$add$results/exp06/ppa/baseline/cp_fetch_input.v:54$765: $auto$alumacc.cc:474:replace_alu$4934
  creating $alu cell for $techmap\u_fetch.u_unpack.$add$results/exp06/ppa/baseline/cp_fetch_input.v:54$774: $auto$alumacc.cc:474:replace_alu$4937
  creating $alu cell for $techmap\u_fetch.u_unpack.$add$results/exp06/ppa/baseline/cp_fetch_input.v:54$783: $auto$alumacc.cc:474:replace_alu$4940
  creating $alu cell for $techmap\u_fetch.u_unpack.$add$results/exp06/ppa/baseline/cp_fetch_input.v:54$792: $auto$alumacc.cc:474:replace_alu$4943
  creating $alu cell for $techmap\u_fetch.u_unpack.$add$results/exp06/ppa/baseline/cp_fetch_input.v:54$801: $auto$alumacc.cc:474:replace_alu$4946
  creating $alu cell for $techmap\u_fetch.u_unpack.$add$results/exp06/ppa/baseline/cp_fetch_input.v:75$305: $auto$alumacc.cc:474:replace_alu$4949
  creating $alu cell for $techmap\u_fetch.u_unpack.$add$results/exp06/ppa/baseline/cp_fetch_input.v:78$314: $auto$alumacc.cc:474:replace_alu$4952
  creating $alu cell for $techmap\u_fetch.u_unpack.$add$results/exp06/ppa/baseline/cp_fetch_input.v:81$323: $auto$alumacc.cc:474:replace_alu$4955
  creating $alu cell for $techmap\u_fetch.u_unpack.$sub$results/exp06/ppa/baseline/cp_fetch_input.v:204$737: $auto$alumacc.cc:474:replace_alu$4958
  created 85 $alu and 0 $macc cells.

2.7.11. Executing SHARE pass (SAT-based resource sharing).

2.7.12. Executing OPT pass (performing simple optimizations).

2.7.12.1. Executing OPT_EXPR pass (perform const folding).
Optimizing module VX_cp_fetch_top.
<suppressed ~36 debug messages>

2.7.12.2. Executing OPT_MERGE pass (detect identical cells).
Finding identical cells in module `\VX_cp_fetch_top'.
Removed a total of 0 cells.

2.7.12.3. Executing OPT_MUXTREE pass (detect dead branches in mux trees).
Running muxtree optimizer on module \VX_cp_fetch_top..
  Creating internal representation of mux trees.
  Evaluating internal representation of mux trees.
  Analyzing evaluation results.
Removed 0 multiplexer ports.
<suppressed ~14 debug messages>

2.7.12.4. Executing OPT_REDUCE pass (consolidate $*mux and $reduce_* inputs).
  Optimizing cells in module \VX_cp_fetch_top.
    New input vector for $reduce_or cell $auto$alumacc.cc:509:replace_alu$4790: { $auto$rtlil.cc:1832:Not$4789 $auto$rtlil.cc:1835:ReduceAnd$4781 }
    New input vector for $reduce_or cell $auto$alumacc.cc:509:replace_alu$4805: { $auto$rtlil.cc:1832:Not$4804 $auto$rtlil.cc:1835:ReduceAnd$4796 }
    New input vector for $reduce_and cell $auto$alumacc.cc:64:get_eq$4327: { $auto$alumacc.cc:490:replace_alu$4325 [0] $auto$alumacc.cc:490:replace_alu$4325 [1] $auto$alumacc.cc:490:replace_alu$4325 [2] $auto$alumacc.cc:490:replace_alu$4325 [3] $auto$alumacc.cc:490:replace_alu$4325 [4] $auto$alumacc.cc:490:replace_alu$4325 [5] $auto$alumacc.cc:490:replace_alu$4325 [6] $auto$alumacc.cc:490:replace_alu$4325 [7] $auto$alumacc.cc:490:replace_alu$4325 [8] $auto$alumacc.cc:490:replace_alu$4325 [9] $auto$alumacc.cc:490:replace_alu$4325 [10] $auto$alumacc.cc:490:replace_alu$4325 [11] $auto$alumacc.cc:490:replace_alu$4325 [12] $auto$alumacc.cc:490:replace_alu$4325 [13] $auto$alumacc.cc:490:replace_alu$4325 [14] $auto$alumacc.cc:490:replace_alu$4325 [15] $auto$alumacc.cc:490:replace_alu$4325 [16] $auto$alumacc.cc:490:replace_alu$4325 [17] $auto$alumacc.cc:490:replace_alu$4325 [18] $auto$alumacc.cc:490:replace_alu$4325 [19] $auto$alumacc.cc:490:replace_alu$4325 [20] $auto$alumacc.cc:490:replace_alu$4325 [21] $auto$alumacc.cc:490:replace_alu$4325 [22] $auto$alumacc.cc:490:replace_alu$4325 [23] $auto$alumacc.cc:490:replace_alu$4325 [24] $auto$alumacc.cc:490:replace_alu$4325 [25] $auto$alumacc.cc:490:replace_alu$4325 [26] $auto$alumacc.cc:490:replace_alu$4325 [27] $auto$alumacc.cc:490:replace_alu$4325 [28] $auto$alumacc.cc:490:replace_alu$4325 [29] $auto$alumacc.cc:490:replace_alu$4325 [30] $auto$alumacc.cc:490:replace_alu$4325 [31] }
    New input vector for $reduce_and cell $auto$alumacc.cc:64:get_eq$4340: { $auto$alumacc.cc:490:replace_alu$4338 [0] $auto$alumacc.cc:490:replace_alu$4338 [1] $auto$alumacc.cc:490:replace_alu$4338 [2] $auto$alumacc.cc:490:replace_alu$4338 [3] $auto$alumacc.cc:490:replace_alu$4338 [4] $auto$alumacc.cc:490:replace_alu$4338 [5] $auto$alumacc.cc:490:replace_alu$4338 [6] $auto$alumacc.cc:490:replace_alu$4338 [7] $auto$alumacc.cc:490:replace_alu$4338 [8] $auto$alumacc.cc:490:replace_alu$4338 [9] $auto$alumacc.cc:490:replace_alu$4338 [10] $auto$alumacc.cc:490:replace_alu$4338 [11] $auto$alumacc.cc:490:replace_alu$4338 [12] $auto$alumacc.cc:490:replace_alu$4338 [13] $auto$alumacc.cc:490:replace_alu$4338 [14] $auto$alumacc.cc:490:replace_alu$4338 [15] $auto$alumacc.cc:490:replace_alu$4338 [16] $auto$alumacc.cc:490:replace_alu$4338 [17] $auto$alumacc.cc:490:replace_alu$4338 [18] $auto$alumacc.cc:490:replace_alu$4338 [19] $auto$alumacc.cc:490:replace_alu$4338 [20] $auto$alumacc.cc:490:replace_alu$4338 [21] $auto$alumacc.cc:490:replace_alu$4338 [22] $auto$alumacc.cc:490:replace_alu$4338 [23] $auto$alumacc.cc:490:replace_alu$4338 [24] $auto$alumacc.cc:490:replace_alu$4338 [25] $auto$alumacc.cc:490:replace_alu$4338 [26] $auto$alumacc.cc:490:replace_alu$4338 [27] $auto$alumacc.cc:490:replace_alu$4338 [28] $auto$alumacc.cc:490:replace_alu$4338 [29] $auto$alumacc.cc:490:replace_alu$4338 [30] $auto$alumacc.cc:490:replace_alu$4338 [31] }
    New input vector for $reduce_and cell $auto$alumacc.cc:64:get_eq$4353: { $auto$alumacc.cc:490:replace_alu$4351 [0] $auto$alumacc.cc:490:replace_alu$4351 [1] $auto$alumacc.cc:490:replace_alu$4351 [2] $auto$alumacc.cc:490:replace_alu$4351 [3] $auto$alumacc.cc:490:replace_alu$4351 [4] $auto$alumacc.cc:490:replace_alu$4351 [5] $auto$alumacc.cc:490:replace_alu$4351 [6] $auto$alumacc.cc:490:replace_alu$4351 [7] $auto$alumacc.cc:490:replace_alu$4351 [8] $auto$alumacc.cc:490:replace_alu$4351 [9] $auto$alumacc.cc:490:replace_alu$4351 [10] $auto$alumacc.cc:490:replace_alu$4351 [11] $auto$alumacc.cc:490:replace_alu$4351 [12] $auto$alumacc.cc:490:replace_alu$4351 [13] $auto$alumacc.cc:490:replace_alu$4351 [14] $auto$alumacc.cc:490:replace_alu$4351 [15] $auto$alumacc.cc:490:replace_alu$4351 [16] $auto$alumacc.cc:490:replace_alu$4351 [17] $auto$alumacc.cc:490:replace_alu$4351 [18] $auto$alumacc.cc:490:replace_alu$4351 [19] $auto$alumacc.cc:490:replace_alu$4351 [20] $auto$alumacc.cc:490:replace_alu$4351 [21] $auto$alumacc.cc:490:replace_alu$4351 [22] $auto$alumacc.cc:490:replace_alu$4351 [23] $auto$alumacc.cc:490:replace_alu$4351 [24] $auto$alumacc.cc:490:replace_alu$4351 [25] $auto$alumacc.cc:490:replace_alu$4351 [26] $auto$alumacc.cc:490:replace_alu$4351 [27] $auto$alumacc.cc:490:replace_alu$4351 [28] $auto$alumacc.cc:490:replace_alu$4351 [29] $auto$alumacc.cc:490:replace_alu$4351 [30] $auto$alumacc.cc:490:replace_alu$4351 [31] }
    New input vector for $reduce_and cell $auto$alumacc.cc:64:get_eq$4366: { $auto$alumacc.cc:490:replace_alu$4364 [0] $auto$alumacc.cc:490:replace_alu$4364 [1] $auto$alumacc.cc:490:replace_alu$4364 [2] $auto$alumacc.cc:490:replace_alu$4364 [3] $auto$alumacc.cc:490:replace_alu$4364 [4] $auto$alumacc.cc:490:replace_alu$4364 [5] $auto$alumacc.cc:490:replace_alu$4364 [6] }
    New input vector for $reduce_and cell $auto$alumacc.cc:64:get_eq$4377: { $auto$alumacc.cc:490:replace_alu$4375 [0] $auto$alumacc.cc:490:replace_alu$4375 [1] $auto$alumacc.cc:490:replace_alu$4375 [2] $auto$alumacc.cc:490:replace_alu$4375 [3] $auto$alumacc.cc:490:replace_alu$4375 [4] $auto$alumacc.cc:490:replace_alu$4375 [5] $auto$alumacc.cc:490:replace_alu$4375 [6] $auto$alumacc.cc:490:replace_alu$4375 [7] $auto$alumacc.cc:490:replace_alu$4375 [8] $auto$alumacc.cc:490:replace_alu$4375 [9] $auto$alumacc.cc:490:replace_alu$4375 [10] $auto$alumacc.cc:490:replace_alu$4375 [11] $auto$alumacc.cc:490:replace_alu$4375 [12] $auto$alumacc.cc:490:replace_alu$4375 [13] $auto$alumacc.cc:490:replace_alu$4375 [14] $auto$alumacc.cc:490:replace_alu$4375 [15] $auto$alumacc.cc:490:replace_alu$4375 [16] $auto$alumacc.cc:490:replace_alu$4375 [17] $auto$alumacc.cc:490:replace_alu$4375 [18] $auto$alumacc.cc:490:replace_alu$4375 [19] $auto$alumacc.cc:490:replace_alu$4375 [20] $auto$alumacc.cc:490:replace_alu$4375 [21] $auto$alumacc.cc:490:replace_alu$4375 [22] $auto$alumacc.cc:490:replace_alu$4375 [23] $auto$alumacc.cc:490:replace_alu$4375 [24] $auto$alumacc.cc:490:replace_alu$4375 [25] $auto$alumacc.cc:490:replace_alu$4375 [26] $auto$alumacc.cc:490:replace_alu$4375 [27] $auto$alumacc.cc:490:replace_alu$4375 [28] $auto$alumacc.cc:490:replace_alu$4375 [29] $auto$alumacc.cc:490:replace_alu$4375 [30] $auto$alumacc.cc:490:replace_alu$4375 [31] }
    New input vector for $reduce_and cell $auto$alumacc.cc:64:get_eq$4390: { $auto$alumacc.cc:490:replace_alu$4388 [0] $auto$alumacc.cc:490:replace_alu$4388 [1] $auto$alumacc.cc:490:replace_alu$4388 [2] $auto$alumacc.cc:490:replace_alu$4388 [3] $auto$alumacc.cc:490:replace_alu$4388 [4] $auto$alumacc.cc:490:replace_alu$4388 [5] $auto$alumacc.cc:490:replace_alu$4388 [6] $auto$alumacc.cc:490:replace_alu$4388 [7] $auto$alumacc.cc:490:replace_alu$4388 [8] $auto$alumacc.cc:490:replace_alu$4388 [9] $auto$alumacc.cc:490:replace_alu$4388 [10] $auto$alumacc.cc:490:replace_alu$4388 [11] $auto$alumacc.cc:490:replace_alu$4388 [12] $auto$alumacc.cc:490:replace_alu$4388 [13] $auto$alumacc.cc:490:replace_alu$4388 [14] $auto$alumacc.cc:490:replace_alu$4388 [15] $auto$alumacc.cc:490:replace_alu$4388 [16] $auto$alumacc.cc:490:replace_alu$4388 [17] $auto$alumacc.cc:490:replace_alu$4388 [18] $auto$alumacc.cc:490:replace_alu$4388 [19] $auto$alumacc.cc:490:replace_alu$4388 [20] $auto$alumacc.cc:490:replace_alu$4388 [21] $auto$alumacc.cc:490:replace_alu$4388 [22] $auto$alumacc.cc:490:replace_alu$4388 [23] $auto$alumacc.cc:490:replace_alu$4388 [24] $auto$alumacc.cc:490:replace_alu$4388 [25] $auto$alumacc.cc:490:replace_alu$4388 [26] $auto$alumacc.cc:490:replace_alu$4388 [27] $auto$alumacc.cc:490:replace_alu$4388 [28] $auto$alumacc.cc:490:replace_alu$4388 [29] $auto$alumacc.cc:490:replace_alu$4388 [30] $auto$alumacc.cc:490:replace_alu$4388 [31] }
    New input vector for $reduce_and cell $auto$alumacc.cc:64:get_eq$4403: { $auto$alumacc.cc:490:replace_alu$4401 [0] $auto$alumacc.cc:490:replace_alu$4401 [1] $auto$alumacc.cc:490:replace_alu$4401 [2] $auto$alumacc.cc:490:replace_alu$4401 [3] $auto$alumacc.cc:490:replace_alu$4401 [4] $auto$alumacc.cc:490:replace_alu$4401 [5] $auto$alumacc.cc:490:replace_alu$4401 [6] $auto$alumacc.cc:490:replace_alu$4401 [7] $auto$alumacc.cc:490:replace_alu$4401 [8] $auto$alumacc.cc:490:replace_alu$4401 [9] $auto$alumacc.cc:490:replace_alu$4401 [10] $auto$alumacc.cc:490:replace_alu$4401 [11] $auto$alumacc.cc:490:replace_alu$4401 [12] $auto$alumacc.cc:490:replace_alu$4401 [13] $auto$alumacc.cc:490:replace_alu$4401 [14] $auto$alumacc.cc:490:replace_alu$4401 [15] $auto$alumacc.cc:490:replace_alu$4401 [16] $auto$alumacc.cc:490:replace_alu$4401 [17] $auto$alumacc.cc:490:replace_alu$4401 [18] $auto$alumacc.cc:490:replace_alu$4401 [19] $auto$alumacc.cc:490:replace_alu$4401 [20] $auto$alumacc.cc:490:replace_alu$4401 [21] $auto$alumacc.cc:490:replace_alu$4401 [22] $auto$alumacc.cc:490:replace_alu$4401 [23] $auto$alumacc.cc:490:replace_alu$4401 [24] $auto$alumacc.cc:490:replace_alu$4401 [25] $auto$alumacc.cc:490:replace_alu$4401 [26] $auto$alumacc.cc:490:replace_alu$4401 [27] $auto$alumacc.cc:490:replace_alu$4401 [28] $auto$alumacc.cc:490:replace_alu$4401 [29] $auto$alumacc.cc:490:replace_alu$4401 [30] $auto$alumacc.cc:490:replace_alu$4401 [31] }
    New input vector for $reduce_and cell $auto$alumacc.cc:64:get_eq$4416: { $auto$alumacc.cc:490:replace_alu$4414 [0] $auto$alumacc.cc:490:replace_alu$4414 [1] $auto$alumacc.cc:490:replace_alu$4414 [2] $auto$alumacc.cc:490:replace_alu$4414 [3] $auto$alumacc.cc:490:replace_alu$4414 [4] $auto$alumacc.cc:490:replace_alu$4414 [5] $auto$alumacc.cc:490:replace_alu$4414 [6] $auto$alumacc.cc:490:replace_alu$4414 [7] $auto$alumacc.cc:490:replace_alu$4414 [8] $auto$alumacc.cc:490:replace_alu$4414 [9] $auto$alumacc.cc:490:replace_alu$4414 [10] $auto$alumacc.cc:490:replace_alu$4414 [11] $auto$alumacc.cc:490:replace_alu$4414 [12] $auto$alumacc.cc:490:replace_alu$4414 [13] $auto$alumacc.cc:490:replace_alu$4414 [14] $auto$alumacc.cc:490:replace_alu$4414 [15] $auto$alumacc.cc:490:replace_alu$4414 [16] $auto$alumacc.cc:490:replace_alu$4414 [17] $auto$alumacc.cc:490:replace_alu$4414 [18] $auto$alumacc.cc:490:replace_alu$4414 [19] $auto$alumacc.cc:490:replace_alu$4414 [20] $auto$alumacc.cc:490:replace_alu$4414 [21] $auto$alumacc.cc:490:replace_alu$4414 [22] $auto$alumacc.cc:490:replace_alu$4414 [23] $auto$alumacc.cc:490:replace_alu$4414 [24] $auto$alumacc.cc:490:replace_alu$4414 [25] $auto$alumacc.cc:490:replace_alu$4414 [26] $auto$alumacc.cc:490:replace_alu$4414 [27] $auto$alumacc.cc:490:replace_alu$4414 [28] $auto$alumacc.cc:490:replace_alu$4414 [29] $auto$alumacc.cc:490:replace_alu$4414 [30] $auto$alumacc.cc:490:replace_alu$4414 [31] }
    New input vector for $reduce_and cell $auto$alumacc.cc:64:get_eq$4429: { $auto$alumacc.cc:490:replace_alu$4427 [0] $auto$alumacc.cc:490:replace_alu$4427 [1] $auto$alumacc.cc:490:replace_alu$4427 [2] $auto$alumacc.cc:490:replace_alu$4427 [3] $auto$alumacc.cc:490:replace_alu$4427 [4] $auto$alumacc.cc:490:replace_alu$4427 [5] $auto$alumacc.cc:490:replace_alu$4427 [6] $auto$alumacc.cc:490:replace_alu$4427 [7] $auto$alumacc.cc:490:replace_alu$4427 [8] $auto$alumacc.cc:490:replace_alu$4427 [9] $auto$alumacc.cc:490:replace_alu$4427 [10] $auto$alumacc.cc:490:replace_alu$4427 [11] $auto$alumacc.cc:490:replace_alu$4427 [12] $auto$alumacc.cc:490:replace_alu$4427 [13] $auto$alumacc.cc:490:replace_alu$4427 [14] $auto$alumacc.cc:490:replace_alu$4427 [15] $auto$alumacc.cc:490:replace_alu$4427 [16] $auto$alumacc.cc:490:replace_alu$4427 [17] $auto$alumacc.cc:490:replace_alu$4427 [18] $auto$alumacc.cc:490:replace_alu$4427 [19] $auto$alumacc.cc:490:replace_alu$4427 [20] $auto$alumacc.cc:490:replace_alu$4427 [21] $auto$alumacc.cc:490:replace_alu$4427 [22] $auto$alumacc.cc:490:replace_alu$4427 [23] $auto$alumacc.cc:490:replace_alu$4427 [24] $auto$alumacc.cc:490:replace_alu$4427 [25] $auto$alumacc.cc:490:replace_alu$4427 [26] $auto$alumacc.cc:490:replace_alu$4427 [27] $auto$alumacc.cc:490:replace_alu$4427 [28] $auto$alumacc.cc:490:replace_alu$4427 [29] $auto$alumacc.cc:490:replace_alu$4427 [30] $auto$alumacc.cc:490:replace_alu$4427 [31] }
    New input vector for $reduce_and cell $auto$alumacc.cc:64:get_eq$4442: { $auto$alumacc.cc:490:replace_alu$4440 [0] $auto$alumacc.cc:490:replace_alu$4440 [1] $auto$alumacc.cc:490:replace_alu$4440 [2] $auto$alumacc.cc:490:replace_alu$4440 [3] $auto$alumacc.cc:490:replace_alu$4440 [4] $auto$alumacc.cc:490:replace_alu$4440 [5] $auto$alumacc.cc:490:replace_alu$4440 [6] $auto$alumacc.cc:490:replace_alu$4440 [7] $auto$alumacc.cc:490:replace_alu$4440 [8] $auto$alumacc.cc:490:replace_alu$4440 [9] $auto$alumacc.cc:490:replace_alu$4440 [10] $auto$alumacc.cc:490:replace_alu$4440 [11] $auto$alumacc.cc:490:replace_alu$4440 [12] $auto$alumacc.cc:490:replace_alu$4440 [13] $auto$alumacc.cc:490:replace_alu$4440 [14] $auto$alumacc.cc:490:replace_alu$4440 [15] $auto$alumacc.cc:490:replace_alu$4440 [16] $auto$alumacc.cc:490:replace_alu$4440 [17] $auto$alumacc.cc:490:replace_alu$4440 [18] $auto$alumacc.cc:490:replace_alu$4440 [19] $auto$alumacc.cc:490:replace_alu$4440 [20] $auto$alumacc.cc:490:replace_alu$4440 [21] $auto$alumacc.cc:490:replace_alu$4440 [22] $auto$alumacc.cc:490:replace_alu$4440 [23] $auto$alumacc.cc:490:replace_alu$4440 [24] $auto$alumacc.cc:490:replace_alu$4440 [25] $auto$alumacc.cc:490:replace_alu$4440 [26] $auto$alumacc.cc:490:replace_alu$4440 [27] $auto$alumacc.cc:490:replace_alu$4440 [28] $auto$alumacc.cc:490:replace_alu$4440 [29] $auto$alumacc.cc:490:replace_alu$4440 [30] $auto$alumacc.cc:490:replace_alu$4440 [31] }
    New input vector for $reduce_and cell $auto$alumacc.cc:64:get_eq$4455: { $auto$alumacc.cc:490:replace_alu$4453 [0] $auto$alumacc.cc:490:replace_alu$4453 [1] $auto$alumacc.cc:490:replace_alu$4453 [2] $auto$alumacc.cc:490:replace_alu$4453 [3] $auto$alumacc.cc:490:replace_alu$4453 [4] $auto$alumacc.cc:490:replace_alu$4453 [5] $auto$alumacc.cc:490:replace_alu$4453 [6] $auto$alumacc.cc:490:replace_alu$4453 [7] $auto$alumacc.cc:490:replace_alu$4453 [8] $auto$alumacc.cc:490:replace_alu$4453 [9] $auto$alumacc.cc:490:replace_alu$4453 [10] $auto$alumacc.cc:490:replace_alu$4453 [11] $auto$alumacc.cc:490:replace_alu$4453 [12] $auto$alumacc.cc:490:replace_alu$4453 [13] $auto$alumacc.cc:490:replace_alu$4453 [14] $auto$alumacc.cc:490:replace_alu$4453 [15] $auto$alumacc.cc:490:replace_alu$4453 [16] $auto$alumacc.cc:490:replace_alu$4453 [17] $auto$alumacc.cc:490:replace_alu$4453 [18] $auto$alumacc.cc:490:replace_alu$4453 [19] $auto$alumacc.cc:490:replace_alu$4453 [20] $auto$alumacc.cc:490:replace_alu$4453 [21] $auto$alumacc.cc:490:replace_alu$4453 [22] $auto$alumacc.cc:490:replace_alu$4453 [23] $auto$alumacc.cc:490:replace_alu$4453 [24] $auto$alumacc.cc:490:replace_alu$4453 [25] $auto$alumacc.cc:490:replace_alu$4453 [26] $auto$alumacc.cc:490:replace_alu$4453 [27] $auto$alumacc.cc:490:replace_alu$4453 [28] $auto$alumacc.cc:490:replace_alu$4453 [29] $auto$alumacc.cc:490:replace_alu$4453 [30] $auto$alumacc.cc:490:replace_alu$4453 [31] }
    New input vector for $reduce_and cell $auto$alumacc.cc:64:get_eq$4468: { $auto$alumacc.cc:490:replace_alu$4466 [0] $auto$alumacc.cc:490:replace_alu$4466 [1] $auto$alumacc.cc:490:replace_alu$4466 [2] $auto$alumacc.cc:490:replace_alu$4466 [3] $auto$alumacc.cc:490:replace_alu$4466 [4] $auto$alumacc.cc:490:replace_alu$4466 [5] $auto$alumacc.cc:490:replace_alu$4466 [6] $auto$alumacc.cc:490:replace_alu$4466 [7] $auto$alumacc.cc:490:replace_alu$4466 [8] $auto$alumacc.cc:490:replace_alu$4466 [9] $auto$alumacc.cc:490:replace_alu$4466 [10] $auto$alumacc.cc:490:replace_alu$4466 [11] $auto$alumacc.cc:490:replace_alu$4466 [12] $auto$alumacc.cc:490:replace_alu$4466 [13] $auto$alumacc.cc:490:replace_alu$4466 [14] $auto$alumacc.cc:490:replace_alu$4466 [15] $auto$alumacc.cc:490:replace_alu$4466 [16] $auto$alumacc.cc:490:replace_alu$4466 [17] $auto$alumacc.cc:490:replace_alu$4466 [18] $auto$alumacc.cc:490:replace_alu$4466 [19] $auto$alumacc.cc:490:replace_alu$4466 [20] $auto$alumacc.cc:490:replace_alu$4466 [21] $auto$alumacc.cc:490:replace_alu$4466 [22] $auto$alumacc.cc:490:replace_alu$4466 [23] $auto$alumacc.cc:490:replace_alu$4466 [24] $auto$alumacc.cc:490:replace_alu$4466 [25] $auto$alumacc.cc:490:replace_alu$4466 [26] $auto$alumacc.cc:490:replace_alu$4466 [27] $auto$alumacc.cc:490:replace_alu$4466 [28] $auto$alumacc.cc:490:replace_alu$4466 [29] $auto$alumacc.cc:490:replace_alu$4466 [30] $auto$alumacc.cc:490:replace_alu$4466 [31] }
    New input vector for $reduce_and cell $auto$alumacc.cc:64:get_eq$4481: { $auto$alumacc.cc:490:replace_alu$4479 [0] $auto$alumacc.cc:490:replace_alu$4479 [1] $auto$alumacc.cc:490:replace_alu$4479 [2] $auto$alumacc.cc:490:replace_alu$4479 [3] $auto$alumacc.cc:490:replace_alu$4479 [4] $auto$alumacc.cc:490:replace_alu$4479 [5] $auto$alumacc.cc:490:replace_alu$4479 [6] $auto$alumacc.cc:490:replace_alu$4479 [7] $auto$alumacc.cc:490:replace_alu$4479 [8] $auto$alumacc.cc:490:replace_alu$4479 [9] $auto$alumacc.cc:490:replace_alu$4479 [10] $auto$alumacc.cc:490:replace_alu$4479 [11] $auto$alumacc.cc:490:replace_alu$4479 [12] $auto$alumacc.cc:490:replace_alu$4479 [13] $auto$alumacc.cc:490:replace_alu$4479 [14] $auto$alumacc.cc:490:replace_alu$4479 [15] $auto$alumacc.cc:490:replace_alu$4479 [16] $auto$alumacc.cc:490:replace_alu$4479 [17] $auto$alumacc.cc:490:replace_alu$4479 [18] $auto$alumacc.cc:490:replace_alu$4479 [19] $auto$alumacc.cc:490:replace_alu$4479 [20] $auto$alumacc.cc:490:replace_alu$4479 [21] $auto$alumacc.cc:490:replace_alu$4479 [22] $auto$alumacc.cc:490:replace_alu$4479 [23] $auto$alumacc.cc:490:replace_alu$4479 [24] $auto$alumacc.cc:490:replace_alu$4479 [25] $auto$alumacc.cc:490:replace_alu$4479 [26] $auto$alumacc.cc:490:replace_alu$4479 [27] $auto$alumacc.cc:490:replace_alu$4479 [28] $auto$alumacc.cc:490:replace_alu$4479 [29] $auto$alumacc.cc:490:replace_alu$4479 [30] $auto$alumacc.cc:490:replace_alu$4479 [31] }
    New input vector for $reduce_and cell $auto$alumacc.cc:64:get_eq$4494: { $auto$alumacc.cc:490:replace_alu$4492 [0] $auto$alumacc.cc:490:replace_alu$4492 [1] $auto$alumacc.cc:490:replace_alu$4492 [2] $auto$alumacc.cc:490:replace_alu$4492 [3] $auto$alumacc.cc:490:replace_alu$4492 [4] $auto$alumacc.cc:490:replace_alu$4492 [5] $auto$alumacc.cc:490:replace_alu$4492 [6] $auto$alumacc.cc:490:replace_alu$4492 [7] $auto$alumacc.cc:490:replace_alu$4492 [8] $auto$alumacc.cc:490:replace_alu$4492 [9] $auto$alumacc.cc:490:replace_alu$4492 [10] $auto$alumacc.cc:490:replace_alu$4492 [11] $auto$alumacc.cc:490:replace_alu$4492 [12] $auto$alumacc.cc:490:replace_alu$4492 [13] $auto$alumacc.cc:490:replace_alu$4492 [14] $auto$alumacc.cc:490:replace_alu$4492 [15] $auto$alumacc.cc:490:replace_alu$4492 [16] $auto$alumacc.cc:490:replace_alu$4492 [17] $auto$alumacc.cc:490:replace_alu$4492 [18] $auto$alumacc.cc:490:replace_alu$4492 [19] $auto$alumacc.cc:490:replace_alu$4492 [20] $auto$alumacc.cc:490:replace_alu$4492 [21] $auto$alumacc.cc:490:replace_alu$4492 [22] $auto$alumacc.cc:490:replace_alu$4492 [23] $auto$alumacc.cc:490:replace_alu$4492 [24] $auto$alumacc.cc:490:replace_alu$4492 [25] $auto$alumacc.cc:490:replace_alu$4492 [26] $auto$alumacc.cc:490:replace_alu$4492 [27] $auto$alumacc.cc:490:replace_alu$4492 [28] $auto$alumacc.cc:490:replace_alu$4492 [29] $auto$alumacc.cc:490:replace_alu$4492 [30] $auto$alumacc.cc:490:replace_alu$4492 [31] }
    New input vector for $reduce_and cell $auto$alumacc.cc:64:get_eq$4507: { $auto$alumacc.cc:490:replace_alu$4505 [0] $auto$alumacc.cc:490:replace_alu$4505 [1] $auto$alumacc.cc:490:replace_alu$4505 [2] $auto$alumacc.cc:490:replace_alu$4505 [3] $auto$alumacc.cc:490:replace_alu$4505 [4] $auto$alumacc.cc:490:replace_alu$4505 [5] $auto$alumacc.cc:490:replace_alu$4505 [6] $auto$alumacc.cc:490:replace_alu$4505 [7] $auto$alumacc.cc:490:replace_alu$4505 [8] $auto$alumacc.cc:490:replace_alu$4505 [9] $auto$alumacc.cc:490:replace_alu$4505 [10] $auto$alumacc.cc:490:replace_alu$4505 [11] $auto$alumacc.cc:490:replace_alu$4505 [12] $auto$alumacc.cc:490:replace_alu$4505 [13] $auto$alumacc.cc:490:replace_alu$4505 [14] $auto$alumacc.cc:490:replace_alu$4505 [15] $auto$alumacc.cc:490:replace_alu$4505 [16] $auto$alumacc.cc:490:replace_alu$4505 [17] $auto$alumacc.cc:490:replace_alu$4505 [18] $auto$alumacc.cc:490:replace_alu$4505 [19] $auto$alumacc.cc:490:replace_alu$4505 [20] $auto$alumacc.cc:490:replace_alu$4505 [21] $auto$alumacc.cc:490:replace_alu$4505 [22] $auto$alumacc.cc:490:replace_alu$4505 [23] $auto$alumacc.cc:490:replace_alu$4505 [24] $auto$alumacc.cc:490:replace_alu$4505 [25] $auto$alumacc.cc:490:replace_alu$4505 [26] $auto$alumacc.cc:490:replace_alu$4505 [27] $auto$alumacc.cc:490:replace_alu$4505 [28] $auto$alumacc.cc:490:replace_alu$4505 [29] $auto$alumacc.cc:490:replace_alu$4505 [30] $auto$alumacc.cc:490:replace_alu$4505 [31] }
    New input vector for $reduce_and cell $auto$alumacc.cc:64:get_eq$4520: { $auto$alumacc.cc:490:replace_alu$4518 [0] $auto$alumacc.cc:490:replace_alu$4518 [1] $auto$alumacc.cc:490:replace_alu$4518 [2] $auto$alumacc.cc:490:replace_alu$4518 [3] $auto$alumacc.cc:490:replace_alu$4518 [4] $auto$alumacc.cc:490:replace_alu$4518 [5] $auto$alumacc.cc:490:replace_alu$4518 [6] $auto$alumacc.cc:490:replace_alu$4518 [7] $auto$alumacc.cc:490:replace_alu$4518 [8] $auto$alumacc.cc:490:replace_alu$4518 [9] $auto$alumacc.cc:490:replace_alu$4518 [10] $auto$alumacc.cc:490:replace_alu$4518 [11] $auto$alumacc.cc:490:replace_alu$4518 [12] $auto$alumacc.cc:490:replace_alu$4518 [13] $auto$alumacc.cc:490:replace_alu$4518 [14] $auto$alumacc.cc:490:replace_alu$4518 [15] $auto$alumacc.cc:490:replace_alu$4518 [16] $auto$alumacc.cc:490:replace_alu$4518 [17] $auto$alumacc.cc:490:replace_alu$4518 [18] $auto$alumacc.cc:490:replace_alu$4518 [19] $auto$alumacc.cc:490:replace_alu$4518 [20] $auto$alumacc.cc:490:replace_alu$4518 [21] $auto$alumacc.cc:490:replace_alu$4518 [22] $auto$alumacc.cc:490:replace_alu$4518 [23] $auto$alumacc.cc:490:replace_alu$4518 [24] $auto$alumacc.cc:490:replace_alu$4518 [25] $auto$alumacc.cc:490:replace_alu$4518 [26] $auto$alumacc.cc:490:replace_alu$4518 [27] $auto$alumacc.cc:490:replace_alu$4518 [28] $auto$alumacc.cc:490:replace_alu$4518 [29] $auto$alumacc.cc:490:replace_alu$4518 [30] $auto$alumacc.cc:490:replace_alu$4518 [31] }
    New input vector for $reduce_and cell $auto$alumacc.cc:64:get_eq$4533: { $auto$alumacc.cc:490:replace_alu$4531 [0] $auto$alumacc.cc:490:replace_alu$4531 [1] $auto$alumacc.cc:490:replace_alu$4531 [2] $auto$alumacc.cc:490:replace_alu$4531 [3] $auto$alumacc.cc:490:replace_alu$4531 [4] $auto$alumacc.cc:490:replace_alu$4531 [5] $auto$alumacc.cc:490:replace_alu$4531 [6] $auto$alumacc.cc:490:replace_alu$4531 [7] $auto$alumacc.cc:490:replace_alu$4531 [8] $auto$alumacc.cc:490:replace_alu$4531 [9] $auto$alumacc.cc:490:replace_alu$4531 [10] $auto$alumacc.cc:490:replace_alu$4531 [11] $auto$alumacc.cc:490:replace_alu$4531 [12] $auto$alumacc.cc:490:replace_alu$4531 [13] $auto$alumacc.cc:490:replace_alu$4531 [14] $auto$alumacc.cc:490:replace_alu$4531 [15] $auto$alumacc.cc:490:replace_alu$4531 [16] $auto$alumacc.cc:490:replace_alu$4531 [17] $auto$alumacc.cc:490:replace_alu$4531 [18] $auto$alumacc.cc:490:replace_alu$4531 [19] $auto$alumacc.cc:490:replace_alu$4531 [20] $auto$alumacc.cc:490:replace_alu$4531 [21] $auto$alumacc.cc:490:replace_alu$4531 [22] $auto$alumacc.cc:490:replace_alu$4531 [23] $auto$alumacc.cc:490:replace_alu$4531 [24] $auto$alumacc.cc:490:replace_alu$4531 [25] $auto$alumacc.cc:490:replace_alu$4531 [26] $auto$alumacc.cc:490:replace_alu$4531 [27] $auto$alumacc.cc:490:replace_alu$4531 [28] $auto$alumacc.cc:490:replace_alu$4531 [29] $auto$alumacc.cc:490:replace_alu$4531 [30] $auto$alumacc.cc:490:replace_alu$4531 [31] }
    New input vector for $reduce_and cell $auto$alumacc.cc:64:get_eq$4546: { $auto$alumacc.cc:490:replace_alu$4544 [0] $auto$alumacc.cc:490:replace_alu$4544 [1] $auto$alumacc.cc:490:replace_alu$4544 [2] $auto$alumacc.cc:490:replace_alu$4544 [3] $auto$alumacc.cc:490:replace_alu$4544 [4] $auto$alumacc.cc:490:replace_alu$4544 [5] $auto$alumacc.cc:490:replace_alu$4544 [6] $auto$alumacc.cc:490:replace_alu$4544 [7] $auto$alumacc.cc:490:replace_alu$4544 [8] $auto$alumacc.cc:490:replace_alu$4544 [9] $auto$alumacc.cc:490:replace_alu$4544 [10] $auto$alumacc.cc:490:replace_alu$4544 [11] $auto$alumacc.cc:490:replace_alu$4544 [12] $auto$alumacc.cc:490:replace_alu$4544 [13] $auto$alumacc.cc:490:replace_alu$4544 [14] $auto$alumacc.cc:490:replace_alu$4544 [15] $auto$alumacc.cc:490:replace_alu$4544 [16] $auto$alumacc.cc:490:replace_alu$4544 [17] $auto$alumacc.cc:490:replace_alu$4544 [18] $auto$alumacc.cc:490:replace_alu$4544 [19] $auto$alumacc.cc:490:replace_alu$4544 [20] $auto$alumacc.cc:490:replace_alu$4544 [21] $auto$alumacc.cc:490:replace_alu$4544 [22] $auto$alumacc.cc:490:replace_alu$4544 [23] $auto$alumacc.cc:490:replace_alu$4544 [24] $auto$alumacc.cc:490:replace_alu$4544 [25] $auto$alumacc.cc:490:replace_alu$4544 [26] $auto$alumacc.cc:490:replace_alu$4544 [27] $auto$alumacc.cc:490:replace_alu$4544 [28] $auto$alumacc.cc:490:replace_alu$4544 [29] $auto$alumacc.cc:490:replace_alu$4544 [30] $auto$alumacc.cc:490:replace_alu$4544 [31] }
    New input vector for $reduce_and cell $auto$alumacc.cc:64:get_eq$4559: { $auto$alumacc.cc:490:replace_alu$4557 [0] $auto$alumacc.cc:490:replace_alu$4557 [1] $auto$alumacc.cc:490:replace_alu$4557 [2] $auto$alumacc.cc:490:replace_alu$4557 [3] $auto$alumacc.cc:490:replace_alu$4557 [4] $auto$alumacc.cc:490:replace_alu$4557 [5] $auto$alumacc.cc:490:replace_alu$4557 [6] $auto$alumacc.cc:490:replace_alu$4557 [7] $auto$alumacc.cc:490:replace_alu$4557 [8] $auto$alumacc.cc:490:replace_alu$4557 [9] $auto$alumacc.cc:490:replace_alu$4557 [10] $auto$alumacc.cc:490:replace_alu$4557 [11] $auto$alumacc.cc:490:replace_alu$4557 [12] $auto$alumacc.cc:490:replace_alu$4557 [13] $auto$alumacc.cc:490:replace_alu$4557 [14] $auto$alumacc.cc:490:replace_alu$4557 [15] $auto$alumacc.cc:490:replace_alu$4557 [16] $auto$alumacc.cc:490:replace_alu$4557 [17] $auto$alumacc.cc:490:replace_alu$4557 [18] $auto$alumacc.cc:490:replace_alu$4557 [19] $auto$alumacc.cc:490:replace_alu$4557 [20] $auto$alumacc.cc:490:replace_alu$4557 [21] $auto$alumacc.cc:490:replace_alu$4557 [22] $auto$alumacc.cc:490:replace_alu$4557 [23] $auto$alumacc.cc:490:replace_alu$4557 [24] $auto$alumacc.cc:490:replace_alu$4557 [25] $auto$alumacc.cc:490:replace_alu$4557 [26] $auto$alumacc.cc:490:replace_alu$4557 [27] $auto$alumacc.cc:490:replace_alu$4557 [28] $auto$alumacc.cc:490:replace_alu$4557 [29] $auto$alumacc.cc:490:replace_alu$4557 [30] $auto$alumacc.cc:490:replace_alu$4557 [31] }
    New input vector for $reduce_and cell $auto$alumacc.cc:64:get_eq$4572: { $auto$alumacc.cc:490:replace_alu$4570 [0] $auto$alumacc.cc:490:replace_alu$4570 [1] $auto$alumacc.cc:490:replace_alu$4570 [2] $auto$alumacc.cc:490:replace_alu$4570 [3] $auto$alumacc.cc:490:replace_alu$4570 [4] $auto$alumacc.cc:490:replace_alu$4570 [5] $auto$alumacc.cc:490:replace_alu$4570 [6] $auto$alumacc.cc:490:replace_alu$4570 [7] $auto$alumacc.cc:490:replace_alu$4570 [8] $auto$alumacc.cc:490:replace_alu$4570 [9] $auto$alumacc.cc:490:replace_alu$4570 [10] $auto$alumacc.cc:490:replace_alu$4570 [11] $auto$alumacc.cc:490:replace_alu$4570 [12] $auto$alumacc.cc:490:replace_alu$4570 [13] $auto$alumacc.cc:490:replace_alu$4570 [14] $auto$alumacc.cc:490:replace_alu$4570 [15] $auto$alumacc.cc:490:replace_alu$4570 [16] $auto$alumacc.cc:490:replace_alu$4570 [17] $auto$alumacc.cc:490:replace_alu$4570 [18] $auto$alumacc.cc:490:replace_alu$4570 [19] $auto$alumacc.cc:490:replace_alu$4570 [20] $auto$alumacc.cc:490:replace_alu$4570 [21] $auto$alumacc.cc:490:replace_alu$4570 [22] $auto$alumacc.cc:490:replace_alu$4570 [23] $auto$alumacc.cc:490:replace_alu$4570 [24] $auto$alumacc.cc:490:replace_alu$4570 [25] $auto$alumacc.cc:490:replace_alu$4570 [26] $auto$alumacc.cc:490:replace_alu$4570 [27] $auto$alumacc.cc:490:replace_alu$4570 [28] $auto$alumacc.cc:490:replace_alu$4570 [29] $auto$alumacc.cc:490:replace_alu$4570 [30] $auto$alumacc.cc:490:replace_alu$4570 [31] }
    New input vector for $reduce_and cell $auto$alumacc.cc:64:get_eq$4585: { $auto$alumacc.cc:490:replace_alu$4583 [0] $auto$alumacc.cc:490:replace_alu$4583 [1] $auto$alumacc.cc:490:replace_alu$4583 [2] $auto$alumacc.cc:490:replace_alu$4583 [3] $auto$alumacc.cc:490:replace_alu$4583 [4] $auto$alumacc.cc:490:replace_alu$4583 [5] $auto$alumacc.cc:490:replace_alu$4583 [6] $auto$alumacc.cc:490:replace_alu$4583 [7] $auto$alumacc.cc:490:replace_alu$4583 [8] $auto$alumacc.cc:490:replace_alu$4583 [9] $auto$alumacc.cc:490:replace_alu$4583 [10] $auto$alumacc.cc:490:replace_alu$4583 [11] $auto$alumacc.cc:490:replace_alu$4583 [12] $auto$alumacc.cc:490:replace_alu$4583 [13] $auto$alumacc.cc:490:replace_alu$4583 [14] $auto$alumacc.cc:490:replace_alu$4583 [15] $auto$alumacc.cc:490:replace_alu$4583 [16] $auto$alumacc.cc:490:replace_alu$4583 [17] $auto$alumacc.cc:490:replace_alu$4583 [18] $auto$alumacc.cc:490:replace_alu$4583 [19] $auto$alumacc.cc:490:replace_alu$4583 [20] $auto$alumacc.cc:490:replace_alu$4583 [21] $auto$alumacc.cc:490:replace_alu$4583 [22] $auto$alumacc.cc:490:replace_alu$4583 [23] $auto$alumacc.cc:490:replace_alu$4583 [24] $auto$alumacc.cc:490:replace_alu$4583 [25] $auto$alumacc.cc:490:replace_alu$4583 [26] $auto$alumacc.cc:490:replace_alu$4583 [27] $auto$alumacc.cc:490:replace_alu$4583 [28] $auto$alumacc.cc:490:replace_alu$4583 [29] $auto$alumacc.cc:490:replace_alu$4583 [30] $auto$alumacc.cc:490:replace_alu$4583 [31] }
    New input vector for $reduce_and cell $auto$alumacc.cc:64:get_eq$4598: { $auto$alumacc.cc:490:replace_alu$4596 [0] $auto$alumacc.cc:490:replace_alu$4596 [1] $auto$alumacc.cc:490:replace_alu$4596 [2] $auto$alumacc.cc:490:replace_alu$4596 [3] $auto$alumacc.cc:490:replace_alu$4596 [4] $auto$alumacc.cc:490:replace_alu$4596 [5] $auto$alumacc.cc:490:replace_alu$4596 [6] $auto$alumacc.cc:490:replace_alu$4596 [7] $auto$alumacc.cc:490:replace_alu$4596 [8] $auto$alumacc.cc:490:replace_alu$4596 [9] $auto$alumacc.cc:490:replace_alu$4596 [10] $auto$alumacc.cc:490:replace_alu$4596 [11] $auto$alumacc.cc:490:replace_alu$4596 [12] $auto$alumacc.cc:490:replace_alu$4596 [13] $auto$alumacc.cc:490:replace_alu$4596 [14] $auto$alumacc.cc:490:replace_alu$4596 [15] $auto$alumacc.cc:490:replace_alu$4596 [16] $auto$alumacc.cc:490:replace_alu$4596 [17] $auto$alumacc.cc:490:replace_alu$4596 [18] $auto$alumacc.cc:490:replace_alu$4596 [19] $auto$alumacc.cc:490:replace_alu$4596 [20] $auto$alumacc.cc:490:replace_alu$4596 [21] $auto$alumacc.cc:490:replace_alu$4596 [22] $auto$alumacc.cc:490:replace_alu$4596 [23] $auto$alumacc.cc:490:replace_alu$4596 [24] $auto$alumacc.cc:490:replace_alu$4596 [25] $auto$alumacc.cc:490:replace_alu$4596 [26] $auto$alumacc.cc:490:replace_alu$4596 [27] $auto$alumacc.cc:490:replace_alu$4596 [28] $auto$alumacc.cc:490:replace_alu$4596 [29] $auto$alumacc.cc:490:replace_alu$4596 [30] $auto$alumacc.cc:490:replace_alu$4596 [31] }
    New input vector for $reduce_and cell $auto$alumacc.cc:64:get_eq$4611: { $auto$alumacc.cc:490:replace_alu$4609 [0] $auto$alumacc.cc:490:replace_alu$4609 [1] $auto$alumacc.cc:490:replace_alu$4609 [2] $auto$alumacc.cc:490:replace_alu$4609 [3] $auto$alumacc.cc:490:replace_alu$4609 [4] $auto$alumacc.cc:490:replace_alu$4609 [5] $auto$alumacc.cc:490:replace_alu$4609 [6] $auto$alumacc.cc:490:replace_alu$4609 [7] $auto$alumacc.cc:490:replace_alu$4609 [8] $auto$alumacc.cc:490:replace_alu$4609 [9] $auto$alumacc.cc:490:replace_alu$4609 [10] $auto$alumacc.cc:490:replace_alu$4609 [11] $auto$alumacc.cc:490:replace_alu$4609 [12] $auto$alumacc.cc:490:replace_alu$4609 [13] $auto$alumacc.cc:490:replace_alu$4609 [14] $auto$alumacc.cc:490:replace_alu$4609 [15] $auto$alumacc.cc:490:replace_alu$4609 [16] $auto$alumacc.cc:490:replace_alu$4609 [17] $auto$alumacc.cc:490:replace_alu$4609 [18] $auto$alumacc.cc:490:replace_alu$4609 [19] $auto$alumacc.cc:490:replace_alu$4609 [20] $auto$alumacc.cc:490:replace_alu$4609 [21] $auto$alumacc.cc:490:replace_alu$4609 [22] $auto$alumacc.cc:490:replace_alu$4609 [23] $auto$alumacc.cc:490:replace_alu$4609 [24] $auto$alumacc.cc:490:replace_alu$4609 [25] $auto$alumacc.cc:490:replace_alu$4609 [26] $auto$alumacc.cc:490:replace_alu$4609 [27] $auto$alumacc.cc:490:replace_alu$4609 [28] $auto$alumacc.cc:490:replace_alu$4609 [29] $auto$alumacc.cc:490:replace_alu$4609 [30] $auto$alumacc.cc:490:replace_alu$4609 [31] }
    New input vector for $reduce_and cell $auto$alumacc.cc:64:get_eq$4624: { $auto$alumacc.cc:490:replace_alu$4622 [0] $auto$alumacc.cc:490:replace_alu$4622 [1] $auto$alumacc.cc:490:replace_alu$4622 [2] $auto$alumacc.cc:490:replace_alu$4622 [3] $auto$alumacc.cc:490:replace_alu$4622 [4] $auto$alumacc.cc:490:replace_alu$4622 [5] $auto$alumacc.cc:490:replace_alu$4622 [6] $auto$alumacc.cc:490:replace_alu$4622 [7] $auto$alumacc.cc:490:replace_alu$4622 [8] $auto$alumacc.cc:490:replace_alu$4622 [9] $auto$alumacc.cc:490:replace_alu$4622 [10] $auto$alumacc.cc:490:replace_alu$4622 [11] $auto$alumacc.cc:490:replace_alu$4622 [12] $auto$alumacc.cc:490:replace_alu$4622 [13] $auto$alumacc.cc:490:replace_alu$4622 [14] $auto$alumacc.cc:490:replace_alu$4622 [15] $auto$alumacc.cc:490:replace_alu$4622 [16] $auto$alumacc.cc:490:replace_alu$4622 [17] $auto$alumacc.cc:490:replace_alu$4622 [18] $auto$alumacc.cc:490:replace_alu$4622 [19] $auto$alumacc.cc:490:replace_alu$4622 [20] $auto$alumacc.cc:490:replace_alu$4622 [21] $auto$alumacc.cc:490:replace_alu$4622 [22] $auto$alumacc.cc:490:replace_alu$4622 [23] $auto$alumacc.cc:490:replace_alu$4622 [24] $auto$alumacc.cc:490:replace_alu$4622 [25] $auto$alumacc.cc:490:replace_alu$4622 [26] $auto$alumacc.cc:490:replace_alu$4622 [27] $auto$alumacc.cc:490:replace_alu$4622 [28] $auto$alumacc.cc:490:replace_alu$4622 [29] $auto$alumacc.cc:490:replace_alu$4622 [30] $auto$alumacc.cc:490:replace_alu$4622 [31] }
    New input vector for $reduce_and cell $auto$alumacc.cc:64:get_eq$4637: { $auto$alumacc.cc:490:replace_alu$4635 [0] $auto$alumacc.cc:490:replace_alu$4635 [1] $auto$alumacc.cc:490:replace_alu$4635 [2] $auto$alumacc.cc:490:replace_alu$4635 [3] $auto$alumacc.cc:490:replace_alu$4635 [4] $auto$alumacc.cc:490:replace_alu$4635 [5] $auto$alumacc.cc:490:replace_alu$4635 [6] $auto$alumacc.cc:490:replace_alu$4635 [7] $auto$alumacc.cc:490:replace_alu$4635 [8] $auto$alumacc.cc:490:replace_alu$4635 [9] $auto$alumacc.cc:490:replace_alu$4635 [10] $auto$alumacc.cc:490:replace_alu$4635 [11] $auto$alumacc.cc:490:replace_alu$4635 [12] $auto$alumacc.cc:490:replace_alu$4635 [13] $auto$alumacc.cc:490:replace_alu$4635 [14] $auto$alumacc.cc:490:replace_alu$4635 [15] $auto$alumacc.cc:490:replace_alu$4635 [16] $auto$alumacc.cc:490:replace_alu$4635 [17] $auto$alumacc.cc:490:replace_alu$4635 [18] $auto$alumacc.cc:490:replace_alu$4635 [19] $auto$alumacc.cc:490:replace_alu$4635 [20] $auto$alumacc.cc:490:replace_alu$4635 [21] $auto$alumacc.cc:490:replace_alu$4635 [22] $auto$alumacc.cc:490:replace_alu$4635 [23] $auto$alumacc.cc:490:replace_alu$4635 [24] $auto$alumacc.cc:490:replace_alu$4635 [25] $auto$alumacc.cc:490:replace_alu$4635 [26] $auto$alumacc.cc:490:replace_alu$4635 [27] $auto$alumacc.cc:490:replace_alu$4635 [28] $auto$alumacc.cc:490:replace_alu$4635 [29] $auto$alumacc.cc:490:replace_alu$4635 [30] $auto$alumacc.cc:490:replace_alu$4635 [31] }
    New input vector for $reduce_and cell $auto$alumacc.cc:64:get_eq$4650: { $auto$alumacc.cc:490:replace_alu$4648 [0] $auto$alumacc.cc:490:replace_alu$4648 [1] $auto$alumacc.cc:490:replace_alu$4648 [2] $auto$alumacc.cc:490:replace_alu$4648 [3] $auto$alumacc.cc:490:replace_alu$4648 [4] $auto$alumacc.cc:490:replace_alu$4648 [5] $auto$alumacc.cc:490:replace_alu$4648 [6] $auto$alumacc.cc:490:replace_alu$4648 [7] $auto$alumacc.cc:490:replace_alu$4648 [8] $auto$alumacc.cc:490:replace_alu$4648 [9] $auto$alumacc.cc:490:replace_alu$4648 [10] $auto$alumacc.cc:490:replace_alu$4648 [11] $auto$alumacc.cc:490:replace_alu$4648 [12] $auto$alumacc.cc:490:replace_alu$4648 [13] $auto$alumacc.cc:490:replace_alu$4648 [14] $auto$alumacc.cc:490:replace_alu$4648 [15] $auto$alumacc.cc:490:replace_alu$4648 [16] $auto$alumacc.cc:490:replace_alu$4648 [17] $auto$alumacc.cc:490:replace_alu$4648 [18] $auto$alumacc.cc:490:replace_alu$4648 [19] $auto$alumacc.cc:490:replace_alu$4648 [20] $auto$alumacc.cc:490:replace_alu$4648 [21] $auto$alumacc.cc:490:replace_alu$4648 [22] $auto$alumacc.cc:490:replace_alu$4648 [23] $auto$alumacc.cc:490:replace_alu$4648 [24] $auto$alumacc.cc:490:replace_alu$4648 [25] $auto$alumacc.cc:490:replace_alu$4648 [26] $auto$alumacc.cc:490:replace_alu$4648 [27] $auto$alumacc.cc:490:replace_alu$4648 [28] $auto$alumacc.cc:490:replace_alu$4648 [29] $auto$alumacc.cc:490:replace_alu$4648 [30] $auto$alumacc.cc:490:replace_alu$4648 [31] }
    New input vector for $reduce_and cell $auto$alumacc.cc:64:get_eq$4663: { $auto$alumacc.cc:490:replace_alu$4661 [0] $auto$alumacc.cc:490:replace_alu$4661 [1] $auto$alumacc.cc:490:replace_alu$4661 [2] $auto$alumacc.cc:490:replace_alu$4661 [3] $auto$alumacc.cc:490:replace_alu$4661 [4] $auto$alumacc.cc:490:replace_alu$4661 [5] $auto$alumacc.cc:490:replace_alu$4661 [6] $auto$alumacc.cc:490:replace_alu$4661 [7] $auto$alumacc.cc:490:replace_alu$4661 [8] $auto$alumacc.cc:490:replace_alu$4661 [9] $auto$alumacc.cc:490:replace_alu$4661 [10] $auto$alumacc.cc:490:replace_alu$4661 [11] $auto$alumacc.cc:490:replace_alu$4661 [12] $auto$alumacc.cc:490:replace_alu$4661 [13] $auto$alumacc.cc:490:replace_alu$4661 [14] $auto$alumacc.cc:490:replace_alu$4661 [15] $auto$alumacc.cc:490:replace_alu$4661 [16] $auto$alumacc.cc:490:replace_alu$4661 [17] $auto$alumacc.cc:490:replace_alu$4661 [18] $auto$alumacc.cc:490:replace_alu$4661 [19] $auto$alumacc.cc:490:replace_alu$4661 [20] $auto$alumacc.cc:490:replace_alu$4661 [21] $auto$alumacc.cc:490:replace_alu$4661 [22] $auto$alumacc.cc:490:replace_alu$4661 [23] $auto$alumacc.cc:490:replace_alu$4661 [24] $auto$alumacc.cc:490:replace_alu$4661 [25] $auto$alumacc.cc:490:replace_alu$4661 [26] $auto$alumacc.cc:490:replace_alu$4661 [27] $auto$alumacc.cc:490:replace_alu$4661 [28] $auto$alumacc.cc:490:replace_alu$4661 [29] $auto$alumacc.cc:490:replace_alu$4661 [30] $auto$alumacc.cc:490:replace_alu$4661 [31] }
    New input vector for $reduce_and cell $auto$alumacc.cc:64:get_eq$4676: { $auto$alumacc.cc:490:replace_alu$4674 [0] $auto$alumacc.cc:490:replace_alu$4674 [1] $auto$alumacc.cc:490:replace_alu$4674 [2] $auto$alumacc.cc:490:replace_alu$4674 [3] $auto$alumacc.cc:490:replace_alu$4674 [4] $auto$alumacc.cc:490:replace_alu$4674 [5] $auto$alumacc.cc:490:replace_alu$4674 [6] $auto$alumacc.cc:490:replace_alu$4674 [7] $auto$alumacc.cc:490:replace_alu$4674 [8] $auto$alumacc.cc:490:replace_alu$4674 [9] $auto$alumacc.cc:490:replace_alu$4674 [10] $auto$alumacc.cc:490:replace_alu$4674 [11] $auto$alumacc.cc:490:replace_alu$4674 [12] $auto$alumacc.cc:490:replace_alu$4674 [13] $auto$alumacc.cc:490:replace_alu$4674 [14] $auto$alumacc.cc:490:replace_alu$4674 [15] $auto$alumacc.cc:490:replace_alu$4674 [16] $auto$alumacc.cc:490:replace_alu$4674 [17] $auto$alumacc.cc:490:replace_alu$4674 [18] $auto$alumacc.cc:490:replace_alu$4674 [19] $auto$alumacc.cc:490:replace_alu$4674 [20] $auto$alumacc.cc:490:replace_alu$4674 [21] $auto$alumacc.cc:490:replace_alu$4674 [22] $auto$alumacc.cc:490:replace_alu$4674 [23] $auto$alumacc.cc:490:replace_alu$4674 [24] $auto$alumacc.cc:490:replace_alu$4674 [25] $auto$alumacc.cc:490:replace_alu$4674 [26] $auto$alumacc.cc:490:replace_alu$4674 [27] $auto$alumacc.cc:490:replace_alu$4674 [28] $auto$alumacc.cc:490:replace_alu$4674 [29] $auto$alumacc.cc:490:replace_alu$4674 [30] $auto$alumacc.cc:490:replace_alu$4674 [31] }
    New input vector for $reduce_and cell $auto$alumacc.cc:64:get_eq$4689: { $auto$alumacc.cc:490:replace_alu$4687 [0] $auto$alumacc.cc:490:replace_alu$4687 [1] $auto$alumacc.cc:490:replace_alu$4687 [2] $auto$alumacc.cc:490:replace_alu$4687 [3] $auto$alumacc.cc:490:replace_alu$4687 [4] $auto$alumacc.cc:490:replace_alu$4687 [5] $auto$alumacc.cc:490:replace_alu$4687 [6] $auto$alumacc.cc:490:replace_alu$4687 [7] $auto$alumacc.cc:490:replace_alu$4687 [8] $auto$alumacc.cc:490:replace_alu$4687 [9] $auto$alumacc.cc:490:replace_alu$4687 [10] $auto$alumacc.cc:490:replace_alu$4687 [11] $auto$alumacc.cc:490:replace_alu$4687 [12] $auto$alumacc.cc:490:replace_alu$4687 [13] $auto$alumacc.cc:490:replace_alu$4687 [14] $auto$alumacc.cc:490:replace_alu$4687 [15] $auto$alumacc.cc:490:replace_alu$4687 [16] $auto$alumacc.cc:490:replace_alu$4687 [17] $auto$alumacc.cc:490:replace_alu$4687 [18] $auto$alumacc.cc:490:replace_alu$4687 [19] $auto$alumacc.cc:490:replace_alu$4687 [20] $auto$alumacc.cc:490:replace_alu$4687 [21] $auto$alumacc.cc:490:replace_alu$4687 [22] $auto$alumacc.cc:490:replace_alu$4687 [23] $auto$alumacc.cc:490:replace_alu$4687 [24] $auto$alumacc.cc:490:replace_alu$4687 [25] $auto$alumacc.cc:490:replace_alu$4687 [26] $auto$alumacc.cc:490:replace_alu$4687 [27] $auto$alumacc.cc:490:replace_alu$4687 [28] $auto$alumacc.cc:490:replace_alu$4687 [29] $auto$alumacc.cc:490:replace_alu$4687 [30] $auto$alumacc.cc:490:replace_alu$4687 [31] }
    New input vector for $reduce_and cell $auto$alumacc.cc:64:get_eq$4702: { $auto$alumacc.cc:490:replace_alu$4700 [0] $auto$alumacc.cc:490:replace_alu$4700 [1] $auto$alumacc.cc:490:replace_alu$4700 [2] $auto$alumacc.cc:490:replace_alu$4700 [3] $auto$alumacc.cc:490:replace_alu$4700 [4] $auto$alumacc.cc:490:replace_alu$4700 [5] $auto$alumacc.cc:490:replace_alu$4700 [6] $auto$alumacc.cc:490:replace_alu$4700 [7] $auto$alumacc.cc:490:replace_alu$4700 [8] $auto$alumacc.cc:490:replace_alu$4700 [9] $auto$alumacc.cc:490:replace_alu$4700 [10] $auto$alumacc.cc:490:replace_alu$4700 [11] $auto$alumacc.cc:490:replace_alu$4700 [12] $auto$alumacc.cc:490:replace_alu$4700 [13] $auto$alumacc.cc:490:replace_alu$4700 [14] $auto$alumacc.cc:490:replace_alu$4700 [15] $auto$alumacc.cc:490:replace_alu$4700 [16] $auto$alumacc.cc:490:replace_alu$4700 [17] $auto$alumacc.cc:490:replace_alu$4700 [18] $auto$alumacc.cc:490:replace_alu$4700 [19] $auto$alumacc.cc:490:replace_alu$4700 [20] $auto$alumacc.cc:490:replace_alu$4700 [21] $auto$alumacc.cc:490:replace_alu$4700 [22] $auto$alumacc.cc:490:replace_alu$4700 [23] $auto$alumacc.cc:490:replace_alu$4700 [24] $auto$alumacc.cc:490:replace_alu$4700 [25] $auto$alumacc.cc:490:replace_alu$4700 [26] $auto$alumacc.cc:490:replace_alu$4700 [27] $auto$alumacc.cc:490:replace_alu$4700 [28] $auto$alumacc.cc:490:replace_alu$4700 [29] $auto$alumacc.cc:490:replace_alu$4700 [30] $auto$alumacc.cc:490:replace_alu$4700 [31] }
    New input vector for $reduce_and cell $auto$alumacc.cc:64:get_eq$4715: { $auto$alumacc.cc:490:replace_alu$4713 [0] $auto$alumacc.cc:490:replace_alu$4713 [1] $auto$alumacc.cc:490:replace_alu$4713 [2] $auto$alumacc.cc:490:replace_alu$4713 [3] $auto$alumacc.cc:490:replace_alu$4713 [4] $auto$alumacc.cc:490:replace_alu$4713 [5] $auto$alumacc.cc:490:replace_alu$4713 [6] $auto$alumacc.cc:490:replace_alu$4713 [7] $auto$alumacc.cc:490:replace_alu$4713 [8] $auto$alumacc.cc:490:replace_alu$4713 [9] $auto$alumacc.cc:490:replace_alu$4713 [10] $auto$alumacc.cc:490:replace_alu$4713 [11] $auto$alumacc.cc:490:replace_alu$4713 [12] $auto$alumacc.cc:490:replace_alu$4713 [13] $auto$alumacc.cc:490:replace_alu$4713 [14] $auto$alumacc.cc:490:replace_alu$4713 [15] $auto$alumacc.cc:490:replace_alu$4713 [16] $auto$alumacc.cc:490:replace_alu$4713 [17] $auto$alumacc.cc:490:replace_alu$4713 [18] $auto$alumacc.cc:490:replace_alu$4713 [19] $auto$alumacc.cc:490:replace_alu$4713 [20] $auto$alumacc.cc:490:replace_alu$4713 [21] $auto$alumacc.cc:490:replace_alu$4713 [22] $auto$alumacc.cc:490:replace_alu$4713 [23] $auto$alumacc.cc:490:replace_alu$4713 [24] $auto$alumacc.cc:490:replace_alu$4713 [25] $auto$alumacc.cc:490:replace_alu$4713 [26] $auto$alumacc.cc:490:replace_alu$4713 [27] $auto$alumacc.cc:490:replace_alu$4713 [28] $auto$alumacc.cc:490:replace_alu$4713 [29] $auto$alumacc.cc:490:replace_alu$4713 [30] $auto$alumacc.cc:490:replace_alu$4713 [31] }
    New input vector for $reduce_and cell $auto$alumacc.cc:64:get_eq$4728: { $auto$alumacc.cc:490:replace_alu$4726 [0] $auto$alumacc.cc:490:replace_alu$4726 [1] $auto$alumacc.cc:490:replace_alu$4726 [2] $auto$alumacc.cc:490:replace_alu$4726 [3] $auto$alumacc.cc:490:replace_alu$4726 [4] $auto$alumacc.cc:490:replace_alu$4726 [5] $auto$alumacc.cc:490:replace_alu$4726 [6] $auto$alumacc.cc:490:replace_alu$4726 [7] $auto$alumacc.cc:490:replace_alu$4726 [8] $auto$alumacc.cc:490:replace_alu$4726 [9] $auto$alumacc.cc:490:replace_alu$4726 [10] $auto$alumacc.cc:490:replace_alu$4726 [11] $auto$alumacc.cc:490:replace_alu$4726 [12] $auto$alumacc.cc:490:replace_alu$4726 [13] $auto$alumacc.cc:490:replace_alu$4726 [14] $auto$alumacc.cc:490:replace_alu$4726 [15] $auto$alumacc.cc:490:replace_alu$4726 [16] $auto$alumacc.cc:490:replace_alu$4726 [17] $auto$alumacc.cc:490:replace_alu$4726 [18] $auto$alumacc.cc:490:replace_alu$4726 [19] $auto$alumacc.cc:490:replace_alu$4726 [20] $auto$alumacc.cc:490:replace_alu$4726 [21] $auto$alumacc.cc:490:replace_alu$4726 [22] $auto$alumacc.cc:490:replace_alu$4726 [23] $auto$alumacc.cc:490:replace_alu$4726 [24] $auto$alumacc.cc:490:replace_alu$4726 [25] $auto$alumacc.cc:490:replace_alu$4726 [26] $auto$alumacc.cc:490:replace_alu$4726 [27] $auto$alumacc.cc:490:replace_alu$4726 [28] $auto$alumacc.cc:490:replace_alu$4726 [29] $auto$alumacc.cc:490:replace_alu$4726 [30] $auto$alumacc.cc:490:replace_alu$4726 [31] }
    New input vector for $reduce_and cell $auto$alumacc.cc:64:get_eq$4741: { $auto$alumacc.cc:490:replace_alu$4739 [0] $auto$alumacc.cc:490:replace_alu$4739 [1] $auto$alumacc.cc:490:replace_alu$4739 [2] $auto$alumacc.cc:490:replace_alu$4739 [3] $auto$alumacc.cc:490:replace_alu$4739 [4] $auto$alumacc.cc:490:replace_alu$4739 [5] $auto$alumacc.cc:490:replace_alu$4739 [6] $auto$alumacc.cc:490:replace_alu$4739 [7] $auto$alumacc.cc:490:replace_alu$4739 [8] $auto$alumacc.cc:490:replace_alu$4739 [9] $auto$alumacc.cc:490:replace_alu$4739 [10] $auto$alumacc.cc:490:replace_alu$4739 [11] $auto$alumacc.cc:490:replace_alu$4739 [12] $auto$alumacc.cc:490:replace_alu$4739 [13] $auto$alumacc.cc:490:replace_alu$4739 [14] $auto$alumacc.cc:490:replace_alu$4739 [15] $auto$alumacc.cc:490:replace_alu$4739 [16] $auto$alumacc.cc:490:replace_alu$4739 [17] $auto$alumacc.cc:490:replace_alu$4739 [18] $auto$alumacc.cc:490:replace_alu$4739 [19] $auto$alumacc.cc:490:replace_alu$4739 [20] $auto$alumacc.cc:490:replace_alu$4739 [21] $auto$alumacc.cc:490:replace_alu$4739 [22] $auto$alumacc.cc:490:replace_alu$4739 [23] $auto$alumacc.cc:490:replace_alu$4739 [24] $auto$alumacc.cc:490:replace_alu$4739 [25] $auto$alumacc.cc:490:replace_alu$4739 [26] $auto$alumacc.cc:490:replace_alu$4739 [27] $auto$alumacc.cc:490:replace_alu$4739 [28] $auto$alumacc.cc:490:replace_alu$4739 [29] $auto$alumacc.cc:490:replace_alu$4739 [30] $auto$alumacc.cc:490:replace_alu$4739 [31] }
    New input vector for $reduce_and cell $auto$alumacc.cc:64:get_eq$4754: { $auto$alumacc.cc:490:replace_alu$4752 [0] $auto$alumacc.cc:490:replace_alu$4752 [1] $auto$alumacc.cc:490:replace_alu$4752 [2] $auto$alumacc.cc:490:replace_alu$4752 [3] $auto$alumacc.cc:490:replace_alu$4752 [4] $auto$alumacc.cc:490:replace_alu$4752 [5] $auto$alumacc.cc:490:replace_alu$4752 [6] $auto$alumacc.cc:490:replace_alu$4752 [7] $auto$alumacc.cc:490:replace_alu$4752 [8] $auto$alumacc.cc:490:replace_alu$4752 [9] $auto$alumacc.cc:490:replace_alu$4752 [10] $auto$alumacc.cc:490:replace_alu$4752 [11] $auto$alumacc.cc:490:replace_alu$4752 [12] $auto$alumacc.cc:490:replace_alu$4752 [13] $auto$alumacc.cc:490:replace_alu$4752 [14] $auto$alumacc.cc:490:replace_alu$4752 [15] $auto$alumacc.cc:490:replace_alu$4752 [16] $auto$alumacc.cc:490:replace_alu$4752 [17] $auto$alumacc.cc:490:replace_alu$4752 [18] $auto$alumacc.cc:490:replace_alu$4752 [19] $auto$alumacc.cc:490:replace_alu$4752 [20] $auto$alumacc.cc:490:replace_alu$4752 [21] $auto$alumacc.cc:490:replace_alu$4752 [22] $auto$alumacc.cc:490:replace_alu$4752 [23] $auto$alumacc.cc:490:replace_alu$4752 [24] $auto$alumacc.cc:490:replace_alu$4752 [25] $auto$alumacc.cc:490:replace_alu$4752 [26] $auto$alumacc.cc:490:replace_alu$4752 [27] $auto$alumacc.cc:490:replace_alu$4752 [28] $auto$alumacc.cc:490:replace_alu$4752 [29] $auto$alumacc.cc:490:replace_alu$4752 [30] $auto$alumacc.cc:490:replace_alu$4752 [31] }
    New input vector for $reduce_and cell $auto$alumacc.cc:64:get_eq$4767: { $auto$alumacc.cc:490:replace_alu$4765 [0] $auto$alumacc.cc:490:replace_alu$4765 [1] $auto$alumacc.cc:490:replace_alu$4765 [2] $auto$alumacc.cc:490:replace_alu$4765 [3] $auto$alumacc.cc:490:replace_alu$4765 [4] $auto$alumacc.cc:490:replace_alu$4765 [5] $auto$alumacc.cc:490:replace_alu$4765 [6] $auto$alumacc.cc:490:replace_alu$4765 [7] $auto$alumacc.cc:490:replace_alu$4765 [8] $auto$alumacc.cc:490:replace_alu$4765 [9] $auto$alumacc.cc:490:replace_alu$4765 [10] $auto$alumacc.cc:490:replace_alu$4765 [11] $auto$alumacc.cc:490:replace_alu$4765 [12] $auto$alumacc.cc:490:replace_alu$4765 [13] $auto$alumacc.cc:490:replace_alu$4765 [14] $auto$alumacc.cc:490:replace_alu$4765 [15] $auto$alumacc.cc:490:replace_alu$4765 [16] $auto$alumacc.cc:490:replace_alu$4765 [17] $auto$alumacc.cc:490:replace_alu$4765 [18] $auto$alumacc.cc:490:replace_alu$4765 [19] $auto$alumacc.cc:490:replace_alu$4765 [20] $auto$alumacc.cc:490:replace_alu$4765 [21] $auto$alumacc.cc:490:replace_alu$4765 [22] $auto$alumacc.cc:490:replace_alu$4765 [23] $auto$alumacc.cc:490:replace_alu$4765 [24] $auto$alumacc.cc:490:replace_alu$4765 [25] $auto$alumacc.cc:490:replace_alu$4765 [26] $auto$alumacc.cc:490:replace_alu$4765 [27] $auto$alumacc.cc:490:replace_alu$4765 [28] $auto$alumacc.cc:490:replace_alu$4765 [29] $auto$alumacc.cc:490:replace_alu$4765 [30] $auto$alumacc.cc:490:replace_alu$4765 [31] }
    New input vector for $reduce_and cell $auto$alumacc.cc:64:get_eq$4780: { $auto$alumacc.cc:490:replace_alu$4778 [0] $auto$alumacc.cc:490:replace_alu$4778 [1] $auto$alumacc.cc:490:replace_alu$4778 [2] $auto$alumacc.cc:490:replace_alu$4778 [3] $auto$alumacc.cc:490:replace_alu$4778 [4] $auto$alumacc.cc:490:replace_alu$4778 [5] $auto$alumacc.cc:490:replace_alu$4778 [6] $auto$alumacc.cc:490:replace_alu$4778 [7] $auto$alumacc.cc:490:replace_alu$4778 [8] $auto$alumacc.cc:490:replace_alu$4778 [9] $auto$alumacc.cc:490:replace_alu$4778 [10] $auto$alumacc.cc:490:replace_alu$4778 [11] $auto$alumacc.cc:490:replace_alu$4778 [12] $auto$alumacc.cc:490:replace_alu$4778 [13] $auto$alumacc.cc:490:replace_alu$4778 [14] $auto$alumacc.cc:490:replace_alu$4778 [15] $auto$alumacc.cc:490:replace_alu$4778 [16] $auto$alumacc.cc:490:replace_alu$4778 [17] $auto$alumacc.cc:490:replace_alu$4778 [18] $auto$alumacc.cc:490:replace_alu$4778 [19] $auto$alumacc.cc:490:replace_alu$4778 [20] $auto$alumacc.cc:490:replace_alu$4778 [21] $auto$alumacc.cc:490:replace_alu$4778 [22] $auto$alumacc.cc:490:replace_alu$4778 [23] $auto$alumacc.cc:490:replace_alu$4778 [24] $auto$alumacc.cc:490:replace_alu$4778 [25] $auto$alumacc.cc:490:replace_alu$4778 [26] $auto$alumacc.cc:490:replace_alu$4778 [27] $auto$alumacc.cc:490:replace_alu$4778 [28] $auto$alumacc.cc:490:replace_alu$4778 [29] $auto$alumacc.cc:490:replace_alu$4778 [30] $auto$alumacc.cc:490:replace_alu$4778 [31] }
    New input vector for $reduce_and cell $auto$alumacc.cc:64:get_eq$4795: { $auto$alumacc.cc:490:replace_alu$4793 [0] $auto$alumacc.cc:490:replace_alu$4793 [1] $auto$alumacc.cc:490:replace_alu$4793 [2] $auto$alumacc.cc:490:replace_alu$4793 [3] $auto$alumacc.cc:490:replace_alu$4793 [4] $auto$alumacc.cc:490:replace_alu$4793 [5] $auto$alumacc.cc:490:replace_alu$4793 [6] $auto$alumacc.cc:490:replace_alu$4793 [7] $auto$alumacc.cc:490:replace_alu$4793 [8] $auto$alumacc.cc:490:replace_alu$4793 [9] $auto$alumacc.cc:490:replace_alu$4793 [10] $auto$alumacc.cc:490:replace_alu$4793 [11] $auto$alumacc.cc:490:replace_alu$4793 [12] $auto$alumacc.cc:490:replace_alu$4793 [13] $auto$alumacc.cc:490:replace_alu$4793 [14] $auto$alumacc.cc:490:replace_alu$4793 [15] $auto$alumacc.cc:490:replace_alu$4793 [16] $auto$alumacc.cc:490:replace_alu$4793 [17] $auto$alumacc.cc:490:replace_alu$4793 [18] $auto$alumacc.cc:490:replace_alu$4793 [19] $auto$alumacc.cc:490:replace_alu$4793 [20] $auto$alumacc.cc:490:replace_alu$4793 [21] $auto$alumacc.cc:490:replace_alu$4793 [22] $auto$alumacc.cc:490:replace_alu$4793 [23] $auto$alumacc.cc:490:replace_alu$4793 [24] $auto$alumacc.cc:490:replace_alu$4793 [25] $auto$alumacc.cc:490:replace_alu$4793 [26] $auto$alumacc.cc:490:replace_alu$4793 [27] $auto$alumacc.cc:490:replace_alu$4793 [28] $auto$alumacc.cc:490:replace_alu$4793 [29] $auto$alumacc.cc:490:replace_alu$4793 [30] $auto$alumacc.cc:490:replace_alu$4793 [31] }
    New input vector for $reduce_and cell $auto$alumacc.cc:64:get_eq$4810: { $auto$alumacc.cc:490:replace_alu$4808 [0] $auto$alumacc.cc:490:replace_alu$4808 [1] }
  Optimizing cells in module \VX_cp_fetch_top.
Performed a total of 40 changes.

2.7.12.5. Executing OPT_MERGE pass (detect identical cells).
Finding identical cells in module `\VX_cp_fetch_top'.
Removed a total of 0 cells.

2.7.12.6. Executing OPT_RMDFF pass (remove dff with constant values).

2.7.12.7. Executing OPT_CLEAN pass (remove unused cells and wires).
Finding unused cells or wires in module \VX_cp_fetch_top..
Removed 35 unused cells and 75 unused wires.
<suppressed ~36 debug messages>

2.7.12.8. Executing OPT_EXPR pass (perform const folding).
Optimizing module VX_cp_fetch_top.

2.7.12.9. Rerunning OPT passes. (Maybe there is more to do..)

2.7.12.10. Executing OPT_MUXTREE pass (detect dead branches in mux trees).
Running muxtree optimizer on module \VX_cp_fetch_top..
  Creating internal representation of mux trees.
  Evaluating internal representation of mux trees.
  Analyzing evaluation results.
Removed 0 multiplexer ports.
<suppressed ~14 debug messages>

2.7.12.11. Executing OPT_REDUCE pass (consolidate $*mux and $reduce_* inputs).
  Optimizing cells in module \VX_cp_fetch_top.
Performed a total of 0 changes.

2.7.12.12. Executing OPT_MERGE pass (detect identical cells).
Finding identical cells in module `\VX_cp_fetch_top'.
Removed a total of 0 cells.

2.7.12.13. Executing OPT_RMDFF pass (remove dff with constant values).

2.7.12.14. Executing OPT_CLEAN pass (remove unused cells and wires).
Finding unused cells or wires in module \VX_cp_fetch_top..

2.7.12.15. Executing OPT_EXPR pass (perform const folding).
Optimizing module VX_cp_fetch_top.

2.7.12.16. Finished OPT passes. (There is nothing left to do.)

2.7.13. Executing FSM pass (extract and optimize FSM).

2.7.13.1. Executing FSM_DETECT pass (finding FSMs in design).

2.7.13.2. Executing FSM_EXTRACT pass (extracting FSM from design).

2.7.13.3. Executing FSM_OPT pass (simple optimizations of FSMs).

2.7.13.4. Executing OPT_CLEAN pass (remove unused cells and wires).
Finding unused cells or wires in module \VX_cp_fetch_top..

2.7.13.5. Executing FSM_OPT pass (simple optimizations of FSMs).

2.7.13.6. Executing FSM_RECODE pass (re-assigning FSM state encoding).

2.7.13.7. Executing FSM_INFO pass (dumping all available information on FSM cells).

2.7.13.8. Executing FSM_MAP pass (mapping FSMs to basic logic).

2.7.14. Executing OPT pass (performing simple optimizations).

2.7.14.1. Executing OPT_EXPR pass (perform const folding).
Optimizing module VX_cp_fetch_top.

2.7.14.2. Executing OPT_MERGE pass (detect identical cells).
Finding identical cells in module `\VX_cp_fetch_top'.
Removed a total of 0 cells.

2.7.14.3. Executing OPT_RMDFF pass (remove dff with constant values).

2.7.14.4. Executing OPT_CLEAN pass (remove unused cells and wires).
Finding unused cells or wires in module \VX_cp_fetch_top..

2.7.14.5. Finished fast OPT passes.

2.7.15. Executing MEMORY pass.

2.7.15.1. Executing MEMORY_DFF pass (merging $dff cells to $memrd and $memwr).
Checking cell `$memwr$\u_fetch.cl_fifo$results/exp06/ppa/baseline/cp_fetch_input.v:561$863' in module `\VX_cp_fetch_top': merged $dff to cell.
Checking cell `$memrd$\u_fetch.cl_fifo$results/exp06/ppa/baseline/cp_fetch_input.v:484$821' in module `\VX_cp_fetch_top': no (compatible) $dff found.

2.7.15.2. Executing OPT_CLEAN pass (remove unused cells and wires).
Finding unused cells or wires in module \VX_cp_fetch_top..
Removed 2 unused cells and 2 unused wires.
<suppressed ~3 debug messages>

2.7.15.3. Executing MEMORY_SHARE pass (consolidating $memrd/$memwr cells).

2.7.15.4. Executing OPT_CLEAN pass (remove unused cells and wires).
Finding unused cells or wires in module \VX_cp_fetch_top..

2.7.15.5. Executing MEMORY_COLLECT pass (generating $mem cells).
Collecting $memrd, $memwr and $meminit for memory `\u_fetch.cl_fifo' in module `\VX_cp_fetch_top':
  $memwr$\u_fetch.cl_fifo$results/exp06/ppa/baseline/cp_fetch_input.v:561$863 ($memwr)
  $memrd$\u_fetch.cl_fifo$results/exp06/ppa/baseline/cp_fetch_input.v:484$821 ($memrd)

2.7.16. Executing OPT_CLEAN pass (remove unused cells and wires).
Finding unused cells or wires in module \VX_cp_fetch_top..

2.8. Executing MEMORY_BRAM pass (mapping $mem cells to block memories).
Processing VX_cp_fetch_top.u_fetch.cl_fifo:
  Properties: ports=2 bits=512 rports=1 wports=1 dbits=512 abits=1 words=1
  Checking rule #1 for bram type $__XILINX_RAMB36_SDP (variant 1):
    Bram geometry: abits=9 dbits=72 wports=0 rports=0
    Estimated number of duplicates for more read ports: dups=1
    Metrics for $__XILINX_RAMB36_SDP: awaste=511 dwaste=64 bwaste=36856 waste=36856 efficiency=0
    Rule #1 for bram type $__XILINX_RAMB36_SDP (variant 1) rejected: requirement 'min efficiency 5' not met.
  Checking rule #2 for bram type $__XILINX_RAMB18_SDP (variant 1):
    Bram geometry: abits=9 dbits=36 wports=0 rports=0
    Estimated number of duplicates for more read ports: dups=1
    Metrics for $__XILINX_RAMB18_SDP: awaste=511 dwaste=28 bwaste=18424 waste=18424 efficiency=0
    Rule #2 for bram type $__XILINX_RAMB18_SDP (variant 1) rejected: requirement 'min efficiency 5' not met.
  Checking rule #3 for bram type $__XILINX_RAMB36_TDP (variant 1):
    Bram geometry: abits=10 dbits=36 wports=0 rports=0
    Estimated number of duplicates for more read ports: dups=1
    Metrics for $__XILINX_RAMB36_TDP: awaste=1023 dwaste=28 bwaste=36856 waste=36856 efficiency=0
    Rule #3 for bram type $__XILINX_RAMB36_TDP (variant 1) rejected: requirement 'min efficiency 5' not met.
  Checking rule #3 for bram type $__XILINX_RAMB36_TDP (variant 2):
    Bram geometry: abits=11 dbits=18 wports=0 rports=0
    Estimated number of duplicates for more read ports: dups=1
    Metrics for $__XILINX_RAMB36_TDP: awaste=2047 dwaste=10 bwaste=36856 waste=36856 efficiency=0
    Rule #3 for bram type $__XILINX_RAMB36_TDP (variant 2) rejected: requirement 'min efficiency 5' not met.
  Checking rule #3 for bram type $__XILINX_RAMB36_TDP (variant 3):
    Bram geometry: abits=12 dbits=9 wports=0 rports=0
    Estimated number of duplicates for more read ports: dups=1
    Metrics for $__XILINX_RAMB36_TDP: awaste=4095 dwaste=1 bwaste=36856 waste=36856 efficiency=0
    Rule #3 for bram type $__XILINX_RAMB36_TDP (variant 3) rejected: requirement 'min efficiency 5' not met.
  Checking rule #3 for bram type $__XILINX_RAMB36_TDP (variant 4):
    Bram geometry: abits=13 dbits=4 wports=0 rports=0
    Estimated number of duplicates for more read ports: dups=1
    Metrics for $__XILINX_RAMB36_TDP: awaste=8191 dwaste=0 bwaste=32764 waste=32764 efficiency=0
    Rule #3 for bram type $__XILINX_RAMB36_TDP (variant 4) rejected: requirement 'min efficiency 5' not met.
  Checking rule #3 for bram type $__XILINX_RAMB36_TDP (variant 5):
    Bram geometry: abits=14 dbits=2 wports=0 rports=0
    Estimated number of duplicates for more read ports: dups=1
    Metrics for $__XILINX_RAMB36_TDP: awaste=16383 dwaste=0 bwaste=32766 waste=32766 efficiency=0
    Rule #3 for bram type $__XILINX_RAMB36_TDP (variant 5) rejected: requirement 'min efficiency 5' not met.
  Checking rule #3 for bram type $__XILINX_RAMB36_TDP (variant 6):
    Bram geometry: abits=15 dbits=1 wports=0 rports=0
    Estimated number of duplicates for more read ports: dups=1
    Metrics for $__XILINX_RAMB36_TDP: awaste=32767 dwaste=0 bwaste=32767 waste=32767 efficiency=0
    Rule #3 for bram type $__XILINX_RAMB36_TDP (variant 6) rejected: requirement 'min efficiency 5' not met.
  Checking rule #4 for bram type $__XILINX_RAMB18_TDP (variant 1):
    Bram geometry: abits=10 dbits=18 wports=0 rports=0
    Estimated number of duplicates for more read ports: dups=1
    Metrics for $__XILINX_RAMB18_TDP: awaste=1023 dwaste=10 bwaste=18424 waste=18424 efficiency=0
    Rule #4 for bram type $__XILINX_RAMB18_TDP (variant 1) rejected: requirement 'min efficiency 5' not met.
  Checking rule #4 for bram type $__XILINX_RAMB18_TDP (variant 2):
    Bram geometry: abits=11 dbits=9 wports=0 rports=0
    Estimated number of duplicates for more read ports: dups=1
    Metrics for $__XILINX_RAMB18_TDP: awaste=2047 dwaste=1 bwaste=18424 waste=18424 efficiency=0
    Rule #4 for bram type $__XILINX_RAMB18_TDP (variant 2) rejected: requirement 'min efficiency 5' not met.
  Checking rule #4 for bram type $__XILINX_RAMB18_TDP (variant 3):
    Bram geometry: abits=12 dbits=4 wports=0 rports=0
    Estimated number of duplicates for more read ports: dups=1
    Metrics for $__XILINX_RAMB18_TDP: awaste=4095 dwaste=0 bwaste=16380 waste=16380 efficiency=0
    Rule #4 for bram type $__XILINX_RAMB18_TDP (variant 3) rejected: requirement 'min efficiency 5' not met.
  Checking rule #4 for bram type $__XILINX_RAMB18_TDP (variant 4):
    Bram geometry: abits=13 dbits=2 wports=0 rports=0
    Estimated number of duplicates for more read ports: dups=1
    Metrics for $__XILINX_RAMB18_TDP: awaste=8191 dwaste=0 bwaste=16382 waste=16382 efficiency=0
    Rule #4 for bram type $__XILINX_RAMB18_TDP (variant 4) rejected: requirement 'min efficiency 5' not met.
  Checking rule #4 for bram type $__XILINX_RAMB18_TDP (variant 5):
    Bram geometry: abits=14 dbits=1 wports=0 rports=0
    Estimated number of duplicates for more read ports: dups=1
    Metrics for $__XILINX_RAMB18_TDP: awaste=16383 dwaste=0 bwaste=16383 waste=16383 efficiency=0
    Rule #4 for bram type $__XILINX_RAMB18_TDP (variant 5) rejected: requirement 'min efficiency 5' not met.
  No acceptable bram resources found.

2.9. Executing TECHMAP pass (map to technology primitives).

2.9.1. Executing Verilog-2005 frontend: /home/houdong/tool/yosys/bin/../share/yosys/xilinx/brams_map.v
Parsing Verilog input from `/home/houdong/tool/yosys/bin/../share/yosys/xilinx/brams_map.v' to AST representation.
Generating RTLIL representation for module `\$__XILINX_RAMB36_SDP'.
Generating RTLIL representation for module `\$__XILINX_RAMB18_SDP'.
Generating RTLIL representation for module `\$__XILINX_RAMB36_TDP'.
Generating RTLIL representation for module `\$__XILINX_RAMB18_TDP'.
Successfully finished Verilog frontend.

2.9.2. Continuing TECHMAP pass.
No more expansions possible.

2.10. Executing MEMORY_BRAM pass (mapping $mem cells to block memories).
Processing VX_cp_fetch_top.u_fetch.cl_fifo:
  Properties: ports=2 bits=512 rports=1 wports=1 dbits=512 abits=1 words=1
  Checking rule #1 for bram type $__XILINX_RAM32X1D (variant 1):
    Bram geometry: abits=5 dbits=1 wports=0 rports=0
    Estimated number of duplicates for more read ports: dups=1
    Metrics for $__XILINX_RAM32X1D: awaste=31 dwaste=0 bwaste=31 waste=31 efficiency=3
    Rule #1 for bram type $__XILINX_RAM32X1D (variant 1) accepted.
    Mapping to bram type $__XILINX_RAM32X1D (variant 1):
      Write port #0 is in clock domain \clk.
        Mapped to bram port B1.
      Read port #0 is in clock domain !~async~.
        Mapped to bram port A1.1.
      Updated properties: dups=1 waste=31 efficiency=3
      Storing for later selection.
  Checking rule #2 for bram type $__XILINX_RAM64X1D (variant 1):
    Bram geometry: abits=6 dbits=1 wports=0 rports=0
    Estimated number of duplicates for more read ports: dups=1
    Metrics for $__XILINX_RAM64X1D: awaste=63 dwaste=0 bwaste=63 waste=63 efficiency=1
    Rule #2 for bram type $__XILINX_RAM64X1D (variant 1) accepted.
    Mapping to bram type $__XILINX_RAM64X1D (variant 1):
      Write port #0 is in clock domain \clk.
        Mapped to bram port B1.
      Read port #0 is in clock domain !~async~.
        Mapped to bram port A1.1.
      Updated properties: dups=1 waste=63 efficiency=1
      Storing for later selection.
  Checking rule #3 for bram type $__XILINX_RAM128X1D (variant 1):
    Bram geometry: abits=7 dbits=1 wports=0 rports=0
    Estimated number of duplicates for more read ports: dups=1
    Metrics for $__XILINX_RAM128X1D: awaste=127 dwaste=0 bwaste=127 waste=127 efficiency=0
    Rule #3 for bram type $__XILINX_RAM128X1D (variant 1) accepted.
    Mapping to bram type $__XILINX_RAM128X1D (variant 1):
      Write port #0 is in clock domain \clk.
        Mapped to bram port B1.
      Read port #0 is in clock domain !~async~.
        Mapped to bram port A1.1.
      Updated properties: dups=1 waste=127 efficiency=0
      Storing for later selection.
  Selecting best of 3 rules:
    Efficiency for rule 3.1: efficiency=0, cells=512, acells=1
    Efficiency for rule 2.1: efficiency=1, cells=512, acells=1
    Efficiency for rule 1.1: efficiency=3, cells=512, acells=1
    Selected rule 1.1 with efficiency 3.
    Mapping to bram type $__XILINX_RAM32X1D (variant 1):
      Write port #0 is in clock domain \clk.
        Mapped to bram port B1.
      Read port #0 is in clock domain !~async~.
        Mapped to bram port A1.1.
      Creating $__XILINX_RAM32X1D cell at grid position <0 0 0>: u_fetch.cl_fifo.0.0.0
      Creating $__XILINX_RAM32X1D cell at grid position <1 0 0>: u_fetch.cl_fifo.1.0.0
      Creating $__XILINX_RAM32X1D cell at grid position <2 0 0>: u_fetch.cl_fifo.2.0.0
      Creating $__XILINX_RAM32X1D cell at grid position <3 0 0>: u_fetch.cl_fifo.3.0.0
      Creating $__XILINX_RAM32X1D cell at grid position <4 0 0>: u_fetch.cl_fifo.4.0.0
      Creating $__XILINX_RAM32X1D cell at grid position <5 0 0>: u_fetch.cl_fifo.5.0.0
      Creating $__XILINX_RAM32X1D cell at grid position <6 0 0>: u_fetch.cl_fifo.6.0.0
      Creating $__XILINX_RAM32X1D cell at grid position <7 0 0>: u_fetch.cl_fifo.7.0.0
      Creating $__XILINX_RAM32X1D cell at grid position <8 0 0>: u_fetch.cl_fifo.8.0.0
      Creating $__XILINX_RAM32X1D cell at grid position <9 0 0>: u_fetch.cl_fifo.9.0.0
      Creating $__XILINX_RAM32X1D cell at grid position <10 0 0>: u_fetch.cl_fifo.10.0.0
      Creating $__XILINX_RAM32X1D cell at grid position <11 0 0>: u_fetch.cl_fifo.11.0.0
      Creating $__XILINX_RAM32X1D cell at grid position <12 0 0>: u_fetch.cl_fifo.12.0.0
      Creating $__XILINX_RAM32X1D cell at grid position <13 0 0>: u_fetch.cl_fifo.13.0.0
      Creating $__XILINX_RAM32X1D cell at grid position <14 0 0>: u_fetch.cl_fifo.14.0.0
      Creating $__XILINX_RAM32X1D cell at grid position <15 0 0>: u_fetch.cl_fifo.15.0.0
      Creating $__XILINX_RAM32X1D cell at grid position <16 0 0>: u_fetch.cl_fifo.16.0.0
      Creating $__XILINX_RAM32X1D cell at grid position <17 0 0>: u_fetch.cl_fifo.17.0.0
      Creating $__XILINX_RAM32X1D cell at grid position <18 0 0>: u_fetch.cl_fifo.18.0.0
      Creating $__XILINX_RAM32X1D cell at grid position <19 0 0>: u_fetch.cl_fifo.19.0.0
      Creating $__XILINX_RAM32X1D cell at grid position <20 0 0>: u_fetch.cl_fifo.20.0.0
      Creating $__XILINX_RAM32X1D cell at grid position <21 0 0>: u_fetch.cl_fifo.21.0.0
      Creating $__XILINX_RAM32X1D cell at grid position <22 0 0>: u_fetch.cl_fifo.22.0.0
      Creating $__XILINX_RAM32X1D cell at grid position <23 0 0>: u_fetch.cl_fifo.23.0.0
      Creating $__XILINX_RAM32X1D cell at grid position <24 0 0>: u_fetch.cl_fifo.24.0.0
      Creating $__XILINX_RAM32X1D cell at grid position <25 0 0>: u_fetch.cl_fifo.25.0.0
      Creating $__XILINX_RAM32X1D cell at grid position <26 0 0>: u_fetch.cl_fifo.26.0.0
      Creating $__XILINX_RAM32X1D cell at grid position <27 0 0>: u_fetch.cl_fifo.27.0.0
      Creating $__XILINX_RAM32X1D cell at grid position <28 0 0>: u_fetch.cl_fifo.28.0.0
      Creating $__XILINX_RAM32X1D cell at grid position <29 0 0>: u_fetch.cl_fifo.29.0.0
      Creating $__XILINX_RAM32X1D cell at grid position <30 0 0>: u_fetch.cl_fifo.30.0.0
      Creating $__XILINX_RAM32X1D cell at grid position <31 0 0>: u_fetch.cl_fifo.31.0.0
      Creating $__XILINX_RAM32X1D cell at grid position <32 0 0>: u_fetch.cl_fifo.32.0.0
      Creating $__XILINX_RAM32X1D cell at grid position <33 0 0>: u_fetch.cl_fifo.33.0.0
      Creating $__XILINX_RAM32X1D cell at grid position <34 0 0>: u_fetch.cl_fifo.34.0.0
      Creating $__XILINX_RAM32X1D cell at grid position <35 0 0>: u_fetch.cl_fifo.35.0.0
      Creating $__XILINX_RAM32X1D cell at grid position <36 0 0>: u_fetch.cl_fifo.36.0.0
      Creating $__XILINX_RAM32X1D cell at grid position <37 0 0>: u_fetch.cl_fifo.37.0.0
      Creating $__XILINX_RAM32X1D cell at grid position <38 0 0>: u_fetch.cl_fifo.38.0.0
      Creating $__XILINX_RAM32X1D cell at grid position <39 0 0>: u_fetch.cl_fifo.39.0.0
      Creating $__XILINX_RAM32X1D cell at grid position <40 0 0>: u_fetch.cl_fifo.40.0.0
      Creating $__XILINX_RAM32X1D cell at grid position <41 0 0>: u_fetch.cl_fifo.41.0.0
      Creating $__XILINX_RAM32X1D cell at grid position <42 0 0>: u_fetch.cl_fifo.42.0.0
      Creating $__XILINX_RAM32X1D cell at grid position <43 0 0>: u_fetch.cl_fifo.43.0.0
      Creating $__XILINX_RAM32X1D cell at grid position <44 0 0>: u_fetch.cl_fifo.44.0.0
      Creating $__XILINX_RAM32X1D cell at grid position <45 0 0>: u_fetch.cl_fifo.45.0.0
      Creating $__XILINX_RAM32X1D cell at grid position <46 0 0>: u_fetch.cl_fifo.46.0.0
      Creating $__XILINX_RAM32X1D cell at grid position <47 0 0>: u_fetch.cl_fifo.47.0.0
      Creating $__XILINX_RAM32X1D cell at grid position <48 0 0>: u_fetch.cl_fifo.48.0.0
      Creating $__XILINX_RAM32X1D cell at grid position <49 0 0>: u_fetch.cl_fifo.49.0.0
      Creating $__XILINX_RAM32X1D cell at grid position <50 0 0>: u_fetch.cl_fifo.50.0.0
      Creating $__XILINX_RAM32X1D cell at grid position <51 0 0>: u_fetch.cl_fifo.51.0.0
      Creating $__XILINX_RAM32X1D cell at grid position <52 0 0>: u_fetch.cl_fifo.52.0.0
      Creating $__XILINX_RAM32X1D cell at grid position <53 0 0>: u_fetch.cl_fifo.53.0.0
      Creating $__XILINX_RAM32X1D cell at grid position <54 0 0>: u_fetch.cl_fifo.54.0.0
      Creating $__XILINX_RAM32X1D cell at grid position <55 0 0>: u_fetch.cl_fifo.55.0.0
      Creating $__XILINX_RAM32X1D cell at grid position <56 0 0>: u_fetch.cl_fifo.56.0.0
      Creating $__XILINX_RAM32X1D cell at grid position <57 0 0>: u_fetch.cl_fifo.57.0.0
      Creating $__XILINX_RAM32X1D cell at grid position <58 0 0>: u_fetch.cl_fifo.58.0.0
      Creating $__XILINX_RAM32X1D cell at grid position <59 0 0>: u_fetch.cl_fifo.59.0.0
      Creating $__XILINX_RAM32X1D cell at grid position <60 0 0>: u_fetch.cl_fifo.60.0.0
      Creating $__XILINX_RAM32X1D cell at grid position <61 0 0>: u_fetch.cl_fifo.61.0.0
      Creating $__XILINX_RAM32X1D cell at grid position <62 0 0>: u_fetch.cl_fifo.62.0.0
      Creating $__XILINX_RAM32X1D cell at grid position <63 0 0>: u_fetch.cl_fifo.63.0.0
      Creating $__XILINX_RAM32X1D cell at grid position <64 0 0>: u_fetch.cl_fifo.64.0.0
      Creating $__XILINX_RAM32X1D cell at grid position <65 0 0>: u_fetch.cl_fifo.65.0.0
      Creating $__XILINX_RAM32X1D cell at grid position <66 0 0>: u_fetch.cl_fifo.66.0.0
      Creating $__XILINX_RAM32X1D cell at grid position <67 0 0>: u_fetch.cl_fifo.67.0.0
      Creating $__XILINX_RAM32X1D cell at grid position <68 0 0>: u_fetch.cl_fifo.68.0.0
      Creating $__XILINX_RAM32X1D cell at grid position <69 0 0>: u_fetch.cl_fifo.69.0.0
      Creating $__XILINX_RAM32X1D cell at grid position <70 0 0>: u_fetch.cl_fifo.70.0.0
      Creating $__XILINX_RAM32X1D cell at grid position <71 0 0>: u_fetch.cl_fifo.71.0.0
      Creating $__XILINX_RAM32X1D cell at grid position <72 0 0>: u_fetch.cl_fifo.72.0.0
      Creating $__XILINX_RAM32X1D cell at grid position <73 0 0>: u_fetch.cl_fifo.73.0.0
      Creating $__XILINX_RAM32X1D cell at grid position <74 0 0>: u_fetch.cl_fifo.74.0.0
      Creating $__XILINX_RAM32X1D cell at grid position <75 0 0>: u_fetch.cl_fifo.75.0.0
      Creating $__XILINX_RAM32X1D cell at grid position <76 0 0>: u_fetch.cl_fifo.76.0.0
      Creating $__XILINX_RAM32X1D cell at grid position <77 0 0>: u_fetch.cl_fifo.77.0.0
      Creating $__XILINX_RAM32X1D cell at grid position <78 0 0>: u_fetch.cl_fifo.78.0.0
      Creating $__XILINX_RAM32X1D cell at grid position <79 0 0>: u_fetch.cl_fifo.79.0.0
      Creating $__XILINX_RAM32X1D cell at grid position <80 0 0>: u_fetch.cl_fifo.80.0.0
      Creating $__XILINX_RAM32X1D cell at grid position <81 0 0>: u_fetch.cl_fifo.81.0.0
      Creating $__XILINX_RAM32X1D cell at grid position <82 0 0>: u_fetch.cl_fifo.82.0.0
      Creating $__XILINX_RAM32X1D cell at grid position <83 0 0>: u_fetch.cl_fifo.83.0.0
      Creating $__XILINX_RAM32X1D cell at grid position <84 0 0>: u_fetch.cl_fifo.84.0.0
      Creating $__XILINX_RAM32X1D cell at grid position <85 0 0>: u_fetch.cl_fifo.85.0.0
      Creating $__XILINX_RAM32X1D cell at grid position <86 0 0>: u_fetch.cl_fifo.86.0.0
      Creating $__XILINX_RAM32X1D cell at grid position <87 0 0>: u_fetch.cl_fifo.87.0.0
      Creating $__XILINX_RAM32X1D cell at grid position <88 0 0>: u_fetch.cl_fifo.88.0.0
      Creating $__XILINX_RAM32X1D cell at grid position <89 0 0>: u_fetch.cl_fifo.89.0.0
      Creating $__XILINX_RAM32X1D cell at grid position <90 0 0>: u_fetch.cl_fifo.90.0.0
      Creating $__XILINX_RAM32X1D cell at grid position <91 0 0>: u_fetch.cl_fifo.91.0.0
      Creating $__XILINX_RAM32X1D cell at grid position <92 0 0>: u_fetch.cl_fifo.92.0.0
      Creating $__XILINX_RAM32X1D cell at grid position <93 0 0>: u_fetch.cl_fifo.93.0.0
      Creating $__XILINX_RAM32X1D cell at grid position <94 0 0>: u_fetch.cl_fifo.94.0.0
      Creating $__XILINX_RAM32X1D cell at grid position <95 0 0>: u_fetch.cl_fifo.95.0.0
      Creating $__XILINX_RAM32X1D cell at grid position <96 0 0>: u_fetch.cl_fifo.96.0.0
      Creating $__XILINX_RAM32X1D cell at grid position <97 0 0>: u_fetch.cl_fifo.97.0.0
      Creating $__XILINX_RAM32X1D cell at grid position <98 0 0>: u_fetch.cl_fifo.98.0.0
      Creating $__XILINX_RAM32X1D cell at grid position <99 0 0>: u_fetch.cl_fifo.99.0.0
      Creating $__XILINX_RAM32X1D cell at grid position <100 0 0>: u_fetch.cl_fifo.100.0.0
      Creating $__XILINX_RAM32X1D cell at grid position <101 0 0>: u_fetch.cl_fifo.101.0.0
      Creating $__XILINX_RAM32X1D cell at grid position <102 0 0>: u_fetch.cl_fifo.102.0.0
      Creating $__XILINX_RAM32X1D cell at grid position <103 0 0>: u_fetch.cl_fifo.103.0.0
      Creating $__XILINX_RAM32X1D cell at grid position <104 0 0>: u_fetch.cl_fifo.104.0.0
      Creating $__XILINX_RAM32X1D cell at grid position <105 0 0>: u_fetch.cl_fifo.105.0.0
      Creating $__XILINX_RAM32X1D cell at grid position <106 0 0>: u_fetch.cl_fifo.106.0.0
      Creating $__XILINX_RAM32X1D cell at grid position <107 0 0>: u_fetch.cl_fifo.107.0.0
      Creating $__XILINX_RAM32X1D cell at grid position <108 0 0>: u_fetch.cl_fifo.108.0.0
      Creating $__XILINX_RAM32X1D cell at grid position <109 0 0>: u_fetch.cl_fifo.109.0.0
      Creating $__XILINX_RAM32X1D cell at grid position <110 0 0>: u_fetch.cl_fifo.110.0.0
      Creating $__XILINX_RAM32X1D cell at grid position <111 0 0>: u_fetch.cl_fifo.111.0.0
      Creating $__XILINX_RAM32X1D cell at grid position <112 0 0>: u_fetch.cl_fifo.112.0.0
      Creating $__XILINX_RAM32X1D cell at grid position <113 0 0>: u_fetch.cl_fifo.113.0.0
      Creating $__XILINX_RAM32X1D cell at grid position <114 0 0>: u_fetch.cl_fifo.114.0.0
      Creating $__XILINX_RAM32X1D cell at grid position <115 0 0>: u_fetch.cl_fifo.115.0.0
      Creating $__XILINX_RAM32X1D cell at grid position <116 0 0>: u_fetch.cl_fifo.116.0.0
      Creating $__XILINX_RAM32X1D cell at grid position <117 0 0>: u_fetch.cl_fifo.117.0.0
      Creating $__XILINX_RAM32X1D cell at grid position <118 0 0>: u_fetch.cl_fifo.118.0.0
      Creating $__XILINX_RAM32X1D cell at grid position <119 0 0>: u_fetch.cl_fifo.119.0.0
      Creating $__XILINX_RAM32X1D cell at grid position <120 0 0>: u_fetch.cl_fifo.120.0.0
      Creating $__XILINX_RAM32X1D cell at grid position <121 0 0>: u_fetch.cl_fifo.121.0.0
      Creating $__XILINX_RAM32X1D cell at grid position <122 0 0>: u_fetch.cl_fifo.122.0.0
      Creating $__XILINX_RAM32X1D cell at grid position <123 0 0>: u_fetch.cl_fifo.123.0.0
      Creating $__XILINX_RAM32X1D cell at grid position <124 0 0>: u_fetch.cl_fifo.124.0.0
      Creating $__XILINX_RAM32X1D cell at grid position <125 0 0>: u_fetch.cl_fifo.125.0.0
      Creating $__XILINX_RAM32X1D cell at grid position <126 0 0>: u_fetch.cl_fifo.126.0.0
      Creating $__XILINX_RAM32X1D cell at grid position <127 0 0>: u_fetch.cl_fifo.127.0.0
      Creating $__XILINX_RAM32X1D cell at grid position <128 0 0>: u_fetch.cl_fifo.128.0.0
      Creating $__XILINX_RAM32X1D cell at grid position <129 0 0>: u_fetch.cl_fifo.129.0.0
      Creating $__XILINX_RAM32X1D cell at grid position <130 0 0>: u_fetch.cl_fifo.130.0.0
      Creating $__XILINX_RAM32X1D cell at grid position <131 0 0>: u_fetch.cl_fifo.131.0.0
      Creating $__XILINX_RAM32X1D cell at grid position <132 0 0>: u_fetch.cl_fifo.132.0.0
      Creating $__XILINX_RAM32X1D cell at grid position <133 0 0>: u_fetch.cl_fifo.133.0.0
      Creating $__XILINX_RAM32X1D cell at grid position <134 0 0>: u_fetch.cl_fifo.134.0.0
      Creating $__XILINX_RAM32X1D cell at grid position <135 0 0>: u_fetch.cl_fifo.135.0.0
      Creating $__XILINX_RAM32X1D cell at grid position <136 0 0>: u_fetch.cl_fifo.136.0.0
      Creating $__XILINX_RAM32X1D cell at grid position <137 0 0>: u_fetch.cl_fifo.137.0.0
      Creating $__XILINX_RAM32X1D cell at grid position <138 0 0>: u_fetch.cl_fifo.138.0.0
      Creating $__XILINX_RAM32X1D cell at grid position <139 0 0>: u_fetch.cl_fifo.139.0.0
      Creating $__XILINX_RAM32X1D cell at grid position <140 0 0>: u_fetch.cl_fifo.140.0.0
      Creating $__XILINX_RAM32X1D cell at grid position <141 0 0>: u_fetch.cl_fifo.141.0.0
      Creating $__XILINX_RAM32X1D cell at grid position <142 0 0>: u_fetch.cl_fifo.142.0.0
      Creating $__XILINX_RAM32X1D cell at grid position <143 0 0>: u_fetch.cl_fifo.143.0.0
      Creating $__XILINX_RAM32X1D cell at grid position <144 0 0>: u_fetch.cl_fifo.144.0.0
      Creating $__XILINX_RAM32X1D cell at grid position <145 0 0>: u_fetch.cl_fifo.145.0.0
      Creating $__XILINX_RAM32X1D cell at grid position <146 0 0>: u_fetch.cl_fifo.146.0.0
      Creating $__XILINX_RAM32X1D cell at grid position <147 0 0>: u_fetch.cl_fifo.147.0.0
      Creating $__XILINX_RAM32X1D cell at grid position <148 0 0>: u_fetch.cl_fifo.148.0.0
      Creating $__XILINX_RAM32X1D cell at grid position <149 0 0>: u_fetch.cl_fifo.149.0.0
      Creating $__XILINX_RAM32X1D cell at grid position <150 0 0>: u_fetch.cl_fifo.150.0.0
      Creating $__XILINX_RAM32X1D cell at grid position <151 0 0>: u_fetch.cl_fifo.151.0.0
      Creating $__XILINX_RAM32X1D cell at grid position <152 0 0>: u_fetch.cl_fifo.152.0.0
      Creating $__XILINX_RAM32X1D cell at grid position <153 0 0>: u_fetch.cl_fifo.153.0.0
      Creating $__XILINX_RAM32X1D cell at grid position <154 0 0>: u_fetch.cl_fifo.154.0.0
      Creating $__XILINX_RAM32X1D cell at grid position <155 0 0>: u_fetch.cl_fifo.155.0.0
      Creating $__XILINX_RAM32X1D cell at grid position <156 0 0>: u_fetch.cl_fifo.156.0.0
      Creating $__XILINX_RAM32X1D cell at grid position <157 0 0>: u_fetch.cl_fifo.157.0.0
      Creating $__XILINX_RAM32X1D cell at grid position <158 0 0>: u_fetch.cl_fifo.158.0.0
      Creating $__XILINX_RAM32X1D cell at grid position <159 0 0>: u_fetch.cl_fifo.159.0.0
      Creating $__XILINX_RAM32X1D cell at grid position <160 0 0>: u_fetch.cl_fifo.160.0.0
      Creating $__XILINX_RAM32X1D cell at grid position <161 0 0>: u_fetch.cl_fifo.161.0.0
      Creating $__XILINX_RAM32X1D cell at grid position <162 0 0>: u_fetch.cl_fifo.162.0.0
      Creating $__XILINX_RAM32X1D cell at grid position <163 0 0>: u_fetch.cl_fifo.163.0.0
      Creating $__XILINX_RAM32X1D cell at grid position <164 0 0>: u_fetch.cl_fifo.164.0.0
      Creating $__XILINX_RAM32X1D cell at grid position <165 0 0>: u_fetch.cl_fifo.165.0.0
      Creating $__XILINX_RAM32X1D cell at grid position <166 0 0>: u_fetch.cl_fifo.166.0.0
      Creating $__XILINX_RAM32X1D cell at grid position <167 0 0>: u_fetch.cl_fifo.167.0.0
      Creating $__XILINX_RAM32X1D cell at grid position <168 0 0>: u_fetch.cl_fifo.168.0.0
      Creating $__XILINX_RAM32X1D cell at grid position <169 0 0>: u_fetch.cl_fifo.169.0.0
      Creating $__XILINX_RAM32X1D cell at grid position <170 0 0>: u_fetch.cl_fifo.170.0.0
      Creating $__XILINX_RAM32X1D cell at grid position <171 0 0>: u_fetch.cl_fifo.171.0.0
      Creating $__XILINX_RAM32X1D cell at grid position <172 0 0>: u_fetch.cl_fifo.172.0.0
      Creating $__XILINX_RAM32X1D cell at grid position <173 0 0>: u_fetch.cl_fifo.173.0.0
      Creating $__XILINX_RAM32X1D cell at grid position <174 0 0>: u_fetch.cl_fifo.174.0.0
      Creating $__XILINX_RAM32X1D cell at grid position <175 0 0>: u_fetch.cl_fifo.175.0.0
      Creating $__XILINX_RAM32X1D cell at grid position <176 0 0>: u_fetch.cl_fifo.176.0.0
      Creating $__XILINX_RAM32X1D cell at grid position <177 0 0>: u_fetch.cl_fifo.177.0.0
      Creating $__XILINX_RAM32X1D cell at grid position <178 0 0>: u_fetch.cl_fifo.178.0.0
      Creating $__XILINX_RAM32X1D cell at grid position <179 0 0>: u_fetch.cl_fifo.179.0.0
      Creating $__XILINX_RAM32X1D cell at grid position <180 0 0>: u_fetch.cl_fifo.180.0.0
      Creating $__XILINX_RAM32X1D cell at grid position <181 0 0>: u_fetch.cl_fifo.181.0.0
      Creating $__XILINX_RAM32X1D cell at grid position <182 0 0>: u_fetch.cl_fifo.182.0.0
      Creating $__XILINX_RAM32X1D cell at grid position <183 0 0>: u_fetch.cl_fifo.183.0.0
      Creating $__XILINX_RAM32X1D cell at grid position <184 0 0>: u_fetch.cl_fifo.184.0.0
      Creating $__XILINX_RAM32X1D cell at grid position <185 0 0>: u_fetch.cl_fifo.185.0.0
      Creating $__XILINX_RAM32X1D cell at grid position <186 0 0>: u_fetch.cl_fifo.186.0.0
      Creating $__XILINX_RAM32X1D cell at grid position <187 0 0>: u_fetch.cl_fifo.187.0.0
      Creating $__XILINX_RAM32X1D cell at grid position <188 0 0>: u_fetch.cl_fifo.188.0.0
      Creating $__XILINX_RAM32X1D cell at grid position <189 0 0>: u_fetch.cl_fifo.189.0.0
      Creating $__XILINX_RAM32X1D cell at grid position <190 0 0>: u_fetch.cl_fifo.190.0.0
      Creating $__XILINX_RAM32X1D cell at grid position <191 0 0>: u_fetch.cl_fifo.191.0.0
      Creating $__XILINX_RAM32X1D cell at grid position <192 0 0>: u_fetch.cl_fifo.192.0.0
      Creating $__XILINX_RAM32X1D cell at grid position <193 0 0>: u_fetch.cl_fifo.193.0.0
      Creating $__XILINX_RAM32X1D cell at grid position <194 0 0>: u_fetch.cl_fifo.194.0.0
      Creating $__XILINX_RAM32X1D cell at grid position <195 0 0>: u_fetch.cl_fifo.195.0.0
      Creating $__XILINX_RAM32X1D cell at grid position <196 0 0>: u_fetch.cl_fifo.196.0.0
      Creating $__XILINX_RAM32X1D cell at grid position <197 0 0>: u_fetch.cl_fifo.197.0.0
      Creating $__XILINX_RAM32X1D cell at grid position <198 0 0>: u_fetch.cl_fifo.198.0.0
      Creating $__XILINX_RAM32X1D cell at grid position <199 0 0>: u_fetch.cl_fifo.199.0.0
      Creating $__XILINX_RAM32X1D cell at grid position <200 0 0>: u_fetch.cl_fifo.200.0.0
      Creating $__XILINX_RAM32X1D cell at grid position <201 0 0>: u_fetch.cl_fifo.201.0.0
      Creating $__XILINX_RAM32X1D cell at grid position <202 0 0>: u_fetch.cl_fifo.202.0.0
      Creating $__XILINX_RAM32X1D cell at grid position <203 0 0>: u_fetch.cl_fifo.203.0.0
      Creating $__XILINX_RAM32X1D cell at grid position <204 0 0>: u_fetch.cl_fifo.204.0.0
      Creating $__XILINX_RAM32X1D cell at grid position <205 0 0>: u_fetch.cl_fifo.205.0.0
      Creating $__XILINX_RAM32X1D cell at grid position <206 0 0>: u_fetch.cl_fifo.206.0.0
      Creating $__XILINX_RAM32X1D cell at grid position <207 0 0>: u_fetch.cl_fifo.207.0.0
      Creating $__XILINX_RAM32X1D cell at grid position <208 0 0>: u_fetch.cl_fifo.208.0.0
      Creating $__XILINX_RAM32X1D cell at grid position <209 0 0>: u_fetch.cl_fifo.209.0.0
      Creating $__XILINX_RAM32X1D cell at grid position <210 0 0>: u_fetch.cl_fifo.210.0.0
      Creating $__XILINX_RAM32X1D cell at grid position <211 0 0>: u_fetch.cl_fifo.211.0.0
      Creating $__XILINX_RAM32X1D cell at grid position <212 0 0>: u_fetch.cl_fifo.212.0.0
      Creating $__XILINX_RAM32X1D cell at grid position <213 0 0>: u_fetch.cl_fifo.213.0.0
      Creating $__XILINX_RAM32X1D cell at grid position <214 0 0>: u_fetch.cl_fifo.214.0.0
      Creating $__XILINX_RAM32X1D cell at grid position <215 0 0>: u_fetch.cl_fifo.215.0.0
      Creating $__XILINX_RAM32X1D cell at grid position <216 0 0>: u_fetch.cl_fifo.216.0.0
      Creating $__XILINX_RAM32X1D cell at grid position <217 0 0>: u_fetch.cl_fifo.217.0.0
      Creating $__XILINX_RAM32X1D cell at grid position <218 0 0>: u_fetch.cl_fifo.218.0.0
      Creating $__XILINX_RAM32X1D cell at grid position <219 0 0>: u_fetch.cl_fifo.219.0.0
      Creating $__XILINX_RAM32X1D cell at grid position <220 0 0>: u_fetch.cl_fifo.220.0.0
      Creating $__XILINX_RAM32X1D cell at grid position <221 0 0>: u_fetch.cl_fifo.221.0.0
      Creating $__XILINX_RAM32X1D cell at grid position <222 0 0>: u_fetch.cl_fifo.222.0.0
      Creating $__XILINX_RAM32X1D cell at grid position <223 0 0>: u_fetch.cl_fifo.223.0.0
      Creating $__XILINX_RAM32X1D cell at grid position <224 0 0>: u_fetch.cl_fifo.224.0.0
      Creating $__XILINX_RAM32X1D cell at grid position <225 0 0>: u_fetch.cl_fifo.225.0.0
      Creating $__XILINX_RAM32X1D cell at grid position <226 0 0>: u_fetch.cl_fifo.226.0.0
      Creating $__XILINX_RAM32X1D cell at grid position <227 0 0>: u_fetch.cl_fifo.227.0.0
      Creating $__XILINX_RAM32X1D cell at grid position <228 0 0>: u_fetch.cl_fifo.228.0.0
      Creating $__XILINX_RAM32X1D cell at grid position <229 0 0>: u_fetch.cl_fifo.229.0.0
      Creating $__XILINX_RAM32X1D cell at grid position <230 0 0>: u_fetch.cl_fifo.230.0.0
      Creating $__XILINX_RAM32X1D cell at grid position <231 0 0>: u_fetch.cl_fifo.231.0.0
      Creating $__XILINX_RAM32X1D cell at grid position <232 0 0>: u_fetch.cl_fifo.232.0.0
      Creating $__XILINX_RAM32X1D cell at grid position <233 0 0>: u_fetch.cl_fifo.233.0.0
      Creating $__XILINX_RAM32X1D cell at grid position <234 0 0>: u_fetch.cl_fifo.234.0.0
      Creating $__XILINX_RAM32X1D cell at grid position <235 0 0>: u_fetch.cl_fifo.235.0.0
      Creating $__XILINX_RAM32X1D cell at grid position <236 0 0>: u_fetch.cl_fifo.236.0.0
      Creating $__XILINX_RAM32X1D cell at grid position <237 0 0>: u_fetch.cl_fifo.237.0.0
      Creating $__XILINX_RAM32X1D cell at grid position <238 0 0>: u_fetch.cl_fifo.238.0.0
      Creating $__XILINX_RAM32X1D cell at grid position <239 0 0>: u_fetch.cl_fifo.239.0.0
      Creating $__XILINX_RAM32X1D cell at grid position <240 0 0>: u_fetch.cl_fifo.240.0.0
      Creating $__XILINX_RAM32X1D cell at grid position <241 0 0>: u_fetch.cl_fifo.241.0.0
      Creating $__XILINX_RAM32X1D cell at grid position <242 0 0>: u_fetch.cl_fifo.242.0.0
      Creating $__XILINX_RAM32X1D cell at grid position <243 0 0>: u_fetch.cl_fifo.243.0.0
      Creating $__XILINX_RAM32X1D cell at grid position <244 0 0>: u_fetch.cl_fifo.244.0.0
      Creating $__XILINX_RAM32X1D cell at grid position <245 0 0>: u_fetch.cl_fifo.245.0.0
      Creating $__XILINX_RAM32X1D cell at grid position <246 0 0>: u_fetch.cl_fifo.246.0.0
      Creating $__XILINX_RAM32X1D cell at grid position <247 0 0>: u_fetch.cl_fifo.247.0.0
      Creating $__XILINX_RAM32X1D cell at grid position <248 0 0>: u_fetch.cl_fifo.248.0.0
      Creating $__XILINX_RAM32X1D cell at grid position <249 0 0>: u_fetch.cl_fifo.249.0.0
      Creating $__XILINX_RAM32X1D cell at grid position <250 0 0>: u_fetch.cl_fifo.250.0.0
      Creating $__XILINX_RAM32X1D cell at grid position <251 0 0>: u_fetch.cl_fifo.251.0.0
      Creating $__XILINX_RAM32X1D cell at grid position <252 0 0>: u_fetch.cl_fifo.252.0.0
      Creating $__XILINX_RAM32X1D cell at grid position <253 0 0>: u_fetch.cl_fifo.253.0.0
      Creating $__XILINX_RAM32X1D cell at grid position <254 0 0>: u_fetch.cl_fifo.254.0.0
      Creating $__XILINX_RAM32X1D cell at grid position <255 0 0>: u_fetch.cl_fifo.255.0.0
      Creating $__XILINX_RAM32X1D cell at grid position <256 0 0>: u_fetch.cl_fifo.256.0.0
      Creating $__XILINX_RAM32X1D cell at grid position <257 0 0>: u_fetch.cl_fifo.257.0.0
      Creating $__XILINX_RAM32X1D cell at grid position <258 0 0>: u_fetch.cl_fifo.258.0.0
      Creating $__XILINX_RAM32X1D cell at grid position <259 0 0>: u_fetch.cl_fifo.259.0.0
      Creating $__XILINX_RAM32X1D cell at grid position <260 0 0>: u_fetch.cl_fifo.260.0.0
      Creating $__XILINX_RAM32X1D cell at grid position <261 0 0>: u_fetch.cl_fifo.261.0.0
      Creating $__XILINX_RAM32X1D cell at grid position <262 0 0>: u_fetch.cl_fifo.262.0.0
      Creating $__XILINX_RAM32X1D cell at grid position <263 0 0>: u_fetch.cl_fifo.263.0.0
      Creating $__XILINX_RAM32X1D cell at grid position <264 0 0>: u_fetch.cl_fifo.264.0.0
      Creating $__XILINX_RAM32X1D cell at grid position <265 0 0>: u_fetch.cl_fifo.265.0.0
      Creating $__XILINX_RAM32X1D cell at grid position <266 0 0>: u_fetch.cl_fifo.266.0.0
      Creating $__XILINX_RAM32X1D cell at grid position <267 0 0>: u_fetch.cl_fifo.267.0.0
      Creating $__XILINX_RAM32X1D cell at grid position <268 0 0>: u_fetch.cl_fifo.268.0.0
      Creating $__XILINX_RAM32X1D cell at grid position <269 0 0>: u_fetch.cl_fifo.269.0.0
      Creating $__XILINX_RAM32X1D cell at grid position <270 0 0>: u_fetch.cl_fifo.270.0.0
      Creating $__XILINX_RAM32X1D cell at grid position <271 0 0>: u_fetch.cl_fifo.271.0.0
      Creating $__XILINX_RAM32X1D cell at grid position <272 0 0>: u_fetch.cl_fifo.272.0.0
      Creating $__XILINX_RAM32X1D cell at grid position <273 0 0>: u_fetch.cl_fifo.273.0.0
      Creating $__XILINX_RAM32X1D cell at grid position <274 0 0>: u_fetch.cl_fifo.274.0.0
      Creating $__XILINX_RAM32X1D cell at grid position <275 0 0>: u_fetch.cl_fifo.275.0.0
      Creating $__XILINX_RAM32X1D cell at grid position <276 0 0>: u_fetch.cl_fifo.276.0.0
      Creating $__XILINX_RAM32X1D cell at grid position <277 0 0>: u_fetch.cl_fifo.277.0.0
      Creating $__XILINX_RAM32X1D cell at grid position <278 0 0>: u_fetch.cl_fifo.278.0.0
      Creating $__XILINX_RAM32X1D cell at grid position <279 0 0>: u_fetch.cl_fifo.279.0.0
      Creating $__XILINX_RAM32X1D cell at grid position <280 0 0>: u_fetch.cl_fifo.280.0.0
      Creating $__XILINX_RAM32X1D cell at grid position <281 0 0>: u_fetch.cl_fifo.281.0.0
      Creating $__XILINX_RAM32X1D cell at grid position <282 0 0>: u_fetch.cl_fifo.282.0.0
      Creating $__XILINX_RAM32X1D cell at grid position <283 0 0>: u_fetch.cl_fifo.283.0.0
      Creating $__XILINX_RAM32X1D cell at grid position <284 0 0>: u_fetch.cl_fifo.284.0.0
      Creating $__XILINX_RAM32X1D cell at grid position <285 0 0>: u_fetch.cl_fifo.285.0.0
      Creating $__XILINX_RAM32X1D cell at grid position <286 0 0>: u_fetch.cl_fifo.286.0.0
      Creating $__XILINX_RAM32X1D cell at grid position <287 0 0>: u_fetch.cl_fifo.287.0.0
      Creating $__XILINX_RAM32X1D cell at grid position <288 0 0>: u_fetch.cl_fifo.288.0.0
      Creating $__XILINX_RAM32X1D cell at grid position <289 0 0>: u_fetch.cl_fifo.289.0.0
      Creating $__XILINX_RAM32X1D cell at grid position <290 0 0>: u_fetch.cl_fifo.290.0.0
      Creating $__XILINX_RAM32X1D cell at grid position <291 0 0>: u_fetch.cl_fifo.291.0.0
      Creating $__XILINX_RAM32X1D cell at grid position <292 0 0>: u_fetch.cl_fifo.292.0.0
      Creating $__XILINX_RAM32X1D cell at grid position <293 0 0>: u_fetch.cl_fifo.293.0.0
      Creating $__XILINX_RAM32X1D cell at grid position <294 0 0>: u_fetch.cl_fifo.294.0.0
      Creating $__XILINX_RAM32X1D cell at grid position <295 0 0>: u_fetch.cl_fifo.295.0.0
      Creating $__XILINX_RAM32X1D cell at grid position <296 0 0>: u_fetch.cl_fifo.296.0.0
      Creating $__XILINX_RAM32X1D cell at grid position <297 0 0>: u_fetch.cl_fifo.297.0.0
      Creating $__XILINX_RAM32X1D cell at grid position <298 0 0>: u_fetch.cl_fifo.298.0.0
      Creating $__XILINX_RAM32X1D cell at grid position <299 0 0>: u_fetch.cl_fifo.299.0.0
      Creating $__XILINX_RAM32X1D cell at grid position <300 0 0>: u_fetch.cl_fifo.300.0.0
      Creating $__XILINX_RAM32X1D cell at grid position <301 0 0>: u_fetch.cl_fifo.301.0.0
      Creating $__XILINX_RAM32X1D cell at grid position <302 0 0>: u_fetch.cl_fifo.302.0.0
      Creating $__XILINX_RAM32X1D cell at grid position <303 0 0>: u_fetch.cl_fifo.303.0.0
      Creating $__XILINX_RAM32X1D cell at grid position <304 0 0>: u_fetch.cl_fifo.304.0.0
      Creating $__XILINX_RAM32X1D cell at grid position <305 0 0>: u_fetch.cl_fifo.305.0.0
      Creating $__XILINX_RAM32X1D cell at grid position <306 0 0>: u_fetch.cl_fifo.306.0.0
      Creating $__XILINX_RAM32X1D cell at grid position <307 0 0>: u_fetch.cl_fifo.307.0.0
      Creating $__XILINX_RAM32X1D cell at grid position <308 0 0>: u_fetch.cl_fifo.308.0.0
      Creating $__XILINX_RAM32X1D cell at grid position <309 0 0>: u_fetch.cl_fifo.309.0.0
      Creating $__XILINX_RAM32X1D cell at grid position <310 0 0>: u_fetch.cl_fifo.310.0.0
      Creating $__XILINX_RAM32X1D cell at grid position <311 0 0>: u_fetch.cl_fifo.311.0.0
      Creating $__XILINX_RAM32X1D cell at grid position <312 0 0>: u_fetch.cl_fifo.312.0.0
      Creating $__XILINX_RAM32X1D cell at grid position <313 0 0>: u_fetch.cl_fifo.313.0.0
      Creating $__XILINX_RAM32X1D cell at grid position <314 0 0>: u_fetch.cl_fifo.314.0.0
      Creating $__XILINX_RAM32X1D cell at grid position <315 0 0>: u_fetch.cl_fifo.315.0.0
      Creating $__XILINX_RAM32X1D cell at grid position <316 0 0>: u_fetch.cl_fifo.316.0.0
      Creating $__XILINX_RAM32X1D cell at grid position <317 0 0>: u_fetch.cl_fifo.317.0.0
      Creating $__XILINX_RAM32X1D cell at grid position <318 0 0>: u_fetch.cl_fifo.318.0.0
      Creating $__XILINX_RAM32X1D cell at grid position <319 0 0>: u_fetch.cl_fifo.319.0.0
      Creating $__XILINX_RAM32X1D cell at grid position <320 0 0>: u_fetch.cl_fifo.320.0.0
      Creating $__XILINX_RAM32X1D cell at grid position <321 0 0>: u_fetch.cl_fifo.321.0.0
      Creating $__XILINX_RAM32X1D cell at grid position <322 0 0>: u_fetch.cl_fifo.322.0.0
      Creating $__XILINX_RAM32X1D cell at grid position <323 0 0>: u_fetch.cl_fifo.323.0.0
      Creating $__XILINX_RAM32X1D cell at grid position <324 0 0>: u_fetch.cl_fifo.324.0.0
      Creating $__XILINX_RAM32X1D cell at grid position <325 0 0>: u_fetch.cl_fifo.325.0.0
      Creating $__XILINX_RAM32X1D cell at grid position <326 0 0>: u_fetch.cl_fifo.326.0.0
      Creating $__XILINX_RAM32X1D cell at grid position <327 0 0>: u_fetch.cl_fifo.327.0.0
      Creating $__XILINX_RAM32X1D cell at grid position <328 0 0>: u_fetch.cl_fifo.328.0.0
      Creating $__XILINX_RAM32X1D cell at grid position <329 0 0>: u_fetch.cl_fifo.329.0.0
      Creating $__XILINX_RAM32X1D cell at grid position <330 0 0>: u_fetch.cl_fifo.330.0.0
      Creating $__XILINX_RAM32X1D cell at grid position <331 0 0>: u_fetch.cl_fifo.331.0.0
      Creating $__XILINX_RAM32X1D cell at grid position <332 0 0>: u_fetch.cl_fifo.332.0.0
      Creating $__XILINX_RAM32X1D cell at grid position <333 0 0>: u_fetch.cl_fifo.333.0.0
      Creating $__XILINX_RAM32X1D cell at grid position <334 0 0>: u_fetch.cl_fifo.334.0.0
      Creating $__XILINX_RAM32X1D cell at grid position <335 0 0>: u_fetch.cl_fifo.335.0.0
      Creating $__XILINX_RAM32X1D cell at grid position <336 0 0>: u_fetch.cl_fifo.336.0.0
      Creating $__XILINX_RAM32X1D cell at grid position <337 0 0>: u_fetch.cl_fifo.337.0.0
      Creating $__XILINX_RAM32X1D cell at grid position <338 0 0>: u_fetch.cl_fifo.338.0.0
      Creating $__XILINX_RAM32X1D cell at grid position <339 0 0>: u_fetch.cl_fifo.339.0.0
      Creating $__XILINX_RAM32X1D cell at grid position <340 0 0>: u_fetch.cl_fifo.340.0.0
      Creating $__XILINX_RAM32X1D cell at grid position <341 0 0>: u_fetch.cl_fifo.341.0.0
      Creating $__XILINX_RAM32X1D cell at grid position <342 0 0>: u_fetch.cl_fifo.342.0.0
      Creating $__XILINX_RAM32X1D cell at grid position <343 0 0>: u_fetch.cl_fifo.343.0.0
      Creating $__XILINX_RAM32X1D cell at grid position <344 0 0>: u_fetch.cl_fifo.344.0.0
      Creating $__XILINX_RAM32X1D cell at grid position <345 0 0>: u_fetch.cl_fifo.345.0.0
      Creating $__XILINX_RAM32X1D cell at grid position <346 0 0>: u_fetch.cl_fifo.346.0.0
      Creating $__XILINX_RAM32X1D cell at grid position <347 0 0>: u_fetch.cl_fifo.347.0.0
      Creating $__XILINX_RAM32X1D cell at grid position <348 0 0>: u_fetch.cl_fifo.348.0.0
      Creating $__XILINX_RAM32X1D cell at grid position <349 0 0>: u_fetch.cl_fifo.349.0.0
      Creating $__XILINX_RAM32X1D cell at grid position <350 0 0>: u_fetch.cl_fifo.350.0.0
      Creating $__XILINX_RAM32X1D cell at grid position <351 0 0>: u_fetch.cl_fifo.351.0.0
      Creating $__XILINX_RAM32X1D cell at grid position <352 0 0>: u_fetch.cl_fifo.352.0.0
      Creating $__XILINX_RAM32X1D cell at grid position <353 0 0>: u_fetch.cl_fifo.353.0.0
      Creating $__XILINX_RAM32X1D cell at grid position <354 0 0>: u_fetch.cl_fifo.354.0.0
      Creating $__XILINX_RAM32X1D cell at grid position <355 0 0>: u_fetch.cl_fifo.355.0.0
      Creating $__XILINX_RAM32X1D cell at grid position <356 0 0>: u_fetch.cl_fifo.356.0.0
      Creating $__XILINX_RAM32X1D cell at grid position <357 0 0>: u_fetch.cl_fifo.357.0.0
      Creating $__XILINX_RAM32X1D cell at grid position <358 0 0>: u_fetch.cl_fifo.358.0.0
      Creating $__XILINX_RAM32X1D cell at grid position <359 0 0>: u_fetch.cl_fifo.359.0.0
      Creating $__XILINX_RAM32X1D cell at grid position <360 0 0>: u_fetch.cl_fifo.360.0.0
      Creating $__XILINX_RAM32X1D cell at grid position <361 0 0>: u_fetch.cl_fifo.361.0.0
      Creating $__XILINX_RAM32X1D cell at grid position <362 0 0>: u_fetch.cl_fifo.362.0.0
      Creating $__XILINX_RAM32X1D cell at grid position <363 0 0>: u_fetch.cl_fifo.363.0.0
      Creating $__XILINX_RAM32X1D cell at grid position <364 0 0>: u_fetch.cl_fifo.364.0.0
      Creating $__XILINX_RAM32X1D cell at grid position <365 0 0>: u_fetch.cl_fifo.365.0.0
      Creating $__XILINX_RAM32X1D cell at grid position <366 0 0>: u_fetch.cl_fifo.366.0.0
      Creating $__XILINX_RAM32X1D cell at grid position <367 0 0>: u_fetch.cl_fifo.367.0.0
      Creating $__XILINX_RAM32X1D cell at grid position <368 0 0>: u_fetch.cl_fifo.368.0.0
      Creating $__XILINX_RAM32X1D cell at grid position <369 0 0>: u_fetch.cl_fifo.369.0.0
      Creating $__XILINX_RAM32X1D cell at grid position <370 0 0>: u_fetch.cl_fifo.370.0.0
      Creating $__XILINX_RAM32X1D cell at grid position <371 0 0>: u_fetch.cl_fifo.371.0.0
      Creating $__XILINX_RAM32X1D cell at grid position <372 0 0>: u_fetch.cl_fifo.372.0.0
      Creating $__XILINX_RAM32X1D cell at grid position <373 0 0>: u_fetch.cl_fifo.373.0.0
      Creating $__XILINX_RAM32X1D cell at grid position <374 0 0>: u_fetch.cl_fifo.374.0.0
      Creating $__XILINX_RAM32X1D cell at grid position <375 0 0>: u_fetch.cl_fifo.375.0.0
      Creating $__XILINX_RAM32X1D cell at grid position <376 0 0>: u_fetch.cl_fifo.376.0.0
      Creating $__XILINX_RAM32X1D cell at grid position <377 0 0>: u_fetch.cl_fifo.377.0.0
      Creating $__XILINX_RAM32X1D cell at grid position <378 0 0>: u_fetch.cl_fifo.378.0.0
      Creating $__XILINX_RAM32X1D cell at grid position <379 0 0>: u_fetch.cl_fifo.379.0.0
      Creating $__XILINX_RAM32X1D cell at grid position <380 0 0>: u_fetch.cl_fifo.380.0.0
      Creating $__XILINX_RAM32X1D cell at grid position <381 0 0>: u_fetch.cl_fifo.381.0.0
      Creating $__XILINX_RAM32X1D cell at grid position <382 0 0>: u_fetch.cl_fifo.382.0.0
      Creating $__XILINX_RAM32X1D cell at grid position <383 0 0>: u_fetch.cl_fifo.383.0.0
      Creating $__XILINX_RAM32X1D cell at grid position <384 0 0>: u_fetch.cl_fifo.384.0.0
      Creating $__XILINX_RAM32X1D cell at grid position <385 0 0>: u_fetch.cl_fifo.385.0.0
      Creating $__XILINX_RAM32X1D cell at grid position <386 0 0>: u_fetch.cl_fifo.386.0.0
      Creating $__XILINX_RAM32X1D cell at grid position <387 0 0>: u_fetch.cl_fifo.387.0.0
      Creating $__XILINX_RAM32X1D cell at grid position <388 0 0>: u_fetch.cl_fifo.388.0.0
      Creating $__XILINX_RAM32X1D cell at grid position <389 0 0>: u_fetch.cl_fifo.389.0.0
      Creating $__XILINX_RAM32X1D cell at grid position <390 0 0>: u_fetch.cl_fifo.390.0.0
      Creating $__XILINX_RAM32X1D cell at grid position <391 0 0>: u_fetch.cl_fifo.391.0.0
      Creating $__XILINX_RAM32X1D cell at grid position <392 0 0>: u_fetch.cl_fifo.392.0.0
      Creating $__XILINX_RAM32X1D cell at grid position <393 0 0>: u_fetch.cl_fifo.393.0.0
      Creating $__XILINX_RAM32X1D cell at grid position <394 0 0>: u_fetch.cl_fifo.394.0.0
      Creating $__XILINX_RAM32X1D cell at grid position <395 0 0>: u_fetch.cl_fifo.395.0.0
      Creating $__XILINX_RAM32X1D cell at grid position <396 0 0>: u_fetch.cl_fifo.396.0.0
      Creating $__XILINX_RAM32X1D cell at grid position <397 0 0>: u_fetch.cl_fifo.397.0.0
      Creating $__XILINX_RAM32X1D cell at grid position <398 0 0>: u_fetch.cl_fifo.398.0.0
      Creating $__XILINX_RAM32X1D cell at grid position <399 0 0>: u_fetch.cl_fifo.399.0.0
      Creating $__XILINX_RAM32X1D cell at grid position <400 0 0>: u_fetch.cl_fifo.400.0.0
      Creating $__XILINX_RAM32X1D cell at grid position <401 0 0>: u_fetch.cl_fifo.401.0.0
      Creating $__XILINX_RAM32X1D cell at grid position <402 0 0>: u_fetch.cl_fifo.402.0.0
      Creating $__XILINX_RAM32X1D cell at grid position <403 0 0>: u_fetch.cl_fifo.403.0.0
      Creating $__XILINX_RAM32X1D cell at grid position <404 0 0>: u_fetch.cl_fifo.404.0.0
      Creating $__XILINX_RAM32X1D cell at grid position <405 0 0>: u_fetch.cl_fifo.405.0.0
      Creating $__XILINX_RAM32X1D cell at grid position <406 0 0>: u_fetch.cl_fifo.406.0.0
      Creating $__XILINX_RAM32X1D cell at grid position <407 0 0>: u_fetch.cl_fifo.407.0.0
      Creating $__XILINX_RAM32X1D cell at grid position <408 0 0>: u_fetch.cl_fifo.408.0.0
      Creating $__XILINX_RAM32X1D cell at grid position <409 0 0>: u_fetch.cl_fifo.409.0.0
      Creating $__XILINX_RAM32X1D cell at grid position <410 0 0>: u_fetch.cl_fifo.410.0.0
      Creating $__XILINX_RAM32X1D cell at grid position <411 0 0>: u_fetch.cl_fifo.411.0.0
      Creating $__XILINX_RAM32X1D cell at grid position <412 0 0>: u_fetch.cl_fifo.412.0.0
      Creating $__XILINX_RAM32X1D cell at grid position <413 0 0>: u_fetch.cl_fifo.413.0.0
      Creating $__XILINX_RAM32X1D cell at grid position <414 0 0>: u_fetch.cl_fifo.414.0.0
      Creating $__XILINX_RAM32X1D cell at grid position <415 0 0>: u_fetch.cl_fifo.415.0.0
      Creating $__XILINX_RAM32X1D cell at grid position <416 0 0>: u_fetch.cl_fifo.416.0.0
      Creating $__XILINX_RAM32X1D cell at grid position <417 0 0>: u_fetch.cl_fifo.417.0.0
      Creating $__XILINX_RAM32X1D cell at grid position <418 0 0>: u_fetch.cl_fifo.418.0.0
      Creating $__XILINX_RAM32X1D cell at grid position <419 0 0>: u_fetch.cl_fifo.419.0.0
      Creating $__XILINX_RAM32X1D cell at grid position <420 0 0>: u_fetch.cl_fifo.420.0.0
      Creating $__XILINX_RAM32X1D cell at grid position <421 0 0>: u_fetch.cl_fifo.421.0.0
      Creating $__XILINX_RAM32X1D cell at grid position <422 0 0>: u_fetch.cl_fifo.422.0.0
      Creating $__XILINX_RAM32X1D cell at grid position <423 0 0>: u_fetch.cl_fifo.423.0.0
      Creating $__XILINX_RAM32X1D cell at grid position <424 0 0>: u_fetch.cl_fifo.424.0.0
      Creating $__XILINX_RAM32X1D cell at grid position <425 0 0>: u_fetch.cl_fifo.425.0.0
      Creating $__XILINX_RAM32X1D cell at grid position <426 0 0>: u_fetch.cl_fifo.426.0.0
      Creating $__XILINX_RAM32X1D cell at grid position <427 0 0>: u_fetch.cl_fifo.427.0.0
      Creating $__XILINX_RAM32X1D cell at grid position <428 0 0>: u_fetch.cl_fifo.428.0.0
      Creating $__XILINX_RAM32X1D cell at grid position <429 0 0>: u_fetch.cl_fifo.429.0.0
      Creating $__XILINX_RAM32X1D cell at grid position <430 0 0>: u_fetch.cl_fifo.430.0.0
      Creating $__XILINX_RAM32X1D cell at grid position <431 0 0>: u_fetch.cl_fifo.431.0.0
      Creating $__XILINX_RAM32X1D cell at grid position <432 0 0>: u_fetch.cl_fifo.432.0.0
      Creating $__XILINX_RAM32X1D cell at grid position <433 0 0>: u_fetch.cl_fifo.433.0.0
      Creating $__XILINX_RAM32X1D cell at grid position <434 0 0>: u_fetch.cl_fifo.434.0.0
      Creating $__XILINX_RAM32X1D cell at grid position <435 0 0>: u_fetch.cl_fifo.435.0.0
      Creating $__XILINX_RAM32X1D cell at grid position <436 0 0>: u_fetch.cl_fifo.436.0.0
      Creating $__XILINX_RAM32X1D cell at grid position <437 0 0>: u_fetch.cl_fifo.437.0.0
      Creating $__XILINX_RAM32X1D cell at grid position <438 0 0>: u_fetch.cl_fifo.438.0.0
      Creating $__XILINX_RAM32X1D cell at grid position <439 0 0>: u_fetch.cl_fifo.439.0.0
      Creating $__XILINX_RAM32X1D cell at grid position <440 0 0>: u_fetch.cl_fifo.440.0.0
      Creating $__XILINX_RAM32X1D cell at grid position <441 0 0>: u_fetch.cl_fifo.441.0.0
      Creating $__XILINX_RAM32X1D cell at grid position <442 0 0>: u_fetch.cl_fifo.442.0.0
      Creating $__XILINX_RAM32X1D cell at grid position <443 0 0>: u_fetch.cl_fifo.443.0.0
      Creating $__XILINX_RAM32X1D cell at grid position <444 0 0>: u_fetch.cl_fifo.444.0.0
      Creating $__XILINX_RAM32X1D cell at grid position <445 0 0>: u_fetch.cl_fifo.445.0.0
      Creating $__XILINX_RAM32X1D cell at grid position <446 0 0>: u_fetch.cl_fifo.446.0.0
      Creating $__XILINX_RAM32X1D cell at grid position <447 0 0>: u_fetch.cl_fifo.447.0.0
      Creating $__XILINX_RAM32X1D cell at grid position <448 0 0>: u_fetch.cl_fifo.448.0.0
      Creating $__XILINX_RAM32X1D cell at grid position <449 0 0>: u_fetch.cl_fifo.449.0.0
      Creating $__XILINX_RAM32X1D cell at grid position <450 0 0>: u_fetch.cl_fifo.450.0.0
      Creating $__XILINX_RAM32X1D cell at grid position <451 0 0>: u_fetch.cl_fifo.451.0.0
      Creating $__XILINX_RAM32X1D cell at grid position <452 0 0>: u_fetch.cl_fifo.452.0.0
      Creating $__XILINX_RAM32X1D cell at grid position <453 0 0>: u_fetch.cl_fifo.453.0.0
      Creating $__XILINX_RAM32X1D cell at grid position <454 0 0>: u_fetch.cl_fifo.454.0.0
      Creating $__XILINX_RAM32X1D cell at grid position <455 0 0>: u_fetch.cl_fifo.455.0.0
      Creating $__XILINX_RAM32X1D cell at grid position <456 0 0>: u_fetch.cl_fifo.456.0.0
      Creating $__XILINX_RAM32X1D cell at grid position <457 0 0>: u_fetch.cl_fifo.457.0.0
      Creating $__XILINX_RAM32X1D cell at grid position <458 0 0>: u_fetch.cl_fifo.458.0.0
      Creating $__XILINX_RAM32X1D cell at grid position <459 0 0>: u_fetch.cl_fifo.459.0.0
      Creating $__XILINX_RAM32X1D cell at grid position <460 0 0>: u_fetch.cl_fifo.460.0.0
      Creating $__XILINX_RAM32X1D cell at grid position <461 0 0>: u_fetch.cl_fifo.461.0.0
      Creating $__XILINX_RAM32X1D cell at grid position <462 0 0>: u_fetch.cl_fifo.462.0.0
      Creating $__XILINX_RAM32X1D cell at grid position <463 0 0>: u_fetch.cl_fifo.463.0.0
      Creating $__XILINX_RAM32X1D cell at grid position <464 0 0>: u_fetch.cl_fifo.464.0.0
      Creating $__XILINX_RAM32X1D cell at grid position <465 0 0>: u_fetch.cl_fifo.465.0.0
      Creating $__XILINX_RAM32X1D cell at grid position <466 0 0>: u_fetch.cl_fifo.466.0.0
      Creating $__XILINX_RAM32X1D cell at grid position <467 0 0>: u_fetch.cl_fifo.467.0.0
      Creating $__XILINX_RAM32X1D cell at grid position <468 0 0>: u_fetch.cl_fifo.468.0.0
      Creating $__XILINX_RAM32X1D cell at grid position <469 0 0>: u_fetch.cl_fifo.469.0.0
      Creating $__XILINX_RAM32X1D cell at grid position <470 0 0>: u_fetch.cl_fifo.470.0.0
      Creating $__XILINX_RAM32X1D cell at grid position <471 0 0>: u_fetch.cl_fifo.471.0.0
      Creating $__XILINX_RAM32X1D cell at grid position <472 0 0>: u_fetch.cl_fifo.472.0.0
      Creating $__XILINX_RAM32X1D cell at grid position <473 0 0>: u_fetch.cl_fifo.473.0.0
      Creating $__XILINX_RAM32X1D cell at grid position <474 0 0>: u_fetch.cl_fifo.474.0.0
      Creating $__XILINX_RAM32X1D cell at grid position <475 0 0>: u_fetch.cl_fifo.475.0.0
      Creating $__XILINX_RAM32X1D cell at grid position <476 0 0>: u_fetch.cl_fifo.476.0.0
      Creating $__XILINX_RAM32X1D cell at grid position <477 0 0>: u_fetch.cl_fifo.477.0.0
      Creating $__XILINX_RAM32X1D cell at grid position <478 0 0>: u_fetch.cl_fifo.478.0.0
      Creating $__XILINX_RAM32X1D cell at grid position <479 0 0>: u_fetch.cl_fifo.479.0.0
      Creating $__XILINX_RAM32X1D cell at grid position <480 0 0>: u_fetch.cl_fifo.480.0.0
      Creating $__XILINX_RAM32X1D cell at grid position <481 0 0>: u_fetch.cl_fifo.481.0.0
      Creating $__XILINX_RAM32X1D cell at grid position <482 0 0>: u_fetch.cl_fifo.482.0.0
      Creating $__XILINX_RAM32X1D cell at grid position <483 0 0>: u_fetch.cl_fifo.483.0.0
      Creating $__XILINX_RAM32X1D cell at grid position <484 0 0>: u_fetch.cl_fifo.484.0.0
      Creating $__XILINX_RAM32X1D cell at grid position <485 0 0>: u_fetch.cl_fifo.485.0.0
      Creating $__XILINX_RAM32X1D cell at grid position <486 0 0>: u_fetch.cl_fifo.486.0.0
      Creating $__XILINX_RAM32X1D cell at grid position <487 0 0>: u_fetch.cl_fifo.487.0.0
      Creating $__XILINX_RAM32X1D cell at grid position <488 0 0>: u_fetch.cl_fifo.488.0.0
      Creating $__XILINX_RAM32X1D cell at grid position <489 0 0>: u_fetch.cl_fifo.489.0.0
      Creating $__XILINX_RAM32X1D cell at grid position <490 0 0>: u_fetch.cl_fifo.490.0.0
      Creating $__XILINX_RAM32X1D cell at grid position <491 0 0>: u_fetch.cl_fifo.491.0.0
      Creating $__XILINX_RAM32X1D cell at grid position <492 0 0>: u_fetch.cl_fifo.492.0.0
      Creating $__XILINX_RAM32X1D cell at grid position <493 0 0>: u_fetch.cl_fifo.493.0.0
      Creating $__XILINX_RAM32X1D cell at grid position <494 0 0>: u_fetch.cl_fifo.494.0.0
      Creating $__XILINX_RAM32X1D cell at grid position <495 0 0>: u_fetch.cl_fifo.495.0.0
      Creating $__XILINX_RAM32X1D cell at grid position <496 0 0>: u_fetch.cl_fifo.496.0.0
      Creating $__XILINX_RAM32X1D cell at grid position <497 0 0>: u_fetch.cl_fifo.497.0.0
      Creating $__XILINX_RAM32X1D cell at grid position <498 0 0>: u_fetch.cl_fifo.498.0.0
      Creating $__XILINX_RAM32X1D cell at grid position <499 0 0>: u_fetch.cl_fifo.499.0.0
      Creating $__XILINX_RAM32X1D cell at grid position <500 0 0>: u_fetch.cl_fifo.500.0.0
      Creating $__XILINX_RAM32X1D cell at grid position <501 0 0>: u_fetch.cl_fifo.501.0.0
      Creating $__XILINX_RAM32X1D cell at grid position <502 0 0>: u_fetch.cl_fifo.502.0.0
      Creating $__XILINX_RAM32X1D cell at grid position <503 0 0>: u_fetch.cl_fifo.503.0.0
      Creating $__XILINX_RAM32X1D cell at grid position <504 0 0>: u_fetch.cl_fifo.504.0.0
      Creating $__XILINX_RAM32X1D cell at grid position <505 0 0>: u_fetch.cl_fifo.505.0.0
      Creating $__XILINX_RAM32X1D cell at grid position <506 0 0>: u_fetch.cl_fifo.506.0.0
      Creating $__XILINX_RAM32X1D cell at grid position <507 0 0>: u_fetch.cl_fifo.507.0.0
      Creating $__XILINX_RAM32X1D cell at grid position <508 0 0>: u_fetch.cl_fifo.508.0.0
      Creating $__XILINX_RAM32X1D cell at grid position <509 0 0>: u_fetch.cl_fifo.509.0.0
      Creating $__XILINX_RAM32X1D cell at grid position <510 0 0>: u_fetch.cl_fifo.510.0.0
      Creating $__XILINX_RAM32X1D cell at grid position <511 0 0>: u_fetch.cl_fifo.511.0.0

2.11. Executing TECHMAP pass (map to technology primitives).

2.11.1. Executing Verilog-2005 frontend: /home/houdong/tool/yosys/bin/../share/yosys/xilinx/drams_map.v
Parsing Verilog input from `/home/houdong/tool/yosys/bin/../share/yosys/xilinx/drams_map.v' to AST representation.
Generating RTLIL representation for module `\$__XILINX_RAM32X1D'.
Generating RTLIL representation for module `\$__XILINX_RAM64X1D'.
Generating RTLIL representation for module `\$__XILINX_RAM128X1D'.
Successfully finished Verilog frontend.

2.11.2. Continuing TECHMAP pass.
Using template $paramod\$__XILINX_RAM32X1D\CLKPOL2=1 for cells of type $__XILINX_RAM32X1D.
No more expansions possible.
<suppressed ~522 debug messages>

2.12. Executing PMUX2SHIFTX pass.

2.13. Executing OPT pass (performing simple optimizations).

2.13.1. Executing OPT_EXPR pass (perform const folding).
Optimizing module VX_cp_fetch_top.
<suppressed ~13 debug messages>

2.13.2. Executing OPT_MERGE pass (detect identical cells).
Finding identical cells in module `\VX_cp_fetch_top'.
Removed a total of 0 cells.

2.13.3. Executing OPT_RMDFF pass (remove dff with constant values).

2.13.4. Executing OPT_CLEAN pass (remove unused cells and wires).
Finding unused cells or wires in module \VX_cp_fetch_top..
Removed 0 unused cells and 3589 unused wires.
<suppressed ~1 debug messages>

2.13.5. Finished fast OPT passes.

2.14. Executing MEMORY_MAP pass (converting $mem cells to logic and flip-flops).

2.15. Executing DFFSR2DFF pass (mapping DFFSR cells to simpler FFs).

2.16. Executing DFF2DFFE pass (transform $dff to $dffe where applicable).
Transforming FF to FF+Enable cells in module VX_cp_fetch_top:
  created $dffe cell $auto$dff2dffe.cc:215:handle_dff_cell$5996 for $0\u_fetch.head_r[63:0] -> \u_fetch.head_r.
  removing now obsolete cell $procdff$4260.
  created $dffe cell $auto$dff2dffe.cc:215:handle_dff_cell$5999 for $0\u_fetch.fetch_head_r[63:0] -> \u_fetch.fetch_head_r.
  removing now obsolete cell $procdff$4261.
  created $dffe cell $auto$dff2dffe.cc:215:handle_dff_cell$6002 for $0\u_fetch.fifo_count_r[0:0] -> \u_fetch.fifo_count_r.
  removing now obsolete cell $procdff$4264.
  created $dffe cell $auto$dff2dffe.cc:215:handle_dff_cell$6005 for $0\u_fetch.request_count_r[0:0] -> \u_fetch.request_count_r.
  removing now obsolete cell $procdff$4265.
  created $dffe cell $auto$dff2dffe.cc:215:handle_dff_cell$6008 for $0\u_fetch.offset_r[6:0] -> \u_fetch.offset_r.
  removing now obsolete cell $procdff$4266.

2.17. Executing OPT pass (performing simple optimizations).

2.17.1. Executing OPT_EXPR pass (perform const folding).
Optimizing module VX_cp_fetch_top.
<suppressed ~10 debug messages>

2.17.2. Executing OPT_MERGE pass (detect identical cells).
Finding identical cells in module `\VX_cp_fetch_top'.
Removed a total of 0 cells.

2.17.3. Executing OPT_MUXTREE pass (detect dead branches in mux trees).
Running muxtree optimizer on module \VX_cp_fetch_top..
  Creating internal representation of mux trees.
  Evaluating internal representation of mux trees.
  Analyzing evaluation results.
Removed 0 multiplexer ports.
<suppressed ~12 debug messages>

2.17.4. Executing OPT_REDUCE pass (consolidate $*mux and $reduce_* inputs).
  Optimizing cells in module \VX_cp_fetch_top.
    Consolidated identical input bits for $pmux cell $techmap\u_fetch.u_unpack.$procmux$3162:
      Old ports: A=5'00100, B=20'01000011001010011100, Y=$auto$wreduce.cc:455:run$4276 [4:0]
      New ports: A=3'001, B=12'010011101111, Y=$auto$wreduce.cc:455:run$4276 [4:2]
      New connections: $auto$wreduce.cc:455:run$4276 [1:0] = 2'00
    Consolidated identical input bits for $mux cell $techmap\u_fetch.u_unpack.$ternary$results/exp06/ppa/baseline/cp_fetch_input.v:146$429:
      Old ports: A=4'0000, B=4'1000, Y=$auto$wreduce.cc:455:run$4284 [3:0]
      New ports: A=1'0, B=1'1, Y=$auto$wreduce.cc:455:run$4284 [3]
      New connections: $auto$wreduce.cc:455:run$4284 [2:0] = 3'000
  Optimizing cells in module \VX_cp_fetch_top.
Performed a total of 2 changes.

2.17.5. Executing OPT_MERGE pass (detect identical cells).
Finding identical cells in module `\VX_cp_fetch_top'.
Removed a total of 0 cells.

2.17.6. Executing OPT_RMDFF pass (remove dff with constant values).

2.17.7. Executing OPT_CLEAN pass (remove unused cells and wires).
Finding unused cells or wires in module \VX_cp_fetch_top..
Removed 0 unused cells and 3 unused wires.
<suppressed ~1 debug messages>

2.17.8. Executing OPT_EXPR pass (perform const folding).
Optimizing module VX_cp_fetch_top.
<suppressed ~1 debug messages>

2.17.9. Rerunning OPT passes. (Maybe there is more to do..)

2.17.10. Executing OPT_MUXTREE pass (detect dead branches in mux trees).
Running muxtree optimizer on module \VX_cp_fetch_top..
  Creating internal representation of mux trees.
  Evaluating internal representation of mux trees.
  Analyzing evaluation results.
Removed 0 multiplexer ports.
<suppressed ~11 debug messages>

2.17.11. Executing OPT_REDUCE pass (consolidate $*mux and $reduce_* inputs).
  Optimizing cells in module \VX_cp_fetch_top.
Performed a total of 0 changes.

2.17.12. Executing OPT_MERGE pass (detect identical cells).
Finding identical cells in module `\VX_cp_fetch_top'.
Removed a total of 0 cells.

2.17.13. Executing OPT_RMDFF pass (remove dff with constant values).

2.17.14. Executing OPT_CLEAN pass (remove unused cells and wires).
Finding unused cells or wires in module \VX_cp_fetch_top..

2.17.15. Executing OPT_EXPR pass (perform const folding).
Optimizing module VX_cp_fetch_top.

2.17.16. Finished OPT passes. (There is nothing left to do.)

2.18. Executing SIMPLEMAP pass (map simple cells to gate primitives).
Mapping VX_cp_fetch_top.$auto$dff2dffe.cc:215:handle_dff_cell$5996 ($dffe).
Mapping VX_cp_fetch_top.$auto$dff2dffe.cc:215:handle_dff_cell$5999 ($dffe).
Mapping VX_cp_fetch_top.$auto$dff2dffe.cc:215:handle_dff_cell$6002 ($dffe).
Mapping VX_cp_fetch_top.$auto$dff2dffe.cc:215:handle_dff_cell$6005 ($dffe).
Mapping VX_cp_fetch_top.$auto$dff2dffe.cc:215:handle_dff_cell$6008 ($dffe).

2.19. Executing SHREGMAP pass (map shift registers).
Converted 0 dff cells into 0 shift registers.

2.20. Executing TECHMAP pass (map to technology primitives).

2.20.1. Executing Verilog-2005 frontend: /home/houdong/tool/yosys/bin/../share/yosys/techmap.v
Parsing Verilog input from `/home/houdong/tool/yosys/bin/../share/yosys/techmap.v' to AST representation.
Generating RTLIL representation for module `\_90_simplemap_bool_ops'.
Generating RTLIL representation for module `\_90_simplemap_reduce_ops'.
Generating RTLIL representation for module `\_90_simplemap_logic_ops'.
Generating RTLIL representation for module `\_90_simplemap_compare_ops'.
Generating RTLIL representation for module `\_90_simplemap_various'.
Generating RTLIL representation for module `\_90_simplemap_registers'.
Generating RTLIL representation for module `\_90_shift_ops_shr_shl_sshl_sshr'.
Generating RTLIL representation for module `\_90_shift_shiftx'.
Generating RTLIL representation for module `\_90_fa'.
Generating RTLIL representation for module `\_90_lcu'.
Generating RTLIL representation for module `\_90_alu'.
Generating RTLIL representation for module `\_90_macc'.
Generating RTLIL representation for module `\_90_alumacc'.
Generating RTLIL representation for module `\$__div_mod_u'.
Generating RTLIL representation for module `\$__div_mod'.
Generating RTLIL representation for module `\_90_div'.
Generating RTLIL representation for module `\_90_mod'.
Generating RTLIL representation for module `\_90_pow'.
Generating RTLIL representation for module `\_90_pmux'.
Generating RTLIL representation for module `\_90_lut'.
Successfully finished Verilog frontend.

2.20.2. Executing Verilog-2005 frontend: /home/houdong/tool/yosys/bin/../share/yosys/xilinx/arith_map.v
Parsing Verilog input from `/home/houdong/tool/yosys/bin/../share/yosys/xilinx/arith_map.v' to AST representation.
Generating RTLIL representation for module `\_80_xilinx_lcu'.
Generating RTLIL representation for module `\_80_xilinx_alu'.
Successfully finished Verilog frontend.

2.20.3. Continuing TECHMAP pass.
Using extmapper simplemap for cells of type $reduce_and.
Using extmapper simplemap for cells of type $logic_and.
Using extmapper simplemap for cells of type $logic_not.
Using template $paramod$9c774dbf64dfc30c86b2ad9f24bf6b7e57e92b5b\_80_xilinx_alu for cells of type $alu.
Using template $paramod$496adae39f8fdcd1fb618efb237f8f0496860503\_80_xilinx_alu for cells of type $alu.
Using extmapper simplemap for cells of type $mux.
Using extmapper simplemap for cells of type $eq.
Using extmapper simplemap for cells of type $reduce_bool.
Using extmapper simplemap for cells of type $and.
Using extmapper simplemap for cells of type $or.
Using extmapper simplemap for cells of type $xor.
Using template $paramod\_90_pmux\WIDTH=3\S_WIDTH=4 for cells of type $pmux.
Using template $paramod$f0ad0510e574a4b60087278d74f0a8be9a62fd26\_80_xilinx_alu for cells of type $alu.
Using template $paramod$8324e7c20a008e38e23b3194aad39c2d42dc3ea5\_80_xilinx_alu for cells of type $alu.
Using template $paramod$9e3311368979489771bf26b08e8c5cee7f9ff322\_80_xilinx_alu for cells of type $alu.
Using template $paramod$077623dc85457fbf424d06548c9d7b3f4e09d602\_80_xilinx_alu for cells of type $alu.
Using template $paramod$7f560dcdeaa2bba48bdda45f32c67a4d515da3ed\_80_xilinx_alu for cells of type $alu.
Using template $paramod$4060e39485da8820adf6b21bee60882409b78aa5\_80_xilinx_alu for cells of type $alu.
Using extmapper simplemap for cells of type $not.
Using template $paramod$71fe29f31c06a098de76e755526458481e81b0f6\_80_xilinx_alu for cells of type $alu.
Using template $paramod$6b235cdc5726ef846a2dc0743f4f7da23907bc95\_80_xilinx_alu for cells of type $alu.
Using template $paramod$d2422279cee419888c3b3468dea0a528d2cde71a\_80_xilinx_alu for cells of type $alu.
Using template $paramod$07136eabb6cdf23b3db6121e65e1f67d8f688114\_80_xilinx_alu for cells of type $alu.
Using template $paramod$5b100a5b236c74dfeffe0d1e60fa17a4e91e40a5\_80_xilinx_alu for cells of type $alu.
Using template $paramod\_90_alu\A_SIGNED=0\B_SIGNED=0\A_WIDTH=1\B_WIDTH=1\Y_WIDTH=1 for cells of type $alu.
Using template $paramod$a99f0161aabb07e8abf0906cbe6450a6a617fc11\_80_xilinx_alu for cells of type $alu.
Using template $paramod$aaccf095a07fdcf6d5304c1a2d79197177820f5d\_80_xilinx_alu for cells of type $alu.
Using template $paramod$262118fb146bcfe8e61bace6768d31cc27df6306\_80_xilinx_alu for cells of type $alu.
Using template $paramod\_90_alu\A_SIGNED=0\B_SIGNED=0\A_WIDTH=1\B_WIDTH=1\Y_WIDTH=2 for cells of type $alu.
Using template $paramod$7ea10d0d7f987c0b5b2c4f1dc5813bcb8cab4170\_80_xilinx_alu for cells of type $alu.
Using template $paramod\_90_alu\A_SIGNED=0\B_SIGNED=0\A_WIDTH=1\B_WIDTH=2\Y_WIDTH=2 for cells of type $alu.
Using extmapper simplemap for cells of type $reduce_or.
Using template $paramod$constmap:d32e0aaece5d28860597cf844ac8e5f9614a5b5b$paramod$dd13d049e6875ed6d7feadb07749b1f866061865\_90_shift_shiftx for cells of type $shiftx.
Analyzing pattern of constant bits for this cell:
  Constant input on bit 0 of port B: 1'0
  Constant input on bit 1 of port B: 1'0
  Constant input on bit 2 of port B: 1'0
  Constant input on bit 11 of port B: 1'0
  Constant input on bit 12 of port B: 1'0
  Constant input on bit 13 of port B: 1'0
  Constant input on bit 14 of port B: 1'0
  Constant input on bit 15 of port B: 1'0
  Constant input on bit 16 of port B: 1'0
  Constant input on bit 17 of port B: 1'0
  Constant input on bit 18 of port B: 1'0
  Constant input on bit 19 of port B: 1'0
  Constant input on bit 20 of port B: 1'0
  Constant input on bit 21 of port B: 1'0
  Constant input on bit 22 of port B: 1'0
  Constant input on bit 23 of port B: 1'0
  Constant input on bit 24 of port B: 1'0
  Constant input on bit 25 of port B: 1'0
  Constant input on bit 26 of port B: 1'0
  Constant input on bit 27 of port B: 1'0
  Constant input on bit 28 of port B: 1'0
  Constant input on bit 29 of port B: 1'0
  Constant input on bit 30 of port B: 1'0
  Constant input on bit 31 of port B: 1'0
Creating constmapped module `$paramod$constmap:651cf4dfa8249f7d7cd3bc90f9b151111acc593b$paramod$dd13d049e6875ed6d7feadb07749b1f866061865\_90_shift_shiftx'.

2.20.56. Executing OPT_MUXTREE pass (detect dead branches in mux trees).
Running muxtree optimizer on module $paramod$constmap:651cf4dfa8249f7d7cd3bc90f9b151111acc593b$paramod$dd13d049e6875ed6d7feadb07749b1f866061865\_90_shift_shiftx..
  Creating internal representation of mux trees.
  Evaluating internal representation of mux trees.
  Analyzing evaluation results.
    dead port 2/2 on $mux $procmux$9617.
    dead port 2/2 on $mux $procmux$9611.
    dead port 2/2 on $mux $procmux$9608.
    dead port 2/2 on $mux $procmux$9602.
    dead port 2/2 on $mux $procmux$9599.
    dead port 2/2 on $mux $procmux$9593.
    dead port 2/2 on $mux $procmux$9590.
    dead port 2/2 on $mux $procmux$9584.
    dead port 2/2 on $mux $procmux$9581.
    dead port 2/2 on $mux $procmux$9575.
    dead port 2/2 on $mux $procmux$9572.
    dead port 2/2 on $mux $procmux$9566.
    dead port 2/2 on $mux $procmux$9563.
    dead port 2/2 on $mux $procmux$9557.
    dead port 2/2 on $mux $procmux$9554.
    dead port 1/2 on $mux $procmux$9551.
    dead port 1/2 on $mux $procmux$9548.
    dead port 2/2 on $mux $procmux$9548.
    dead port 1/2 on $mux $procmux$9545.
    dead port 2/2 on $mux $procmux$9545.
    dead port 1/2 on $mux $procmux$9542.
    dead port 1/2 on $mux $procmux$9539.
    dead port 2/2 on $mux $procmux$9539.
    dead port 1/2 on $mux $procmux$9536.
    dead port 2/2 on $mux $procmux$9536.
    dead port 1/2 on $mux $procmux$9533.
    dead port 1/2 on $mux $procmux$9530.
    dead port 2/2 on $mux $procmux$9530.
    dead port 1/2 on $mux $procmux$9527.
    dead port 2/2 on $mux $procmux$9527.
Removed 30 multiplexer ports.
<suppressed ~977 debug messages>

2.20.57. Executing OPT_EXPR pass (perform const folding).
Optimizing module $paramod$constmap:651cf4dfa8249f7d7cd3bc90f9b151111acc593b$paramod$dd13d049e6875ed6d7feadb07749b1f866061865\_90_shift_shiftx.
<suppressed ~63 debug messages>
Removed 0 unused cells and 68 unused wires.
Using template $paramod$constmap:651cf4dfa8249f7d7cd3bc90f9b151111acc593b$paramod$dd13d049e6875ed6d7feadb07749b1f866061865\_90_shift_shiftx for cells of type $shiftx.
Using template $paramod$constmap:c608454d8f0ca92be8f30a824570f674f93788be$paramod$6406001d14d6111a332cfdc93445d317573b01e8\_90_shift_shiftx for cells of type $shiftx.
Using extmapper simplemap for cells of type $pos.
Using template $paramod\_90_lcu\WIDTH=2 for cells of type $lcu.
Using template $paramod\_90_lcu\WIDTH=1 for cells of type $lcu.
No more expansions possible.
<suppressed ~1236 debug messages>

2.21. Executing OPT pass (performing simple optimizations).

2.21.1. Executing OPT_EXPR pass (perform const folding).
Optimizing module VX_cp_fetch_top.
<suppressed ~33149 debug messages>

2.21.2. Executing OPT_MERGE pass (detect identical cells).
Finding identical cells in module `\VX_cp_fetch_top'.
<suppressed ~1623 debug messages>
Removed a total of 541 cells.

2.21.3. Executing OPT_RMDFF pass (remove dff with constant values).

2.21.4. Executing OPT_CLEAN pass (remove unused cells and wires).
Finding unused cells or wires in module \VX_cp_fetch_top..
Removed 362712 unused cells and 1960 unused wires.
<suppressed ~362713 debug messages>

2.21.5. Finished fast OPT passes.

2.22. Executing TECHMAP pass (map to technology primitives).

2.22.1. Executing Verilog-2005 frontend: /home/houdong/tool/yosys/bin/../share/yosys/techmap.v
Parsing Verilog input from `/home/houdong/tool/yosys/bin/../share/yosys/techmap.v' to AST representation.
Generating RTLIL representation for module `\_90_simplemap_bool_ops'.
Generating RTLIL representation for module `\_90_simplemap_reduce_ops'.
Generating RTLIL representation for module `\_90_simplemap_logic_ops'.
Generating RTLIL representation for module `\_90_simplemap_compare_ops'.
Generating RTLIL representation for module `\_90_simplemap_various'.
Generating RTLIL representation for module `\_90_simplemap_registers'.
Generating RTLIL representation for module `\_90_shift_ops_shr_shl_sshl_sshr'.
Generating RTLIL representation for module `\_90_shift_shiftx'.
Generating RTLIL representation for module `\_90_fa'.
Generating RTLIL representation for module `\_90_lcu'.
Generating RTLIL representation for module `\_90_alu'.
Generating RTLIL representation for module `\_90_macc'.
Generating RTLIL representation for module `\_90_alumacc'.
Generating RTLIL representation for module `\$__div_mod_u'.
Generating RTLIL representation for module `\$__div_mod'.
Generating RTLIL representation for module `\_90_div'.
Generating RTLIL representation for module `\_90_mod'.
Generating RTLIL representation for module `\_90_pow'.
Generating RTLIL representation for module `\_90_pmux'.
Generating RTLIL representation for module `\_90_lut'.
Successfully finished Verilog frontend.

2.22.2. Executing Verilog-2005 frontend: /home/houdong/tool/yosys/bin/../share/yosys/xilinx/cells_map.v
Parsing Verilog input from `/home/houdong/tool/yosys/bin/../share/yosys/xilinx/cells_map.v' to AST representation.
Generating RTLIL representation for module `\_90_dff_nn0_to_np0'.
Generating RTLIL representation for module `\_90_dff_pn0_to_pp0'.
Generating RTLIL representation for module `\_90_dff_nn1_to_np1'.
Generating RTLIL representation for module `\_90_dff_pn1_to_pp1'.
Generating RTLIL representation for module `\$__SHREG_'.
Generating RTLIL representation for module `\$__XILINX_SHREG_'.
Successfully finished Verilog frontend.

2.22.3. Continuing TECHMAP pass.
No more expansions possible.

2.23. Executing ABC pass (technology mapping using ABC).

2.23.1. Extracting gate netlist of module `\VX_cp_fetch_top' to `<abc-temp-dir>/input.blif'..
Extracted 58469 gates and 60419 wires to a netlist network with 1947 inputs and 1727 outputs.

2.23.1.1. Executing ABC.
Running ABC command: berkeley-abc -s -f <abc-temp-dir>/abc.script 2>&1
ABC: ABC command line: "source <abc-temp-dir>/abc.script".
ABC: 
ABC: + read_blif <abc-temp-dir>/input.blif 
ABC: + read_lut <abc-temp-dir>/lutdefs.txt 
ABC: + strash 
ABC: + ifraig 
ABC: + scorr 
ABC: Warning: The network is combinational (run "fraig" or "fraig_sweep").
ABC: + dc2 
ABC: + dretime 
ABC: + retime 
ABC: + strash 
ABC: + dch -f 
ABC: + if 
ABC: + mfs2 
ABC: + write_blif <abc-temp-dir>/output.blif 

2.23.1.2. Re-integrating ABC results.
ABC RESULTS:              $lut cells:    19178
ABC RESULTS:        internal signals:    56745
ABC RESULTS:           input signals:     1947
ABC RESULTS:          output signals:     1727
Removing temp directory.
Removed 0 unused cells and 2162 unused wires.

2.24. Executing SHREGMAP pass (map shift registers).
Converted 0 dff cells into 0 shift registers.

2.25. Executing TECHMAP pass (map to technology primitives).

2.25.1. Executing Verilog-2005 frontend: /home/houdong/tool/yosys/bin/../share/yosys/xilinx/lut_map.v
Parsing Verilog input from `/home/houdong/tool/yosys/bin/../share/yosys/xilinx/lut_map.v' to AST representation.
Generating RTLIL representation for module `\$lut'.
Successfully finished Verilog frontend.

2.25.2. Executing Verilog-2005 frontend: /home/houdong/tool/yosys/bin/../share/yosys/xilinx/ff_map.v
Parsing Verilog input from `/home/houdong/tool/yosys/bin/../share/yosys/xilinx/ff_map.v' to AST representation.
Generating RTLIL representation for module `\$_DFF_N_'.
Generating RTLIL representation for module `\$_DFF_P_'.
Generating RTLIL representation for module `\$_DFFE_NP_'.
Generating RTLIL representation for module `\$_DFFE_PP_'.
Generating RTLIL representation for module `\$_DFF_NN0_'.
Generating RTLIL representation for module `\$_DFF_NP0_'.
Generating RTLIL representation for module `\$_DFF_PN0_'.
Generating RTLIL representation for module `\$_DFF_PP0_'.
Generating RTLIL representation for module `\$_DFF_NN1_'.
Generating RTLIL representation for module `\$_DFF_NP1_'.
Generating RTLIL representation for module `\$_DFF_PN1_'.
Generating RTLIL representation for module `\$_DFF_PP1_'.
Successfully finished Verilog frontend.

2.25.3. Executing Verilog-2005 frontend: /home/houdong/tool/yosys/bin/../share/yosys/xilinx/cells_map.v
Parsing Verilog input from `/home/houdong/tool/yosys/bin/../share/yosys/xilinx/cells_map.v' to AST representation.
Generating RTLIL representation for module `\_90_dff_nn0_to_np0'.
Generating RTLIL representation for module `\_90_dff_pn0_to_pp0'.
Generating RTLIL representation for module `\_90_dff_nn1_to_np1'.
Generating RTLIL representation for module `\_90_dff_pn1_to_pp1'.
Generating RTLIL representation for module `\$__SHREG_'.
Generating RTLIL representation for module `\$__XILINX_SHREG_'.
Successfully finished Verilog frontend.

2.25.4. Continuing TECHMAP pass.
Using template $paramod\$lut\WIDTH=3\LUT=8'10010110 for cells of type $lut.
Using template $paramod\$lut\WIDTH=2\LUT=4'0001 for cells of type $lut.
Using template $paramod$b5cd238a527d851ba52055b76f8b8313ff4d0a1d\$lut for cells of type $lut.
Using template $paramod\$lut\WIDTH=3\LUT=8'01110000 for cells of type $lut.
Using template $paramod$6d4d117145fe03c0163df6047cd2aaa9121c785a\$lut for cells of type $lut.
Using template \$_DFFE_PP_ for cells of type $_DFFE_PP_.
Using template $paramod\$lut\WIDTH=5\LUT=32'11101110111011101111111111110000 for cells of type $lut.
Using template $paramod$ca0540151d6f8c00fa839fc047b051c7914efb48\$lut for cells of type $lut.
Using template $paramod\$lut\WIDTH=5\LUT=65534 for cells of type $lut.
Using template $paramod\$lut\WIDTH=5\LUT=32'11111111111111100000000000000000 for cells of type $lut.
Using template $paramod$85889a0497b6986c61b1705f68bc41111b12ca39\$lut for cells of type $lut.
Using template $paramod$e73347aaf119300c0c1929c2350d5a0cf5f96ca0\$lut for cells of type $lut.
Using template $paramod$36823977709853d7de59cfd8f07978699979f33f\$lut for cells of type $lut.
Using template $paramod\$lut\WIDTH=5\LUT=287244288 for cells of type $lut.
Using template $paramod\$lut\WIDTH=4\LUT=16'0000000000000001 for cells of type $lut.
Using template $paramod$22416a2c49200d3cd1e266529dc57d14a6c55d3a\$lut for cells of type $lut.
Using template $paramod$fed4ac63a3bd6ffa2fd43d5b2baba4740b23e4d6\$lut for cells of type $lut.
Using template $paramod$408b7615e8e339d15e7d497c2cb203f98e1f49ea\$lut for cells of type $lut.
Using template $paramod\$lut\WIDTH=5\LUT=1 for cells of type $lut.
Using template $paramod\$lut\WIDTH=5\LUT=65536 for cells of type $lut.
Using template $paramod$18fe7b715a2d1e5238c45fe27ae4935943d14d0a\$lut for cells of type $lut.
Using template $paramod$7b547bb168e353315b4959e708982fb501161ac6\$lut for cells of type $lut.
Using template $paramod$d7159ce95712f61e0ef7eee907eb8ebdd1704ef8\$lut for cells of type $lut.
Using template $paramod\$lut\WIDTH=3\LUT=8'10101100 for cells of type $lut.
Using template $paramod$262012ba926dc773dd0144c657d52dea3283faca\$lut for cells of type $lut.
Using template $paramod$295c9294db32ab165ef852fae331375fa18e0e84\$lut for cells of type $lut.
Using template $paramod$fe99a02f90d79865655927863f058560d1cc65dd\$lut for cells of type $lut.
Using template $paramod$0c6ffd4726008cfc2e69a1073bdb46ef5a9d97e9\$lut for cells of type $lut.
Using template $paramod$f9607881489c6ae503b665e4de024cea704d8868\$lut for cells of type $lut.
Using template $paramod$8f3693c0cccee51ca00e7ed5caa5ffe1a51a9cbf\$lut for cells of type $lut.
Using template $paramod$76def3907559585aaab2e83f343680241a8e7f4c\$lut for cells of type $lut.
Using template $paramod$7842a3f7fb63b89b5b25b6d4d2b131815c28f1f1\$lut for cells of type $lut.
Using template $paramod\$lut\WIDTH=5\LUT=32'10111011101110110000000000001011 for cells of type $lut.
Using template $paramod$190c1eb6625f8032b16b3e629910dc099fd508bc\$lut for cells of type $lut.
Using template $paramod$7e522c186e7f385786490ca7e7dde6b086a2eeef\$lut for cells of type $lut.
Using template $paramod$e22d3901d8cb6f0f9c3212e3eab1d88f3ad5612f\$lut for cells of type $lut.
Using template $paramod$26b317ab030226c2ccdf4b1f283921e49df9754d\$lut for cells of type $lut.
Using template $paramod$01e48a99de9f1eb004005419da4d6322af31b569\$lut for cells of type $lut.
Using template $paramod$43765ac76c2fcabcbd30160b6c5e93d6023d225e\$lut for cells of type $lut.
Using template $paramod\$lut\WIDTH=2\LUT=4'0100 for cells of type $lut.
Using template $paramod$334cc925467b9c31332527a60db3930a8dcc5c1e\$lut for cells of type $lut.
Using template $paramod$84ddf6316c157662d7157880f6560e615a291800\$lut for cells of type $lut.
Using template $paramod$efaf276713ad9677d49c07d60e5151778de60331\$lut for cells of type $lut.
Using template $paramod$c985f3814ca2d46e3905db5a20c56aaff137ea46\$lut for cells of type $lut.
Using template $paramod$8396a58dc509a46826383d0044fc8c3eedc6d36a\$lut for cells of type $lut.
Using template $paramod$b8d3ffd16ce1df0cbcd327716e1f99981f57197f\$lut for cells of type $lut.
Using template $paramod$27341b53844f8a9fb79fc0445e7e0a50105bb5b8\$lut for cells of type $lut.
Using template $paramod$cba00676ab144280842fe6de375513f558520575\$lut for cells of type $lut.
Using template $paramod$77d6fc4812db4306babacf961c4ea40554eb05ab\$lut for cells of type $lut.
Using template $paramod$8f638ebf1c52c10825046cc49065661e9198d893\$lut for cells of type $lut.
Using template $paramod$cafdf0599c97da7e97eddd47c3ab5db54eb3238b\$lut for cells of type $lut.
Using template $paramod$3c8673e8eb5d4facd857a0709886a8be5099a495\$lut for cells of type $lut.
Using template $paramod$60b303adab871eea013ef4ae37efce54a10a3058\$lut for cells of type $lut.
Using template $paramod$58ef5298b26488fa82fc0745c5af3ec2d81db455\$lut for cells of type $lut.
Using template $paramod$dfa165b2045ee8c13ff5206db7c0a2bb8f5f17ac\$lut for cells of type $lut.
Using template $paramod\$lut\WIDTH=5\LUT=17829889 for cells of type $lut.
Using template $paramod$1e87d47e5160e51ccf4e90920d8f8d54de9c11a9\$lut for cells of type $lut.
Using template $paramod$c974f150a04817a6c6089a6fee57c8237404c2e9\$lut for cells of type $lut.
Using template $paramod$f1d6b90386cb980abf8cae1fba0e4cc278a56d85\$lut for cells of type $lut.
Using template $paramod$41b888bcecf6dbdf1261fca712d22711be717e89\$lut for cells of type $lut.
Using template $paramod$9a2b890621bddd45c166f949136a73cbbfb04a86\$lut for cells of type $lut.
Using template $paramod\$lut\WIDTH=3\LUT=8'11001010 for cells of type $lut.
Using template $paramod\$lut\WIDTH=5\LUT=32'11111010111111000000000000000000 for cells of type $lut.
Using template $paramod$eaffdc566eb4338671e2c1f3558e8e2cf5c2e897\$lut for cells of type $lut.
Using template $paramod$26579ca86b9189d781a59c354049ea9d437f8079\$lut for cells of type $lut.
Using template $paramod$afa81a9a0a4b9ae6cdaad8b0026a40b5c11d0e74\$lut for cells of type $lut.
Using template $paramod$53afc4693cdd4770ebaebeb0ab6c288fde062f75\$lut for cells of type $lut.
Using template $paramod$1929d44748517239e36a599c0facfb62ddb99607\$lut for cells of type $lut.
Using template $paramod\$lut\WIDTH=3\LUT=8'01000000 for cells of type $lut.
Using template $paramod\$lut\WIDTH=3\LUT=8'01101001 for cells of type $lut.
Using template $paramod$8d88ea48cdeedb569a556dab8efd669ff73b9fa6\$lut for cells of type $lut.
Using template $paramod\$lut\WIDTH=4\LUT=16'0000000100000000 for cells of type $lut.
Using template $paramod\$lut\WIDTH=3\LUT=8'11111000 for cells of type $lut.
Using template $paramod\$lut\WIDTH=2\LUT=4'1110 for cells of type $lut.
Using template $paramod\$lut\WIDTH=2\LUT=4'1000 for cells of type $lut.
Using template $paramod$620bfadf31071450a7a907d6dc295c3f76dcdfbc\$lut for cells of type $lut.
Using template $paramod\$lut\WIDTH=5\LUT=32'11111111111111111110111100000000 for cells of type $lut.
Using template $paramod\$lut\WIDTH=5\LUT=327683 for cells of type $lut.
Using template $paramod$3126902c87dd3f05eafeea593490bd792bae0033\$lut for cells of type $lut.
Using template $paramod\$lut\WIDTH=4\LUT=16'0011010100000000 for cells of type $lut.
Using template $paramod$8a8ff953f6129e122047d149f8c084d3c0ee8047\$lut for cells of type $lut.
Using template $paramod$c78ead43809d487744c44f260bb6a5fe5cace53e\$lut for cells of type $lut.
Using template $paramod\$lut\WIDTH=4\LUT=16'0101001100000000 for cells of type $lut.
Using template $paramod\$lut\WIDTH=4\LUT=16'1011000010111011 for cells of type $lut.
Using template $paramod$d1c9fdd506f6854d043335c41858960a3b2fb8e8\$lut for cells of type $lut.
Using template $paramod\$lut\WIDTH=1\LUT=2'01 for cells of type $lut.
Using template $paramod$19a28fd5b42d06a33a41c8eb111b10454b8017f3\$lut for cells of type $lut.
Using template $paramod$295eb6eb83deb73ed97a7a457675490405c4e5ee\$lut for cells of type $lut.
Using template $paramod$a1999d6d6a904acf83979cc5882817a27744ff83\$lut for cells of type $lut.
Using template $paramod$a61f2eb0f2be5a2100966b44112ac0b19dfea777\$lut for cells of type $lut.
Using template $paramod$9420cc848a1df6bc11ac8041d26819b0926382cc\$lut for cells of type $lut.
Using template $paramod$1cdebf8af63fe0b880cb69bb93c58c0f7b7b4901\$lut for cells of type $lut.
Using template $paramod$d748f9852b6dcbf019bd4a7773edea15ceb59d48\$lut for cells of type $lut.
Using template $paramod$1866a6db601e9410d734c293bdfca0031d7636f5\$lut for cells of type $lut.
Using template $paramod\$lut\WIDTH=5\LUT=268435456 for cells of type $lut.
Using template $paramod$d76e68402a8322b927327bd13fb2f03d87411a61\$lut for cells of type $lut.
Using template $paramod$33404b2366c9b61f2af5b25d1449fc889250dbc3\$lut for cells of type $lut.
Using template $paramod\$lut\WIDTH=5\LUT=32'10111011000010110000000000000000 for cells of type $lut.
Using template $paramod\$lut\WIDTH=5\LUT=1063190528 for cells of type $lut.
Using template $paramod\$lut\WIDTH=5\LUT=47883 for cells of type $lut.
Using template $paramod$ee8d10cfd88b188abfae9cf25e99e0711ba95cad\$lut for cells of type $lut.
Using template $paramod$0624bfa341e15f2702b030820aa5502ba33a2ab9\$lut for cells of type $lut.
Using template $paramod$7a7b723fc016a9056c1d3c3f472cb2e5c7117427\$lut for cells of type $lut.
Using template $paramod\$lut\WIDTH=3\LUT=8'11010000 for cells of type $lut.
Using template $paramod\$lut\WIDTH=5\LUT=32'11110101111100110000000000000000 for cells of type $lut.
Using template $paramod$75ff207f65467fb73fa07f4432fd79f861bd0922\$lut for cells of type $lut.
Using template $paramod$5687fe493421a2b0f20e4cf903162b32e93f9f16\$lut for cells of type $lut.
Using template $paramod$494a803138ea6d49d4a3bc693b9de2e40b670bdd\$lut for cells of type $lut.
Using template $paramod$46c9d103030fb5e2710b61829947e7bd857805d6\$lut for cells of type $lut.
Using template $paramod$948be547810f7f360614915d396b61cad2a95c8e\$lut for cells of type $lut.
Using template $paramod$3b5d42956c645317dca8d9c79f4148b2e69cbe34\$lut for cells of type $lut.
Using template $paramod\$lut\WIDTH=3\LUT=8'01010011 for cells of type $lut.
Using template $paramod$da5ac4dc3dc9b97c79c3617bd511fda58c3fb3cb\$lut for cells of type $lut.
Using template $paramod\$lut\WIDTH=4\LUT=16'0000101100000000 for cells of type $lut.
Using template $paramod$f1dc17be2b83767daa36007970bcc0db8d62ce5f\$lut for cells of type $lut.
Using template $paramod$b652e2eccc1a6725c27b4f9b77f3f5cc8abdeca0\$lut for cells of type $lut.
Using template $paramod\$lut\WIDTH=4\LUT=16'0100111100000000 for cells of type $lut.
Using template $paramod$c92802571f0e03431f36a67c2416bc1022e11ce9\$lut for cells of type $lut.
Using template $paramod\$lut\WIDTH=5\LUT=32'11110000111100001100110010101010 for cells of type $lut.
Using template $paramod$25ff5a7560c6feaad344561b7bf974511640aafc\$lut for cells of type $lut.
Using template $paramod\$lut\WIDTH=4\LUT=16'0001000000000000 for cells of type $lut.
Using template $paramod$23b8035977be29a83ece129966f15680b144534a\$lut for cells of type $lut.
Using template $paramod$8a95fedb283278f0b9101dccd5974dde90d3f4ee\$lut for cells of type $lut.
Using template $paramod\$lut\WIDTH=3\LUT=8'00001011 for cells of type $lut.
Using template $paramod$0924ff9bebb68ab2c9e93c4b68b4580a8a11f14e\$lut for cells of type $lut.
Using template $paramod$8d90f29ac05fe9d27eb1766a3ec49c3bdccad116\$lut for cells of type $lut.
Using template $paramod\$lut\WIDTH=4\LUT=16'0111000001110111 for cells of type $lut.
Using template $paramod$588606c98c90a161554b2d663771dd5668326317\$lut for cells of type $lut.
Using template $paramod\$lut\WIDTH=5\LUT=32'11110000111100001010101011001100 for cells of type $lut.
Using template $paramod\$lut\WIDTH=5\LUT=32'11111111010001001111111111110000 for cells of type $lut.
Using template $paramod\$lut\WIDTH=5\LUT=1157624063 for cells of type $lut.
Using template $paramod$9c1fdb72bfab429eb035e50b86046f0edb412905\$lut for cells of type $lut.
Using template $paramod$f46fee043447ed189dd4a6c685da6bfdbb958e9b\$lut for cells of type $lut.
Using template $paramod$b95383cc5fb1e36f25add4f8c8363c744f3a4481\$lut for cells of type $lut.
Using template $paramod\$lut\WIDTH=5\LUT=32'11111111001000101111000011111111 for cells of type $lut.
Using template $paramod\$lut\WIDTH=5\LUT=587202544 for cells of type $lut.
Using template $paramod$0cf53225b54d16a0bcdca899e95269e1297a194e\$lut for cells of type $lut.
Using template $paramod$cdebf5728920ea4d2e8a21a44cd03af8473f170e\$lut for cells of type $lut.
Using template $paramod\$lut\WIDTH=5\LUT=16777216 for cells of type $lut.
Using template $paramod\$lut\WIDTH=5\LUT=32'10111111111111111111111111111111 for cells of type $lut.
Using template $paramod$b123cb909e01ac19b0ea0503195b98548aa72278\$lut for cells of type $lut.
Using template $paramod\$lut\WIDTH=4\LUT=16'1011000000000000 for cells of type $lut.
Using template $paramod\$lut\WIDTH=5\LUT=16646144 for cells of type $lut.
Using template $paramod\$lut\WIDTH=4\LUT=16'1010110000000000 for cells of type $lut.
Using template $paramod$c4f93b5df4fb4c3a5d683bda9cf184adba4cad0c\$lut for cells of type $lut.
Using template $paramod$006261c04c7003ae1be128ad6ae4d32ff7a6186d\$lut for cells of type $lut.
Using template $paramod\$lut\WIDTH=5\LUT=1597964288 for cells of type $lut.
Using template $paramod\$lut\WIDTH=5\LUT=32'11110000111011100000000000000000 for cells of type $lut.
Using template $paramod$e87928c9c46b0cba4d39096ed4bc0174f5730df8\$lut for cells of type $lut.
Using template $paramod$f08656a04ac39cbeed2bf6a3ba6d6327d2646c19\$lut for cells of type $lut.
Using template $paramod$c91e5c2a60092c24b71556e695d8d770ddb40e52\$lut for cells of type $lut.
Using template $paramod$01b4cc6202a6d8593d163cdb5418540893336490\$lut for cells of type $lut.
Using template $paramod\$lut\WIDTH=4\LUT=16'0000000000001011 for cells of type $lut.
Using template $paramod$76ca441fd900541e3eea9f57cce53b8cf111d848\$lut for cells of type $lut.
Using template $paramod$29a77164598d04fbc2afefa056ebc3fa0edf0d82\$lut for cells of type $lut.
Using template $paramod$78795e26ecc7e3699706543d12ec87c7e168b413\$lut for cells of type $lut.
Using template $paramod$81555c814be4a3bf00d17d54c10be808b01c1739\$lut for cells of type $lut.
Using template $paramod$2372381f45d474b3eb5c787077cd8c0e73353efe\$lut for cells of type $lut.
Using template $paramod\$lut\WIDTH=5\LUT=253 for cells of type $lut.
Using template $paramod\$lut\WIDTH=5\LUT=11 for cells of type $lut.
Using template $paramod$d5ad37c3e337d8babfeb3b50ccf38e4e61eabdb7\$lut for cells of type $lut.
Using template $paramod\$lut\WIDTH=2\LUT=4'1011 for cells of type $lut.
Using template $paramod$d7b02f0500824c96a97c1ef905547bafb93b2afa\$lut for cells of type $lut.
Using template $paramod$f6748d23f573343e76d1b150e7e919c6be52dde7\$lut for cells of type $lut.
Using template $paramod$3345aebb18c1969088bd8f45368d943b0439442d\$lut for cells of type $lut.
Using template $paramod\$lut\WIDTH=3\LUT=8'00010000 for cells of type $lut.
Using template $paramod$062eb046651e8940115c942be3a2ac42047c2341\$lut for cells of type $lut.
Using template $paramod$a41578a0e303ec18b2d732a004c4a0ab54bbd041\$lut for cells of type $lut.
Using template $paramod$24bf09d1a6461182e486d44ea5ba44998a80919d\$lut for cells of type $lut.
Using template $paramod$2bdba88f62dbe4067281edc145761b7e74294dfa\$lut for cells of type $lut.
Using template $paramod$d04c4dc5c837cffadb60509134b62cc2d4cfe147\$lut for cells of type $lut.
Using template $paramod\$lut\WIDTH=3\LUT=8'10110000 for cells of type $lut.
Using template $paramod$dfa26f1b3002c501b1ff42199b2e68aab893cd54\$lut for cells of type $lut.
Using template $paramod$958201f5c017115d784efce69439479a3ff43876\$lut for cells of type $lut.
Using template $paramod$e0d5da763497e496b00e4c28ca8db6cf9041b7c6\$lut for cells of type $lut.
Using template $paramod$25fc4bac570156f24010f23335b8d52404bfa578\$lut for cells of type $lut.
Using template $paramod$3b7dd584be419eb65eb86d59e086ed3ef06a85ad\$lut for cells of type $lut.
Using template $paramod\$lut\WIDTH=4\LUT=16'1111101011111100 for cells of type $lut.
Using template $paramod$8dd878941f0059d59a6dc3df14e1a04edf1a1880\$lut for cells of type $lut.
Using template $paramod\$lut\WIDTH=4\LUT=16'1111110011111010 for cells of type $lut.
Using template $paramod$660ae68f07c0f18a6c5055ab6d4410e4f4499307\$lut for cells of type $lut.
Using template $paramod$75deccd874916cf845efca1f95f8a79489fc3258\$lut for cells of type $lut.
Using template $paramod$40135a2a34d12227b11d2552486d27cfe6351e7d\$lut for cells of type $lut.
Using template $paramod$864a02e2c0d87a4959d723a3251eb448a73b30f5\$lut for cells of type $lut.
Using template $paramod$f73bb33af0c112932f9230601a3f45683fc38554\$lut for cells of type $lut.
Using template $paramod$fbd8f90e6edf797d5713291e0ccfc3180400c111\$lut for cells of type $lut.
Using template $paramod$e46f6ccbda0e734afc3edc95ac85b25dc6499ebd\$lut for cells of type $lut.
Using template $paramod$ccd9b6af8e4022b5f6de582a517245af8776e516\$lut for cells of type $lut.
Using template $paramod\$lut\WIDTH=5\LUT=45007 for cells of type $lut.
Using template $paramod\$lut\WIDTH=5\LUT=32'10111011000000001111000011110000 for cells of type $lut.
Using template $paramod$4190868aa409b0fbce1c8b1ea9a20a49956e9320\$lut for cells of type $lut.
Using template $paramod$e82535302dd1eb3703d7d0023ff4ebf74ce71d8d\$lut for cells of type $lut.
Using template $paramod\$lut\WIDTH=4\LUT=16'0000000000001101 for cells of type $lut.
Using template $paramod$5b44bf4d06bcfc362c3bd7e0e8779ca7b90e72f5\$lut for cells of type $lut.
Using template $paramod\$lut\WIDTH=4\LUT=16'0000110100000000 for cells of type $lut.
Using template $paramod$6978d2762337951d9f75a79078710480a684824b\$lut for cells of type $lut.
Using template $paramod$19098d712ab76b6c0ebfdfaee7e3e2ac6c70a9b9\$lut for cells of type $lut.
Using template $paramod$a8664f86b643765c71183acf1aabfc293067a2c0\$lut for cells of type $lut.
Using template $paramod\$lut\WIDTH=3\LUT=8'00000001 for cells of type $lut.
Using template $paramod\$lut\WIDTH=5\LUT=32'10101010111100001111111111001100 for cells of type $lut.
Using template $paramod$eaa78aebb75f0a6a55f3940b95e459cd9777fb91\$lut for cells of type $lut.
Using template $paramod$2bbf62103cfd55e9571d915c1e7148fbb11ce4c0\$lut for cells of type $lut.
Using template $paramod\$lut\WIDTH=5\LUT=32'11001100111100001111111110101010 for cells of type $lut.
Using template $paramod\$lut\WIDTH=5\LUT=16731983 for cells of type $lut.
Using template $paramod$3b4f759e55e5df19507ffa4197c3ec9d337b68f0\$lut for cells of type $lut.
Using template $paramod$a557505678cb409c1928af0c186ed0eb1f58c68e\$lut for cells of type $lut.
Using template $paramod$9b6aec701962006e77a954a92e14338724f36609\$lut for cells of type $lut.
Using template $paramod$4b7c417fe8b48fc27534c1f30b388f350a7b7fad\$lut for cells of type $lut.
Using template $paramod$423660ed1a5760e5e212244e573f8ef0eb0c57b5\$lut for cells of type $lut.
Using template $paramod$c80f6f39143ea9c8eaed0b045c5470e8d91a2b04\$lut for cells of type $lut.
Using template $paramod$a09e67c9567e67eec495eb8ace40b7e47f0c9ab2\$lut for cells of type $lut.
Using template $paramod$6011a8bcc519bcdce688d68286d94ee2dddd7fa6\$lut for cells of type $lut.
Using template $paramod$b024ce1a192cfc530491e4dd0d1ba45ed66d50ca\$lut for cells of type $lut.
Using template $paramod$a12ecb69eda39aee283a5ce3a145fde07052af6c\$lut for cells of type $lut.
Using template $paramod$9214f2f0bb9678ed40b590167a6e248a81c1a676\$lut for cells of type $lut.
Using template $paramod$6c60fa316df747bdc103548b6e4db98a36a42a2e\$lut for cells of type $lut.
Using template $paramod\$lut\WIDTH=5\LUT=84082688 for cells of type $lut.
Using template $paramod$a3f23ef66a2a8dfdff2d84774f26c83035f10055\$lut for cells of type $lut.
Using template $paramod\$lut\WIDTH=5\LUT=15728861 for cells of type $lut.
Using template $paramod$e4abb4916927f854af6fd4075aa08785994be408\$lut for cells of type $lut.
Using template $paramod$1823a31c85f9522086df2e636a0e5ffeb1bbf92b\$lut for cells of type $lut.
Using template $paramod$deec71ab47d4f1edc2acdb67b0a23cbd5aa9101b\$lut for cells of type $lut.
Using template $paramod$86737fcd882d9a468dc9892bdf57174a670ff4f6\$lut for cells of type $lut.
Using template $paramod$ceb62a45f4a5df980ce3b15d86bcc1bfbf604faf\$lut for cells of type $lut.
Using template $paramod$18ce173633010c9b2a82453ca04f32f051d9064b\$lut for cells of type $lut.
Using template $paramod$7c54c17764a10f0d4cc5341562f4cbf19cdce050\$lut for cells of type $lut.
Using template $paramod$1b2ebc619281768afe049fc24d5147efab151cdc\$lut for cells of type $lut.
Using template $paramod$7fbc5cdf8b1b7f3662ebbd36ca531cde8bcdcad5\$lut for cells of type $lut.
Using template $paramod$62b873864ff4fa5a90c85cb629cf04de174deb4a\$lut for cells of type $lut.
Using template $paramod$1f6eb4dc6ce85c774c51a19f5b446e8edbe82507\$lut for cells of type $lut.
Using template $paramod$b58b29b74a39688d97c53b802c43dda6d87d4daf\$lut for cells of type $lut.
Using template $paramod$f0d0e02a2e226d24cbd1a5ff6a5e919af956ca1b\$lut for cells of type $lut.
Using template $paramod$4235389c027bbc7c278f6b11ccebbeeff0d10841\$lut for cells of type $lut.
Using template $paramod$9fe47f65598ae1cc93f13a2249c3f86ad62ad155\$lut for cells of type $lut.
Using template $paramod$128dae88f463ea9ca4c5214dbf7d2277e2b34165\$lut for cells of type $lut.
Using template $paramod$b051911ef8c2fb16d25ac9c45015bffb12959c3c\$lut for cells of type $lut.
Using template $paramod\$lut\WIDTH=2\LUT=4'1001 for cells of type $lut.
Using template $paramod\$lut\WIDTH=5\LUT=32'11101111111111110001000000000000 for cells of type $lut.
Using template $paramod\$lut\WIDTH=2\LUT=4'0110 for cells of type $lut.
Using template $paramod$082d939b0987d1ae4dadd31bab22f6be126c2725\$lut for cells of type $lut.
No more expansions possible.
<suppressed ~12318 debug messages>

2.26. Executing DFFINIT pass (set INIT param on FF cells).
Setting VX_cp_fetch_top.$auto$simplemap.cc:442:simplemap_dffe$6139.INIT (port=Q, net=\u_fetch.offset_r [0]) to 1'0.
Setting VX_cp_fetch_top.$auto$simplemap.cc:442:simplemap_dffe$6138.INIT (port=Q, net=\u_fetch.request_count_r) to 1'0.
Setting VX_cp_fetch_top.$auto$simplemap.cc:442:simplemap_dffe$6142.INIT (port=Q, net=\u_fetch.offset_r [3]) to 1'0.
Setting VX_cp_fetch_top.$auto$simplemap.cc:442:simplemap_dffe$6145.INIT (port=Q, net=\u_fetch.offset_r [6]) to 1'0.
Setting VX_cp_fetch_top.$auto$simplemap.cc:442:simplemap_dffe$6137.INIT (port=Q, net=\u_fetch.fifo_count_r) to 1'0.
Setting VX_cp_fetch_top.$auto$simplemap.cc:442:simplemap_dffe$6143.INIT (port=Q, net=\u_fetch.offset_r [4]) to 1'0.
Setting VX_cp_fetch_top.$auto$simplemap.cc:442:simplemap_dffe$6144.INIT (port=Q, net=\u_fetch.offset_r [5]) to 1'0.
Setting VX_cp_fetch_top.$auto$simplemap.cc:442:simplemap_dffe$6141.INIT (port=Q, net=\u_fetch.offset_r [2]) to 1'0.
Setting VX_cp_fetch_top.$auto$simplemap.cc:442:simplemap_dffe$6140.INIT (port=Q, net=\u_fetch.offset_r [1]) to 1'0.
Setting VX_cp_fetch_top.$auto$simplemap.cc:442:simplemap_dffe$6100.INIT (port=Q, net=\u_fetch.fetch_head_r [27]) to 1'0.
Setting VX_cp_fetch_top.$auto$simplemap.cc:442:simplemap_dffe$6077.INIT (port=Q, net=\u_fetch.fetch_head_r [4]) to 1'0.
Setting VX_cp_fetch_top.$auto$simplemap.cc:442:simplemap_dffe$6068.INIT (port=Q, net=\u_fetch.head_r [59]) to 1'0.
Setting VX_cp_fetch_top.$auto$simplemap.cc:442:simplemap_dffe$6066.INIT (port=Q, net=\u_fetch.head_r [57]) to 1'0.
Setting VX_cp_fetch_top.$auto$simplemap.cc:442:simplemap_dffe$6049.INIT (port=Q, net=\u_fetch.head_r [40]) to 1'0.
Setting VX_cp_fetch_top.$auto$simplemap.cc:442:simplemap_dffe$6087.INIT (port=Q, net=\u_fetch.fetch_head_r [14]) to 1'0.
Setting VX_cp_fetch_top.$auto$simplemap.cc:442:simplemap_dffe$6106.INIT (port=Q, net=\u_fetch.fetch_head_r [33]) to 1'0.
Setting VX_cp_fetch_top.$auto$simplemap.cc:442:simplemap_dffe$6083.INIT (port=Q, net=\u_fetch.fetch_head_r [10]) to 1'0.
Setting VX_cp_fetch_top.$auto$simplemap.cc:442:simplemap_dffe$6074.INIT (port=Q, net=\u_fetch.fetch_head_r [1]) to 1'0.
Setting VX_cp_fetch_top.$auto$simplemap.cc:442:simplemap_dffe$6072.INIT (port=Q, net=\u_fetch.head_r [63]) to 1'0.
Setting VX_cp_fetch_top.$auto$simplemap.cc:442:simplemap_dffe$6055.INIT (port=Q, net=\u_fetch.head_r [46]) to 1'0.
Setting VX_cp_fetch_top.$auto$simplemap.cc:442:simplemap_dffe$6093.INIT (port=Q, net=\u_fetch.fetch_head_r [20]) to 1'0.
Setting VX_cp_fetch_top.$auto$simplemap.cc:442:simplemap_dffe$6112.INIT (port=Q, net=\u_fetch.fetch_head_r [39]) to 1'0.
Setting VX_cp_fetch_top.$auto$simplemap.cc:442:simplemap_dffe$6089.INIT (port=Q, net=\u_fetch.fetch_head_r [16]) to 1'0.
Setting VX_cp_fetch_top.$auto$simplemap.cc:442:simplemap_dffe$6080.INIT (port=Q, net=\u_fetch.fetch_head_r [7]) to 1'0.
Setting VX_cp_fetch_top.$auto$simplemap.cc:442:simplemap_dffe$6078.INIT (port=Q, net=\u_fetch.fetch_head_r [5]) to 1'0.
Setting VX_cp_fetch_top.$auto$simplemap.cc:442:simplemap_dffe$6061.INIT (port=Q, net=\u_fetch.head_r [52]) to 1'0.
Setting VX_cp_fetch_top.$auto$simplemap.cc:442:simplemap_dffe$6099.INIT (port=Q, net=\u_fetch.fetch_head_r [26]) to 1'0.
Setting VX_cp_fetch_top.$auto$simplemap.cc:442:simplemap_dffe$6118.INIT (port=Q, net=\u_fetch.fetch_head_r [45]) to 1'0.
Setting VX_cp_fetch_top.$auto$simplemap.cc:442:simplemap_dffe$6095.INIT (port=Q, net=\u_fetch.fetch_head_r [22]) to 1'0.
Setting VX_cp_fetch_top.$auto$simplemap.cc:442:simplemap_dffe$6086.INIT (port=Q, net=\u_fetch.fetch_head_r [13]) to 1'0.
Setting VX_cp_fetch_top.$auto$simplemap.cc:442:simplemap_dffe$6084.INIT (port=Q, net=\u_fetch.fetch_head_r [11]) to 1'0.
Setting VX_cp_fetch_top.$auto$simplemap.cc:442:simplemap_dffe$6067.INIT (port=Q, net=\u_fetch.head_r [58]) to 1'0.
Setting VX_cp_fetch_top.$auto$simplemap.cc:442:simplemap_dffe$6105.INIT (port=Q, net=\u_fetch.fetch_head_r [32]) to 1'0.
Setting VX_cp_fetch_top.$auto$simplemap.cc:442:simplemap_dffe$6124.INIT (port=Q, net=\u_fetch.fetch_head_r [51]) to 1'0.
Setting VX_cp_fetch_top.$auto$simplemap.cc:442:simplemap_dffe$6101.INIT (port=Q, net=\u_fetch.fetch_head_r [28]) to 1'0.
Setting VX_cp_fetch_top.$auto$simplemap.cc:442:simplemap_dffe$6092.INIT (port=Q, net=\u_fetch.fetch_head_r [19]) to 1'0.
Setting VX_cp_fetch_top.$auto$simplemap.cc:442:simplemap_dffe$6090.INIT (port=Q, net=\u_fetch.fetch_head_r [17]) to 1'0.
Setting VX_cp_fetch_top.$auto$simplemap.cc:442:simplemap_dffe$6073.INIT (port=Q, net=\u_fetch.fetch_head_r [0]) to 1'0.
Setting VX_cp_fetch_top.$auto$simplemap.cc:442:simplemap_dffe$6111.INIT (port=Q, net=\u_fetch.fetch_head_r [38]) to 1'0.
Setting VX_cp_fetch_top.$auto$simplemap.cc:442:simplemap_dffe$6130.INIT (port=Q, net=\u_fetch.fetch_head_r [57]) to 1'0.
Setting VX_cp_fetch_top.$auto$simplemap.cc:442:simplemap_dffe$6107.INIT (port=Q, net=\u_fetch.fetch_head_r [34]) to 1'0.
Setting VX_cp_fetch_top.$auto$simplemap.cc:442:simplemap_dffe$6098.INIT (port=Q, net=\u_fetch.fetch_head_r [25]) to 1'0.
Setting VX_cp_fetch_top.$auto$simplemap.cc:442:simplemap_dffe$6096.INIT (port=Q, net=\u_fetch.fetch_head_r [23]) to 1'0.
Setting VX_cp_fetch_top.$auto$simplemap.cc:442:simplemap_dffe$6079.INIT (port=Q, net=\u_fetch.fetch_head_r [6]) to 1'0.
Setting VX_cp_fetch_top.$auto$simplemap.cc:442:simplemap_dffe$6117.INIT (port=Q, net=\u_fetch.fetch_head_r [44]) to 1'0.
Setting VX_cp_fetch_top.$auto$simplemap.cc:442:simplemap_dffe$6136.INIT (port=Q, net=\u_fetch.fetch_head_r [63]) to 1'0.
Setting VX_cp_fetch_top.$auto$simplemap.cc:442:simplemap_dffe$6113.INIT (port=Q, net=\u_fetch.fetch_head_r [40]) to 1'0.
Setting VX_cp_fetch_top.$auto$simplemap.cc:442:simplemap_dffe$6104.INIT (port=Q, net=\u_fetch.fetch_head_r [31]) to 1'0.
Setting VX_cp_fetch_top.$auto$simplemap.cc:442:simplemap_dffe$6102.INIT (port=Q, net=\u_fetch.fetch_head_r [29]) to 1'0.
Setting VX_cp_fetch_top.$auto$simplemap.cc:442:simplemap_dffe$6085.INIT (port=Q, net=\u_fetch.fetch_head_r [12]) to 1'0.
Setting VX_cp_fetch_top.$auto$simplemap.cc:442:simplemap_dffe$6123.INIT (port=Q, net=\u_fetch.fetch_head_r [50]) to 1'0.
Setting VX_cp_fetch_top.$auto$simplemap.cc:442:simplemap_dffe$6132.INIT (port=Q, net=\u_fetch.fetch_head_r [59]) to 1'0.
Setting VX_cp_fetch_top.$auto$simplemap.cc:442:simplemap_dffe$6119.INIT (port=Q, net=\u_fetch.fetch_head_r [46]) to 1'0.
Setting VX_cp_fetch_top.$auto$simplemap.cc:442:simplemap_dffe$6110.INIT (port=Q, net=\u_fetch.fetch_head_r [37]) to 1'0.
Setting VX_cp_fetch_top.$auto$simplemap.cc:442:simplemap_dffe$6108.INIT (port=Q, net=\u_fetch.fetch_head_r [35]) to 1'0.
Setting VX_cp_fetch_top.$auto$simplemap.cc:442:simplemap_dffe$6091.INIT (port=Q, net=\u_fetch.fetch_head_r [18]) to 1'0.
Setting VX_cp_fetch_top.$auto$simplemap.cc:442:simplemap_dffe$6129.INIT (port=Q, net=\u_fetch.fetch_head_r [56]) to 1'0.
Setting VX_cp_fetch_top.$auto$simplemap.cc:442:simplemap_dffe$6115.INIT (port=Q, net=\u_fetch.fetch_head_r [42]) to 1'0.
Setting VX_cp_fetch_top.$auto$simplemap.cc:442:simplemap_dffe$6125.INIT (port=Q, net=\u_fetch.fetch_head_r [52]) to 1'0.
Setting VX_cp_fetch_top.$auto$simplemap.cc:442:simplemap_dffe$6116.INIT (port=Q, net=\u_fetch.fetch_head_r [43]) to 1'0.
Setting VX_cp_fetch_top.$auto$simplemap.cc:442:simplemap_dffe$6114.INIT (port=Q, net=\u_fetch.fetch_head_r [41]) to 1'0.
Setting VX_cp_fetch_top.$auto$simplemap.cc:442:simplemap_dffe$6097.INIT (port=Q, net=\u_fetch.fetch_head_r [24]) to 1'0.
Setting VX_cp_fetch_top.$auto$simplemap.cc:442:simplemap_dffe$6135.INIT (port=Q, net=\u_fetch.fetch_head_r [62]) to 1'0.
Setting VX_cp_fetch_top.$auto$simplemap.cc:442:simplemap_dffe$6121.INIT (port=Q, net=\u_fetch.fetch_head_r [48]) to 1'0.
Setting VX_cp_fetch_top.$auto$simplemap.cc:442:simplemap_dffe$6131.INIT (port=Q, net=\u_fetch.fetch_head_r [58]) to 1'0.
Setting VX_cp_fetch_top.$auto$simplemap.cc:442:simplemap_dffe$6122.INIT (port=Q, net=\u_fetch.fetch_head_r [49]) to 1'0.
Setting VX_cp_fetch_top.$auto$simplemap.cc:442:simplemap_dffe$6120.INIT (port=Q, net=\u_fetch.fetch_head_r [47]) to 1'0.
Setting VX_cp_fetch_top.$auto$simplemap.cc:442:simplemap_dffe$6103.INIT (port=Q, net=\u_fetch.fetch_head_r [30]) to 1'0.
Setting VX_cp_fetch_top.$auto$simplemap.cc:442:simplemap_dffe$6134.INIT (port=Q, net=\u_fetch.fetch_head_r [61]) to 1'0.
Setting VX_cp_fetch_top.$auto$simplemap.cc:442:simplemap_dffe$6127.INIT (port=Q, net=\u_fetch.fetch_head_r [54]) to 1'0.
Setting VX_cp_fetch_top.$auto$simplemap.cc:442:simplemap_dffe$6109.INIT (port=Q, net=\u_fetch.fetch_head_r [36]) to 1'0.
Setting VX_cp_fetch_top.$auto$simplemap.cc:442:simplemap_dffe$6128.INIT (port=Q, net=\u_fetch.fetch_head_r [55]) to 1'0.
Setting VX_cp_fetch_top.$auto$simplemap.cc:442:simplemap_dffe$6126.INIT (port=Q, net=\u_fetch.fetch_head_r [53]) to 1'0.
Setting VX_cp_fetch_top.$auto$simplemap.cc:442:simplemap_dffe$6017.INIT (port=Q, net=\u_fetch.head_r [8]) to 1'0.
Setting VX_cp_fetch_top.$auto$simplemap.cc:442:simplemap_dffe$6014.INIT (port=Q, net=\u_fetch.head_r [5]) to 1'0.
Setting VX_cp_fetch_top.$auto$simplemap.cc:442:simplemap_dffe$6022.INIT (port=Q, net=\u_fetch.head_r [13]) to 1'0.
Setting VX_cp_fetch_top.$auto$simplemap.cc:442:simplemap_dffe$6021.INIT (port=Q, net=\u_fetch.head_r [12]) to 1'0.
Setting VX_cp_fetch_top.$auto$simplemap.cc:442:simplemap_dffe$6020.INIT (port=Q, net=\u_fetch.head_r [11]) to 1'0.
Setting VX_cp_fetch_top.$auto$simplemap.cc:442:simplemap_dffe$6015.INIT (port=Q, net=\u_fetch.head_r [6]) to 1'0.
Setting VX_cp_fetch_top.$auto$simplemap.cc:442:simplemap_dffe$6016.INIT (port=Q, net=\u_fetch.head_r [7]) to 1'0.
Setting VX_cp_fetch_top.$auto$simplemap.cc:442:simplemap_dffe$6018.INIT (port=Q, net=\u_fetch.head_r [9]) to 1'0.
Setting VX_cp_fetch_top.$auto$simplemap.cc:442:simplemap_dffe$6013.INIT (port=Q, net=\u_fetch.head_r [4]) to 1'0.
Setting VX_cp_fetch_top.$auto$simplemap.cc:442:simplemap_dffe$6019.INIT (port=Q, net=\u_fetch.head_r [10]) to 1'0.
Setting VX_cp_fetch_top.$auto$simplemap.cc:442:simplemap_dffe$6133.INIT (port=Q, net=\u_fetch.fetch_head_r [60]) to 1'0.
Setting VX_cp_fetch_top.$auto$simplemap.cc:442:simplemap_dffe$6012.INIT (port=Q, net=\u_fetch.head_r [3]) to 1'0.
Setting VX_cp_fetch_top.$auto$simplemap.cc:442:simplemap_dffe$6011.INIT (port=Q, net=\u_fetch.head_r [2]) to 1'0.
Setting VX_cp_fetch_top.$auto$simplemap.cc:442:simplemap_dffe$6009.INIT (port=Q, net=\u_fetch.head_r [0]) to 1'0.
Setting VX_cp_fetch_top.$auto$simplemap.cc:442:simplemap_dffe$6033.INIT (port=Q, net=\u_fetch.head_r [24]) to 1'0.
Setting VX_cp_fetch_top.$auto$simplemap.cc:442:simplemap_dffe$6052.INIT (port=Q, net=\u_fetch.head_r [43]) to 1'0.
Setting VX_cp_fetch_top.$auto$simplemap.cc:442:simplemap_dffe$6029.INIT (port=Q, net=\u_fetch.head_r [20]) to 1'0.
Setting VX_cp_fetch_top.$auto$simplemap.cc:442:simplemap_dffe$6023.INIT (port=Q, net=\u_fetch.head_r [14]) to 1'0.
Setting VX_cp_fetch_top.$auto$simplemap.cc:442:simplemap_dffe$6027.INIT (port=Q, net=\u_fetch.head_r [18]) to 1'0.
Setting VX_cp_fetch_top.$auto$simplemap.cc:442:simplemap_dffe$6028.INIT (port=Q, net=\u_fetch.head_r [19]) to 1'0.
Setting VX_cp_fetch_top.$auto$simplemap.cc:442:simplemap_dffe$6039.INIT (port=Q, net=\u_fetch.head_r [30]) to 1'0.
Setting VX_cp_fetch_top.$auto$simplemap.cc:442:simplemap_dffe$6058.INIT (port=Q, net=\u_fetch.head_r [49]) to 1'0.
Setting VX_cp_fetch_top.$auto$simplemap.cc:442:simplemap_dffe$6035.INIT (port=Q, net=\u_fetch.head_r [26]) to 1'0.
Setting VX_cp_fetch_top.$auto$simplemap.cc:442:simplemap_dffe$6026.INIT (port=Q, net=\u_fetch.head_r [17]) to 1'0.
Setting VX_cp_fetch_top.$auto$simplemap.cc:442:simplemap_dffe$6024.INIT (port=Q, net=\u_fetch.head_r [15]) to 1'0.
Setting VX_cp_fetch_top.$auto$simplemap.cc:442:simplemap_dffe$6034.INIT (port=Q, net=\u_fetch.head_r [25]) to 1'0.
Setting VX_cp_fetch_top.$auto$simplemap.cc:442:simplemap_dffe$6045.INIT (port=Q, net=\u_fetch.head_r [36]) to 1'0.
Setting VX_cp_fetch_top.$auto$simplemap.cc:442:simplemap_dffe$6064.INIT (port=Q, net=\u_fetch.head_r [55]) to 1'0.
Setting VX_cp_fetch_top.$auto$simplemap.cc:442:simplemap_dffe$6041.INIT (port=Q, net=\u_fetch.head_r [32]) to 1'0.
Setting VX_cp_fetch_top.$auto$simplemap.cc:442:simplemap_dffe$6032.INIT (port=Q, net=\u_fetch.head_r [23]) to 1'0.
Setting VX_cp_fetch_top.$auto$simplemap.cc:442:simplemap_dffe$6030.INIT (port=Q, net=\u_fetch.head_r [21]) to 1'0.
Setting VX_cp_fetch_top.$auto$simplemap.cc:442:simplemap_dffe$6040.INIT (port=Q, net=\u_fetch.head_r [31]) to 1'0.
Setting VX_cp_fetch_top.$auto$simplemap.cc:442:simplemap_dffe$6051.INIT (port=Q, net=\u_fetch.head_r [42]) to 1'0.
Setting VX_cp_fetch_top.$auto$simplemap.cc:442:simplemap_dffe$6070.INIT (port=Q, net=\u_fetch.head_r [61]) to 1'0.
Setting VX_cp_fetch_top.$auto$simplemap.cc:442:simplemap_dffe$6047.INIT (port=Q, net=\u_fetch.head_r [38]) to 1'0.
Setting VX_cp_fetch_top.$auto$simplemap.cc:442:simplemap_dffe$6038.INIT (port=Q, net=\u_fetch.head_r [29]) to 1'0.
Setting VX_cp_fetch_top.$auto$simplemap.cc:442:simplemap_dffe$6036.INIT (port=Q, net=\u_fetch.head_r [27]) to 1'0.
Setting VX_cp_fetch_top.$auto$simplemap.cc:442:simplemap_dffe$6046.INIT (port=Q, net=\u_fetch.head_r [37]) to 1'0.
Setting VX_cp_fetch_top.$auto$simplemap.cc:442:simplemap_dffe$6057.INIT (port=Q, net=\u_fetch.head_r [48]) to 1'0.
Setting VX_cp_fetch_top.$auto$simplemap.cc:442:simplemap_dffe$6076.INIT (port=Q, net=\u_fetch.fetch_head_r [3]) to 1'0.
Setting VX_cp_fetch_top.$auto$simplemap.cc:442:simplemap_dffe$6053.INIT (port=Q, net=\u_fetch.head_r [44]) to 1'0.
Setting VX_cp_fetch_top.$auto$simplemap.cc:442:simplemap_dffe$6044.INIT (port=Q, net=\u_fetch.head_r [35]) to 1'0.
Setting VX_cp_fetch_top.$auto$simplemap.cc:442:simplemap_dffe$6042.INIT (port=Q, net=\u_fetch.head_r [33]) to 1'0.
Setting VX_cp_fetch_top.$auto$simplemap.cc:442:simplemap_dffe$6025.INIT (port=Q, net=\u_fetch.head_r [16]) to 1'0.
Setting VX_cp_fetch_top.$auto$simplemap.cc:442:simplemap_dffe$6063.INIT (port=Q, net=\u_fetch.head_r [54]) to 1'0.
Setting VX_cp_fetch_top.$auto$simplemap.cc:442:simplemap_dffe$6082.INIT (port=Q, net=\u_fetch.fetch_head_r [9]) to 1'0.
Setting VX_cp_fetch_top.$auto$simplemap.cc:442:simplemap_dffe$6059.INIT (port=Q, net=\u_fetch.head_r [50]) to 1'0.
Setting VX_cp_fetch_top.$auto$simplemap.cc:442:simplemap_dffe$6050.INIT (port=Q, net=\u_fetch.head_r [41]) to 1'0.
Setting VX_cp_fetch_top.$auto$simplemap.cc:442:simplemap_dffe$6048.INIT (port=Q, net=\u_fetch.head_r [39]) to 1'0.
Setting VX_cp_fetch_top.$auto$simplemap.cc:442:simplemap_dffe$6031.INIT (port=Q, net=\u_fetch.head_r [22]) to 1'0.
Setting VX_cp_fetch_top.$auto$simplemap.cc:442:simplemap_dffe$6069.INIT (port=Q, net=\u_fetch.head_r [60]) to 1'0.
Setting VX_cp_fetch_top.$auto$simplemap.cc:442:simplemap_dffe$6088.INIT (port=Q, net=\u_fetch.fetch_head_r [15]) to 1'0.
Setting VX_cp_fetch_top.$auto$simplemap.cc:442:simplemap_dffe$6065.INIT (port=Q, net=\u_fetch.head_r [56]) to 1'0.
Setting VX_cp_fetch_top.$auto$simplemap.cc:442:simplemap_dffe$6056.INIT (port=Q, net=\u_fetch.head_r [47]) to 1'0.
Setting VX_cp_fetch_top.$auto$simplemap.cc:442:simplemap_dffe$6054.INIT (port=Q, net=\u_fetch.head_r [45]) to 1'0.
Setting VX_cp_fetch_top.$auto$simplemap.cc:442:simplemap_dffe$6037.INIT (port=Q, net=\u_fetch.head_r [28]) to 1'0.
Setting VX_cp_fetch_top.$auto$simplemap.cc:442:simplemap_dffe$6075.INIT (port=Q, net=\u_fetch.fetch_head_r [2]) to 1'0.
Setting VX_cp_fetch_top.$auto$simplemap.cc:442:simplemap_dffe$6094.INIT (port=Q, net=\u_fetch.fetch_head_r [21]) to 1'0.
Setting VX_cp_fetch_top.$auto$simplemap.cc:442:simplemap_dffe$6071.INIT (port=Q, net=\u_fetch.head_r [62]) to 1'0.
Setting VX_cp_fetch_top.$auto$simplemap.cc:442:simplemap_dffe$6062.INIT (port=Q, net=\u_fetch.head_r [53]) to 1'0.
Setting VX_cp_fetch_top.$auto$simplemap.cc:442:simplemap_dffe$6060.INIT (port=Q, net=\u_fetch.head_r [51]) to 1'0.
Setting VX_cp_fetch_top.$auto$simplemap.cc:442:simplemap_dffe$6043.INIT (port=Q, net=\u_fetch.head_r [34]) to 1'0.
Setting VX_cp_fetch_top.$auto$simplemap.cc:442:simplemap_dffe$6081.INIT (port=Q, net=\u_fetch.fetch_head_r [8]) to 1'0.
Setting VX_cp_fetch_top.$auto$simplemap.cc:442:simplemap_dffe$6010.INIT (port=Q, net=\u_fetch.head_r [1]) to 1'0.
Removed 0 unused cells and 19652 unused wires.

2.27. Executing HIERARCHY pass (managing design hierarchy).

2.27.1. Analyzing design hierarchy..
Top module:  \VX_cp_fetch_top

2.27.2. Analyzing design hierarchy..
Top module:  \VX_cp_fetch_top
Removed 0 unused modules.

2.28. Printing statistics.

=== VX_cp_fetch_top ===

   Number of wires:              10907
   Number of wire bits:          19836
   Number of public wires:          74
   Number of public wire bits:    5946
   Number of memories:               0
   Number of memory bits:            0
   Number of processes:              0
   Number of cells:              14257
     FDRE                          137
     LUT1                         1065
     LUT2                          939
     LUT3                          624
     LUT4                          704
     LUT5                          302
     LUT6                         6098
     MUXCY                        2421
     MUXF7                         144
     MUXF8                          36
     RAM32X1D                      512
     XORCY                        1275

   Estimated number of LCs:       7915

2.29. Executing CHECK pass (checking for obvious problems).
checking module VX_cp_fetch_top..
found and reported 0 problems.

3. Printing statistics.

=== VX_cp_fetch_top ===

   Number of wires:              10907
   Number of wire bits:          19836
   Number of public wires:          74
   Number of public wire bits:    5946
   Number of memories:               0
   Number of memory bits:            0
   Number of processes:              0
   Number of cells:              14257
     FDRE                          137
     LUT1                         1065
     LUT2                          939
     LUT3                          624
     LUT4                          704
     LUT5                          302
     LUT6                         6098
     MUXCY                        2421
     MUXF7                         144
     MUXF8                          36
     RAM32X1D                      512
     XORCY                        1275

End of script. Logfile hash: 5e08cd9cbe
CPU: user 33.32s system 0.56s, MEM: 1338.02 MB total, 1326.72 MB resident
Yosys 0.9 (git sha1 1979e0b)
Time spent: 37% 14x opt_merge (12 sec), 20% 18x opt_expr (6 sec), ...
