
 /----------------------------------------------------------------------------\
 |                                                                            |
 |  yosys -- Yosys Open SYnthesis Suite                                       |
 |                                                                            |
 |  Copyright (C) 2012 - 2019  Clifford Wolf <clifford@clifford.at>           |
 |                                                                            |
 |  Permission to use, copy, modify, and/or distribute this software for any  |
 |  purpose with or without fee is hereby granted, provided that the above    |
 |  copyright notice and this permission notice appear in all copies.         |
 |                                                                            |
 |  THE SOFTWARE IS PROVIDED "AS IS" AND THE AUTHOR DISCLAIMS ALL WARRANTIES  |
 |  WITH REGARD TO THIS SOFTWARE INCLUDING ALL IMPLIED WARRANTIES OF          |
 |  MERCHANTABILITY AND FITNESS. IN NO EVENT SHALL THE AUTHOR BE LIABLE FOR   |
 |  ANY SPECIAL, DIRECT, INDIRECT, OR CONSEQUENTIAL DAMAGES OR ANY DAMAGES    |
 |  WHATSOEVER RESULTING FROM LOSS OF USE, DATA OR PROFITS, WHETHER IN AN     |
 |  ACTION OF CONTRACT, NEGLIGENCE OR OTHER TORTIOUS ACTION, ARISING OUT OF   |
 |  OR IN CONNECTION WITH THE USE OR PERFORMANCE OF THIS SOFTWARE.            |
 |                                                                            |
 \----------------------------------------------------------------------------/

 Yosys 0.9 (git sha1 1979e0b)


-- Executing script file `results/exp08/ppa/aging/asic400_out/synth.ys' --

1. Executing Liberty frontend.
Imported 135 cell types from liberty file.

2. Executing Verilog-2005 frontend: /home/houdong/vortex/results/exp08/ppa/aging/arbiter_input.v
Parsing SystemVerilog input from `/home/houdong/vortex/results/exp08/ppa/aging/arbiter_input.v' to AST representation.
Storing AST representation for module `$abstract\VX_cp_arbiter'.
Storing AST representation for module `$abstract\VX_cp_arbiter_top'.
Successfully finished Verilog frontend.

3. Executing HIERARCHY pass (managing design hierarchy).

4. Executing AST frontend in derive mode using pre-parsed AST for module `\VX_cp_arbiter_top'.
Generating RTLIL representation for module `\VX_cp_arbiter_top'.

4.1. Analyzing design hierarchy..
Top module:  \VX_cp_arbiter_top

4.2. Executing AST frontend in derive mode using pre-parsed AST for module `\VX_cp_arbiter'.
Parameter \N = 4
Parameter \ENABLE_PRIORITY = 1'1
Parameter \ENABLE_AGING = 1'1
Generating RTLIL representation for module `$paramod\VX_cp_arbiter\N=4\ENABLE_PRIORITY=1'1\ENABLE_AGING=1'1'.
Warning: Replacing memory \wait_counter with list of registers. See /home/houdong/vortex/results/exp08/ppa/aging/arbiter_input.v:102
Warning: Replacing memory \effective_priority with list of registers. See /home/houdong/vortex/results/exp08/ppa/aging/arbiter_input.v:80, /home/houdong/vortex/results/exp08/ppa/aging/arbiter_input.v:74
Warning: Replacing memory \aging_boost with list of registers. See /home/houdong/vortex/results/exp08/ppa/aging/arbiter_input.v:73, /home/houdong/vortex/results/exp08/ppa/aging/arbiter_input.v:66

4.3. Analyzing design hierarchy..
Top module:  \VX_cp_arbiter_top
Used module:     $paramod\VX_cp_arbiter\N=4\ENABLE_PRIORITY=1'1\ENABLE_AGING=1'1

4.4. Analyzing design hierarchy..
Top module:  \VX_cp_arbiter_top
Used module:     $paramod\VX_cp_arbiter\N=4\ENABLE_PRIORITY=1'1\ENABLE_AGING=1'1
Removing unused module `$abstract\VX_cp_arbiter_top'.
Removing unused module `$abstract\VX_cp_arbiter'.
Removed 2 unused modules.

5. Executing PROC pass (convert processes to netlists).

5.1. Executing PROC_CLEAN pass (remove empty switches from decision trees).
Found and cleaned up 1 empty switch in `$paramod\VX_cp_arbiter\N=4\ENABLE_PRIORITY=1'1\ENABLE_AGING=1'1.$proc$/home/houdong/vortex/results/exp08/ppa/aging/arbiter_input.v:60$48'.
Cleaned up 1 empty switch.

5.2. Executing PROC_RMDEAD pass (remove dead branches from decision trees).
Marked 7 switch rules as full_case in process $proc$/home/houdong/vortex/results/exp08/ppa/aging/arbiter_input.v:98$147 in module $paramod\VX_cp_arbiter\N=4\ENABLE_PRIORITY=1'1\ENABLE_AGING=1'1.
Marked 28 switch rules as full_case in process $proc$/home/houdong/vortex/results/exp08/ppa/aging/arbiter_input.v:60$48 in module $paramod\VX_cp_arbiter\N=4\ENABLE_PRIORITY=1'1\ENABLE_AGING=1'1.
Removed a total of 0 dead cases.

5.3. Executing PROC_INIT pass (extract init attributes).

5.4. Executing PROC_ARST pass (detect async resets in processes).

5.5. Executing PROC_MUX pass (convert decision trees to multiplexers).
Creating decoders for process `$paramod\VX_cp_arbiter\N=4\ENABLE_PRIORITY=1'1\ENABLE_AGING=1'1.$proc$/home/houdong/vortex/results/exp08/ppa/aging/arbiter_input.v:117$232'.
     1/1: $0\_sv2v_0[0:0]
Creating decoders for process `$paramod\VX_cp_arbiter\N=4\ENABLE_PRIORITY=1'1\ENABLE_AGING=1'1.$proc$/home/houdong/vortex/results/exp08/ppa/aging/arbiter_input.v:43$226'.
     1/3: $0$func$\sv2v_cast_E310E_signed$/home/houdong/vortex/results/exp08/ppa/aging/arbiter_input.v:50$4$\sv2v_cast_E310E_signed[1:0]$227
     2/3: $0$func$\sv2v_cast_E310E_signed$/home/houdong/vortex/results/exp08/ppa/aging/arbiter_input.v:50$47$\sv2v_cast_E310E_signed[1:0]$228
     3/3: $0$func$\sv2v_cast_E310E_signed$/home/houdong/vortex/results/exp08/ppa/aging/arbiter_input.v:50$47$\inp[1:0]$229
Creating decoders for process `$paramod\VX_cp_arbiter\N=4\ENABLE_PRIORITY=1'1\ENABLE_AGING=1'1.$proc$/home/houdong/vortex/results/exp08/ppa/aging/arbiter_input.v:43$220'.
     1/3: $0$func$\sv2v_cast_E310E_signed$/home/houdong/vortex/results/exp08/ppa/aging/arbiter_input.v:50$3$\sv2v_cast_E310E_signed[1:0]$221
     2/3: $0$func$\sv2v_cast_E310E_signed$/home/houdong/vortex/results/exp08/ppa/aging/arbiter_input.v:50$46$\sv2v_cast_E310E_signed[1:0]$222
     3/3: $0$func$\sv2v_cast_E310E_signed$/home/houdong/vortex/results/exp08/ppa/aging/arbiter_input.v:50$46$\inp[1:0]$223
Creating decoders for process `$paramod\VX_cp_arbiter\N=4\ENABLE_PRIORITY=1'1\ENABLE_AGING=1'1.$proc$/home/houdong/vortex/results/exp08/ppa/aging/arbiter_input.v:43$214'.
     1/3: $0$func$\sv2v_cast_E310E_signed$/home/houdong/vortex/results/exp08/ppa/aging/arbiter_input.v:50$2$\sv2v_cast_E310E_signed[1:0]$215
     2/3: $0$func$\sv2v_cast_E310E_signed$/home/houdong/vortex/results/exp08/ppa/aging/arbiter_input.v:50$45$\sv2v_cast_E310E_signed[1:0]$216
     3/3: $0$func$\sv2v_cast_E310E_signed$/home/houdong/vortex/results/exp08/ppa/aging/arbiter_input.v:50$45$\inp[1:0]$217
Creating decoders for process `$paramod\VX_cp_arbiter\N=4\ENABLE_PRIORITY=1'1\ENABLE_AGING=1'1.$proc$/home/houdong/vortex/results/exp08/ppa/aging/arbiter_input.v:43$208'.
     1/3: $0$func$\sv2v_cast_E310E_signed$/home/houdong/vortex/results/exp08/ppa/aging/arbiter_input.v:50$1$\sv2v_cast_E310E_signed[1:0]$209
     2/3: $0$func$\sv2v_cast_E310E_signed$/home/houdong/vortex/results/exp08/ppa/aging/arbiter_input.v:50$44$\sv2v_cast_E310E_signed[1:0]$210
     3/3: $0$func$\sv2v_cast_E310E_signed$/home/houdong/vortex/results/exp08/ppa/aging/arbiter_input.v:50$44$\inp[1:0]$211
Creating decoders for process `$paramod\VX_cp_arbiter\N=4\ENABLE_PRIORITY=1'1\ENABLE_AGING=1'1.$proc$/home/houdong/vortex/results/exp08/ppa/aging/arbiter_input.v:98$147'.
     1/37: $3$func$\sv2v_cast_E310E_signed$/home/houdong/vortex/results/exp08/ppa/aging/arbiter_input.v:109$35$\inp[1:0]$178
     2/37: $3$func$\sv2v_cast_E310E_signed$/home/houdong/vortex/results/exp08/ppa/aging/arbiter_input.v:109$35$\sv2v_cast_E310E_signed[1:0]$177
     3/37: $2$func$\sv2v_cast_E310E_signed$/home/houdong/vortex/results/exp08/ppa/aging/arbiter_input.v:109$35$\inp[1:0]$175
     4/37: $2$func$\sv2v_cast_E310E_signed$/home/houdong/vortex/results/exp08/ppa/aging/arbiter_input.v:109$35$\sv2v_cast_E310E_signed[1:0]$174
     5/37: $2$func$\sv2v_cast_E310E_signed$/home/houdong/vortex/results/exp08/ppa/aging/arbiter_input.v:106$34$\sv2v_cast_E310E_signed[1:0]$172
     6/37: $2$func$\sv2v_cast_E310E_signed$/home/houdong/vortex/results/exp08/ppa/aging/arbiter_input.v:106$34$\inp[1:0]$173
     7/37: $1\j[31:0]
     8/37: $1$func$\sv2v_cast_E310E_signed$/home/houdong/vortex/results/exp08/ppa/aging/arbiter_input.v:112$43$\inp[1:0]$171
     9/37: $1$func$\sv2v_cast_E310E_signed$/home/houdong/vortex/results/exp08/ppa/aging/arbiter_input.v:112$43$\sv2v_cast_E310E_signed[1:0]$170
    10/37: $1$func$\sv2v_cast_E310E_signed$/home/houdong/vortex/results/exp08/ppa/aging/arbiter_input.v:112$42$\inp[1:0]$169
    11/37: $1$func$\sv2v_cast_E310E_signed$/home/houdong/vortex/results/exp08/ppa/aging/arbiter_input.v:112$42$\sv2v_cast_E310E_signed[1:0]$168
    12/37: $1$func$\sv2v_cast_E310E_signed$/home/houdong/vortex/results/exp08/ppa/aging/arbiter_input.v:112$41$\inp[1:0]$167
    13/37: $1$func$\sv2v_cast_E310E_signed$/home/houdong/vortex/results/exp08/ppa/aging/arbiter_input.v:112$41$\sv2v_cast_E310E_signed[1:0]$166
    14/37: $1$func$\sv2v_cast_E310E_signed$/home/houdong/vortex/results/exp08/ppa/aging/arbiter_input.v:112$40$\inp[1:0]$165
    15/37: $1$func$\sv2v_cast_E310E_signed$/home/houdong/vortex/results/exp08/ppa/aging/arbiter_input.v:112$40$\sv2v_cast_E310E_signed[1:0]$164
    16/37: $1$func$\sv2v_cast_E310E_signed$/home/houdong/vortex/results/exp08/ppa/aging/arbiter_input.v:109$35$\inp[1:0]$163
    17/37: $1$func$\sv2v_cast_E310E_signed$/home/houdong/vortex/results/exp08/ppa/aging/arbiter_input.v:109$35$\sv2v_cast_E310E_signed[1:0]$162
    18/37: $1$func$\sv2v_cast_E310E_signed$/home/houdong/vortex/results/exp08/ppa/aging/arbiter_input.v:106$34$\inp[1:0]$161
    19/37: $1$func$\sv2v_cast_E310E_signed$/home/houdong/vortex/results/exp08/ppa/aging/arbiter_input.v:106$34$\sv2v_cast_E310E_signed[1:0]$160
    20/37: $0$func$\sv2v_cast_E310E_signed$/home/houdong/vortex/results/exp08/ppa/aging/arbiter_input.v:112$43$\inp[1:0]$159
    21/37: $0$func$\sv2v_cast_E310E_signed$/home/houdong/vortex/results/exp08/ppa/aging/arbiter_input.v:112$43$\sv2v_cast_E310E_signed[1:0]$158
    22/37: $0$func$\sv2v_cast_E310E_signed$/home/houdong/vortex/results/exp08/ppa/aging/arbiter_input.v:112$42$\inp[1:0]$157
    23/37: $0$func$\sv2v_cast_E310E_signed$/home/houdong/vortex/results/exp08/ppa/aging/arbiter_input.v:112$42$\sv2v_cast_E310E_signed[1:0]$156
    24/37: $0$func$\sv2v_cast_E310E_signed$/home/houdong/vortex/results/exp08/ppa/aging/arbiter_input.v:112$41$\inp[1:0]$155
    25/37: $0$func$\sv2v_cast_E310E_signed$/home/houdong/vortex/results/exp08/ppa/aging/arbiter_input.v:112$41$\sv2v_cast_E310E_signed[1:0]$154
    26/37: $0$func$\sv2v_cast_E310E_signed$/home/houdong/vortex/results/exp08/ppa/aging/arbiter_input.v:112$40$\inp[1:0]$153
    27/37: $0$func$\sv2v_cast_E310E_signed$/home/houdong/vortex/results/exp08/ppa/aging/arbiter_input.v:112$40$\sv2v_cast_E310E_signed[1:0]$152
    28/37: $0$func$\sv2v_cast_E310E_signed$/home/houdong/vortex/results/exp08/ppa/aging/arbiter_input.v:109$35$\inp[1:0]$151
    29/37: $0$func$\sv2v_cast_E310E_signed$/home/houdong/vortex/results/exp08/ppa/aging/arbiter_input.v:109$35$\sv2v_cast_E310E_signed[1:0]$150
    30/37: $0$func$\sv2v_cast_E310E_signed$/home/houdong/vortex/results/exp08/ppa/aging/arbiter_input.v:106$34$\inp[1:0]$149
    31/37: $0$func$\sv2v_cast_E310E_signed$/home/houdong/vortex/results/exp08/ppa/aging/arbiter_input.v:106$34$\sv2v_cast_E310E_signed[1:0]$148
    32/37: $0\j[31:0]
    33/37: $0\wait_counter[3][6:0]
    34/37: $0\wait_counter[2][6:0]
    35/37: $0\wait_counter[1][6:0]
    36/37: $0\wait_counter[0][6:0]
    37/37: $0\rr_pointer[1:0]
Creating decoders for process `$paramod\VX_cp_arbiter\N=4\ENABLE_PRIORITY=1'1\ENABLE_AGING=1'1.$proc$/home/houdong/vortex/results/exp08/ppa/aging/arbiter_input.v:60$48'.
     1/76: $4\selected_valid[0:0]
     2/76: $4\selected_queue[1:0]
     3/76: $1$func$\sv2v_cast_E310E_signed$/home/houdong/vortex/results/exp08/ppa/aging/arbiter_input.v:93$29$\sv2v_cast_E310E_signed[1:0]$145
     4/76: $1$func$\sv2v_cast_E310E_signed$/home/houdong/vortex/results/exp08/ppa/aging/arbiter_input.v:93$29$\inp[1:0]$146
     5/76: $4\scan_index[31:0]
     6/76: $3\selected_valid[0:0]
     7/76: $3\selected_queue[1:0]
     8/76: $1$func$\sv2v_cast_E310E_signed$/home/houdong/vortex/results/exp08/ppa/aging/arbiter_input.v:93$27$\sv2v_cast_E310E_signed[1:0]$137
     9/76: $1$func$\sv2v_cast_E310E_signed$/home/houdong/vortex/results/exp08/ppa/aging/arbiter_input.v:93$27$\inp[1:0]$138
    10/76: $3\scan_index[31:0]
    11/76: $2\selected_valid[0:0]
    12/76: $2\selected_queue[1:0]
    13/76: $1$func$\sv2v_cast_E310E_signed$/home/houdong/vortex/results/exp08/ppa/aging/arbiter_input.v:93$25$\sv2v_cast_E310E_signed[1:0]$129
    14/76: $1$func$\sv2v_cast_E310E_signed$/home/houdong/vortex/results/exp08/ppa/aging/arbiter_input.v:93$25$\inp[1:0]$130
    15/76: $2\scan_index[31:0]
    16/76: $1\selected_valid[0:0]
    17/76: $1\selected_queue[1:0]
    18/76: $1$func$\sv2v_cast_E310E_signed$/home/houdong/vortex/results/exp08/ppa/aging/arbiter_input.v:93$23$\sv2v_cast_E310E_signed[1:0]$121
    19/76: $1$func$\sv2v_cast_E310E_signed$/home/houdong/vortex/results/exp08/ppa/aging/arbiter_input.v:93$23$\inp[1:0]$122
    20/76: $1\scan_index[31:0]
    21/76: $4\highest_priority[1:0]
    22/76: $3\highest_priority[1:0]
    23/76: $2\highest_priority[1:0]
    24/76: $1\highest_priority[1:0]
    25/76: $1\effective_priority[3][1:0]
    26/76: $3\aging_boost[3][1:0]
    27/76: $2\aging_boost[3][1:0]
    28/76: $1\aging_boost[3][1:0]
    29/76: $1\effective_priority[2][1:0]
    30/76: $3\aging_boost[2][1:0]
    31/76: $2\aging_boost[2][1:0]
    32/76: $1\aging_boost[2][1:0]
    33/76: $1\effective_priority[1][1:0]
    34/76: $3\aging_boost[1][1:0]
    35/76: $2\aging_boost[1][1:0]
    36/76: $1\aging_boost[1][1:0]
    37/76: $1\effective_priority[0][1:0]
    38/76: $3\aging_boost[0][1:0]
    39/76: $2\aging_boost[0][1:0]
    40/76: $1\aging_boost[0][1:0]
    41/76: $0\offset[31:0]
    42/76: $0$func$\sv2v_cast_E310E_signed$/home/houdong/vortex/results/exp08/ppa/aging/arbiter_input.v:93$29$\inp[1:0]$66
    43/76: $0$func$\sv2v_cast_E310E_signed$/home/houdong/vortex/results/exp08/ppa/aging/arbiter_input.v:93$29$\sv2v_cast_E310E_signed[1:0]$65
    44/76: $0\selected_valid[0:0]
    45/76: $0\selected_queue[1:0]
    46/76: $0\scan_index[31:0]
    47/76: $0$func$\sv2v_cast_32_signed$/home/houdong/vortex/results/exp08/ppa/aging/arbiter_input.v:89$28$\sv2v_cast_32_signed[31:0]$63
    48/76: $0$func$\sv2v_cast_32_signed$/home/houdong/vortex/results/exp08/ppa/aging/arbiter_input.v:89$28$\inp[31:0]$64
    49/76: $0$func$\sv2v_cast_E310E_signed$/home/houdong/vortex/results/exp08/ppa/aging/arbiter_input.v:93$27$\inp[1:0]$62
    50/76: $0$func$\sv2v_cast_E310E_signed$/home/houdong/vortex/results/exp08/ppa/aging/arbiter_input.v:93$27$\sv2v_cast_E310E_signed[1:0]$61
    51/76: $0$func$\sv2v_cast_32_signed$/home/houdong/vortex/results/exp08/ppa/aging/arbiter_input.v:89$26$\sv2v_cast_32_signed[31:0]$59
    52/76: $0$func$\sv2v_cast_32_signed$/home/houdong/vortex/results/exp08/ppa/aging/arbiter_input.v:89$26$\inp[31:0]$60
    53/76: $0$func$\sv2v_cast_E310E_signed$/home/houdong/vortex/results/exp08/ppa/aging/arbiter_input.v:93$25$\inp[1:0]$58
    54/76: $0$func$\sv2v_cast_E310E_signed$/home/houdong/vortex/results/exp08/ppa/aging/arbiter_input.v:93$25$\sv2v_cast_E310E_signed[1:0]$57
    55/76: $0$func$\sv2v_cast_32_signed$/home/houdong/vortex/results/exp08/ppa/aging/arbiter_input.v:89$24$\sv2v_cast_32_signed[31:0]$55
    56/76: $0$func$\sv2v_cast_32_signed$/home/houdong/vortex/results/exp08/ppa/aging/arbiter_input.v:89$24$\inp[31:0]$56
    57/76: $0$func$\sv2v_cast_E310E_signed$/home/houdong/vortex/results/exp08/ppa/aging/arbiter_input.v:93$23$\inp[1:0]$54
    58/76: $0$func$\sv2v_cast_E310E_signed$/home/houdong/vortex/results/exp08/ppa/aging/arbiter_input.v:93$23$\sv2v_cast_E310E_signed[1:0]$53
    59/76: $0$func$\sv2v_cast_32_signed$/home/houdong/vortex/results/exp08/ppa/aging/arbiter_input.v:89$22$\sv2v_cast_32_signed[31:0]$51
    60/76: $0$func$\sv2v_cast_32_signed$/home/houdong/vortex/results/exp08/ppa/aging/arbiter_input.v:89$22$\inp[31:0]$52
    61/76: $0$func$\sv2v_cast_32_signed$/home/houdong/vortex/results/exp08/ppa/aging/arbiter_input.v:86$17$\sv2v_cast_32_signed[31:0]$49
    62/76: $0$func$\sv2v_cast_32_signed$/home/houdong/vortex/results/exp08/ppa/aging/arbiter_input.v:86$17$\inp[31:0]$50
    63/76: $0\i[31:0]
    64/76: $0\eligible[3:0] [3]
    65/76: $0\eligible[3:0] [2]
    66/76: $0\eligible[3:0] [1]
    67/76: $0\eligible[3:0] [0]
    68/76: $0\highest_priority[1:0]
    69/76: $0\effective_priority[3][1:0]
    70/76: $0\aging_boost[3][1:0]
    71/76: $0\effective_priority[2][1:0]
    72/76: $0\aging_boost[2][1:0]
    73/76: $0\effective_priority[1][1:0]
    74/76: $0\aging_boost[1][1:0]
    75/76: $0\effective_priority[0][1:0]
    76/76: $0\aging_boost[0][1:0]

5.6. Executing PROC_DLATCH pass (convert process syncs to latches).
No latch inferred for signal `$paramod\VX_cp_arbiter\N=4\ENABLE_PRIORITY=1'1\ENABLE_AGING=1'1.\_sv2v_0' from process `$paramod\VX_cp_arbiter\N=4\ENABLE_PRIORITY=1'1\ENABLE_AGING=1'1.$proc$/home/houdong/vortex/results/exp08/ppa/aging/arbiter_input.v:117$232'.
No latch inferred for signal `$paramod\VX_cp_arbiter\N=4\ENABLE_PRIORITY=1'1\ENABLE_AGING=1'1.$func$\sv2v_cast_E310E_signed$/home/houdong/vortex/results/exp08/ppa/aging/arbiter_input.v:50$4$\sv2v_cast_E310E_signed' from process `$paramod\VX_cp_arbiter\N=4\ENABLE_PRIORITY=1'1\ENABLE_AGING=1'1.$proc$/home/houdong/vortex/results/exp08/ppa/aging/arbiter_input.v:43$226'.
No latch inferred for signal `$paramod\VX_cp_arbiter\N=4\ENABLE_PRIORITY=1'1\ENABLE_AGING=1'1.$func$\sv2v_cast_E310E_signed$/home/houdong/vortex/results/exp08/ppa/aging/arbiter_input.v:50$47$\sv2v_cast_E310E_signed' from process `$paramod\VX_cp_arbiter\N=4\ENABLE_PRIORITY=1'1\ENABLE_AGING=1'1.$proc$/home/houdong/vortex/results/exp08/ppa/aging/arbiter_input.v:43$226'.
No latch inferred for signal `$paramod\VX_cp_arbiter\N=4\ENABLE_PRIORITY=1'1\ENABLE_AGING=1'1.$func$\sv2v_cast_E310E_signed$/home/houdong/vortex/results/exp08/ppa/aging/arbiter_input.v:50$47$\inp' from process `$paramod\VX_cp_arbiter\N=4\ENABLE_PRIORITY=1'1\ENABLE_AGING=1'1.$proc$/home/houdong/vortex/results/exp08/ppa/aging/arbiter_input.v:43$226'.
No latch inferred for signal `$paramod\VX_cp_arbiter\N=4\ENABLE_PRIORITY=1'1\ENABLE_AGING=1'1.$func$\sv2v_cast_E310E_signed$/home/houdong/vortex/results/exp08/ppa/aging/arbiter_input.v:50$3$\sv2v_cast_E310E_signed' from process `$paramod\VX_cp_arbiter\N=4\ENABLE_PRIORITY=1'1\ENABLE_AGING=1'1.$proc$/home/houdong/vortex/results/exp08/ppa/aging/arbiter_input.v:43$220'.
No latch inferred for signal `$paramod\VX_cp_arbiter\N=4\ENABLE_PRIORITY=1'1\ENABLE_AGING=1'1.$func$\sv2v_cast_E310E_signed$/home/houdong/vortex/results/exp08/ppa/aging/arbiter_input.v:50$46$\sv2v_cast_E310E_signed' from process `$paramod\VX_cp_arbiter\N=4\ENABLE_PRIORITY=1'1\ENABLE_AGING=1'1.$proc$/home/houdong/vortex/results/exp08/ppa/aging/arbiter_input.v:43$220'.
No latch inferred for signal `$paramod\VX_cp_arbiter\N=4\ENABLE_PRIORITY=1'1\ENABLE_AGING=1'1.$func$\sv2v_cast_E310E_signed$/home/houdong/vortex/results/exp08/ppa/aging/arbiter_input.v:50$46$\inp' from process `$paramod\VX_cp_arbiter\N=4\ENABLE_PRIORITY=1'1\ENABLE_AGING=1'1.$proc$/home/houdong/vortex/results/exp08/ppa/aging/arbiter_input.v:43$220'.
No latch inferred for signal `$paramod\VX_cp_arbiter\N=4\ENABLE_PRIORITY=1'1\ENABLE_AGING=1'1.$func$\sv2v_cast_E310E_signed$/home/houdong/vortex/results/exp08/ppa/aging/arbiter_input.v:50$2$\sv2v_cast_E310E_signed' from process `$paramod\VX_cp_arbiter\N=4\ENABLE_PRIORITY=1'1\ENABLE_AGING=1'1.$proc$/home/houdong/vortex/results/exp08/ppa/aging/arbiter_input.v:43$214'.
No latch inferred for signal `$paramod\VX_cp_arbiter\N=4\ENABLE_PRIORITY=1'1\ENABLE_AGING=1'1.$func$\sv2v_cast_E310E_signed$/home/houdong/vortex/results/exp08/ppa/aging/arbiter_input.v:50$45$\sv2v_cast_E310E_signed' from process `$paramod\VX_cp_arbiter\N=4\ENABLE_PRIORITY=1'1\ENABLE_AGING=1'1.$proc$/home/houdong/vortex/results/exp08/ppa/aging/arbiter_input.v:43$214'.
No latch inferred for signal `$paramod\VX_cp_arbiter\N=4\ENABLE_PRIORITY=1'1\ENABLE_AGING=1'1.$func$\sv2v_cast_E310E_signed$/home/houdong/vortex/results/exp08/ppa/aging/arbiter_input.v:50$45$\inp' from process `$paramod\VX_cp_arbiter\N=4\ENABLE_PRIORITY=1'1\ENABLE_AGING=1'1.$proc$/home/houdong/vortex/results/exp08/ppa/aging/arbiter_input.v:43$214'.
No latch inferred for signal `$paramod\VX_cp_arbiter\N=4\ENABLE_PRIORITY=1'1\ENABLE_AGING=1'1.$func$\sv2v_cast_E310E_signed$/home/houdong/vortex/results/exp08/ppa/aging/arbiter_input.v:50$1$\sv2v_cast_E310E_signed' from process `$paramod\VX_cp_arbiter\N=4\ENABLE_PRIORITY=1'1\ENABLE_AGING=1'1.$proc$/home/houdong/vortex/results/exp08/ppa/aging/arbiter_input.v:43$208'.
No latch inferred for signal `$paramod\VX_cp_arbiter\N=4\ENABLE_PRIORITY=1'1\ENABLE_AGING=1'1.$func$\sv2v_cast_E310E_signed$/home/houdong/vortex/results/exp08/ppa/aging/arbiter_input.v:50$44$\sv2v_cast_E310E_signed' from process `$paramod\VX_cp_arbiter\N=4\ENABLE_PRIORITY=1'1\ENABLE_AGING=1'1.$proc$/home/houdong/vortex/results/exp08/ppa/aging/arbiter_input.v:43$208'.
No latch inferred for signal `$paramod\VX_cp_arbiter\N=4\ENABLE_PRIORITY=1'1\ENABLE_AGING=1'1.$func$\sv2v_cast_E310E_signed$/home/houdong/vortex/results/exp08/ppa/aging/arbiter_input.v:50$44$\inp' from process `$paramod\VX_cp_arbiter\N=4\ENABLE_PRIORITY=1'1\ENABLE_AGING=1'1.$proc$/home/houdong/vortex/results/exp08/ppa/aging/arbiter_input.v:43$208'.
No latch inferred for signal `$paramod\VX_cp_arbiter\N=4\ENABLE_PRIORITY=1'1\ENABLE_AGING=1'1.\selected_queue' from process `$paramod\VX_cp_arbiter\N=4\ENABLE_PRIORITY=1'1\ENABLE_AGING=1'1.$proc$/home/houdong/vortex/results/exp08/ppa/aging/arbiter_input.v:60$48'.
No latch inferred for signal `$paramod\VX_cp_arbiter\N=4\ENABLE_PRIORITY=1'1\ENABLE_AGING=1'1.\highest_priority' from process `$paramod\VX_cp_arbiter\N=4\ENABLE_PRIORITY=1'1\ENABLE_AGING=1'1.$proc$/home/houdong/vortex/results/exp08/ppa/aging/arbiter_input.v:60$48'.
No latch inferred for signal `$paramod\VX_cp_arbiter\N=4\ENABLE_PRIORITY=1'1\ENABLE_AGING=1'1.\i' from process `$paramod\VX_cp_arbiter\N=4\ENABLE_PRIORITY=1'1\ENABLE_AGING=1'1.$proc$/home/houdong/vortex/results/exp08/ppa/aging/arbiter_input.v:60$48'.
No latch inferred for signal `$paramod\VX_cp_arbiter\N=4\ENABLE_PRIORITY=1'1\ENABLE_AGING=1'1.\offset' from process `$paramod\VX_cp_arbiter\N=4\ENABLE_PRIORITY=1'1\ENABLE_AGING=1'1.$proc$/home/houdong/vortex/results/exp08/ppa/aging/arbiter_input.v:60$48'.
No latch inferred for signal `$paramod\VX_cp_arbiter\N=4\ENABLE_PRIORITY=1'1\ENABLE_AGING=1'1.\scan_index' from process `$paramod\VX_cp_arbiter\N=4\ENABLE_PRIORITY=1'1\ENABLE_AGING=1'1.$proc$/home/houdong/vortex/results/exp08/ppa/aging/arbiter_input.v:60$48'.
No latch inferred for signal `$paramod\VX_cp_arbiter\N=4\ENABLE_PRIORITY=1'1\ENABLE_AGING=1'1.\selected_valid' from process `$paramod\VX_cp_arbiter\N=4\ENABLE_PRIORITY=1'1\ENABLE_AGING=1'1.$proc$/home/houdong/vortex/results/exp08/ppa/aging/arbiter_input.v:60$48'.
No latch inferred for signal `$paramod\VX_cp_arbiter\N=4\ENABLE_PRIORITY=1'1\ENABLE_AGING=1'1.\eligible' from process `$paramod\VX_cp_arbiter\N=4\ENABLE_PRIORITY=1'1\ENABLE_AGING=1'1.$proc$/home/houdong/vortex/results/exp08/ppa/aging/arbiter_input.v:60$48'.
No latch inferred for signal `$paramod\VX_cp_arbiter\N=4\ENABLE_PRIORITY=1'1\ENABLE_AGING=1'1.$func$\sv2v_cast_32_signed$/home/houdong/vortex/results/exp08/ppa/aging/arbiter_input.v:86$17$\sv2v_cast_32_signed' from process `$paramod\VX_cp_arbiter\N=4\ENABLE_PRIORITY=1'1\ENABLE_AGING=1'1.$proc$/home/houdong/vortex/results/exp08/ppa/aging/arbiter_input.v:60$48'.
No latch inferred for signal `$paramod\VX_cp_arbiter\N=4\ENABLE_PRIORITY=1'1\ENABLE_AGING=1'1.$func$\sv2v_cast_32_signed$/home/houdong/vortex/results/exp08/ppa/aging/arbiter_input.v:86$17$\inp' from process `$paramod\VX_cp_arbiter\N=4\ENABLE_PRIORITY=1'1\ENABLE_AGING=1'1.$proc$/home/houdong/vortex/results/exp08/ppa/aging/arbiter_input.v:60$48'.
No latch inferred for signal `$paramod\VX_cp_arbiter\N=4\ENABLE_PRIORITY=1'1\ENABLE_AGING=1'1.$func$\sv2v_cast_32_signed$/home/houdong/vortex/results/exp08/ppa/aging/arbiter_input.v:89$22$\sv2v_cast_32_signed' from process `$paramod\VX_cp_arbiter\N=4\ENABLE_PRIORITY=1'1\ENABLE_AGING=1'1.$proc$/home/houdong/vortex/results/exp08/ppa/aging/arbiter_input.v:60$48'.
No latch inferred for signal `$paramod\VX_cp_arbiter\N=4\ENABLE_PRIORITY=1'1\ENABLE_AGING=1'1.$func$\sv2v_cast_32_signed$/home/houdong/vortex/results/exp08/ppa/aging/arbiter_input.v:89$22$\inp' from process `$paramod\VX_cp_arbiter\N=4\ENABLE_PRIORITY=1'1\ENABLE_AGING=1'1.$proc$/home/houdong/vortex/results/exp08/ppa/aging/arbiter_input.v:60$48'.
No latch inferred for signal `$paramod\VX_cp_arbiter\N=4\ENABLE_PRIORITY=1'1\ENABLE_AGING=1'1.$func$\sv2v_cast_E310E_signed$/home/houdong/vortex/results/exp08/ppa/aging/arbiter_input.v:93$23$\sv2v_cast_E310E_signed' from process `$paramod\VX_cp_arbiter\N=4\ENABLE_PRIORITY=1'1\ENABLE_AGING=1'1.$proc$/home/houdong/vortex/results/exp08/ppa/aging/arbiter_input.v:60$48'.
No latch inferred for signal `$paramod\VX_cp_arbiter\N=4\ENABLE_PRIORITY=1'1\ENABLE_AGING=1'1.$func$\sv2v_cast_E310E_signed$/home/houdong/vortex/results/exp08/ppa/aging/arbiter_input.v:93$23$\inp' from process `$paramod\VX_cp_arbiter\N=4\ENABLE_PRIORITY=1'1\ENABLE_AGING=1'1.$proc$/home/houdong/vortex/results/exp08/ppa/aging/arbiter_input.v:60$48'.
No latch inferred for signal `$paramod\VX_cp_arbiter\N=4\ENABLE_PRIORITY=1'1\ENABLE_AGING=1'1.$func$\sv2v_cast_32_signed$/home/houdong/vortex/results/exp08/ppa/aging/arbiter_input.v:89$24$\sv2v_cast_32_signed' from process `$paramod\VX_cp_arbiter\N=4\ENABLE_PRIORITY=1'1\ENABLE_AGING=1'1.$proc$/home/houdong/vortex/results/exp08/ppa/aging/arbiter_input.v:60$48'.
No latch inferred for signal `$paramod\VX_cp_arbiter\N=4\ENABLE_PRIORITY=1'1\ENABLE_AGING=1'1.$func$\sv2v_cast_32_signed$/home/houdong/vortex/results/exp08/ppa/aging/arbiter_input.v:89$24$\inp' from process `$paramod\VX_cp_arbiter\N=4\ENABLE_PRIORITY=1'1\ENABLE_AGING=1'1.$proc$/home/houdong/vortex/results/exp08/ppa/aging/arbiter_input.v:60$48'.
No latch inferred for signal `$paramod\VX_cp_arbiter\N=4\ENABLE_PRIORITY=1'1\ENABLE_AGING=1'1.$func$\sv2v_cast_E310E_signed$/home/houdong/vortex/results/exp08/ppa/aging/arbiter_input.v:93$25$\sv2v_cast_E310E_signed' from process `$paramod\VX_cp_arbiter\N=4\ENABLE_PRIORITY=1'1\ENABLE_AGING=1'1.$proc$/home/houdong/vortex/results/exp08/ppa/aging/arbiter_input.v:60$48'.
No latch inferred for signal `$paramod\VX_cp_arbiter\N=4\ENABLE_PRIORITY=1'1\ENABLE_AGING=1'1.$func$\sv2v_cast_E310E_signed$/home/houdong/vortex/results/exp08/ppa/aging/arbiter_input.v:93$25$\inp' from process `$paramod\VX_cp_arbiter\N=4\ENABLE_PRIORITY=1'1\ENABLE_AGING=1'1.$proc$/home/houdong/vortex/results/exp08/ppa/aging/arbiter_input.v:60$48'.
No latch inferred for signal `$paramod\VX_cp_arbiter\N=4\ENABLE_PRIORITY=1'1\ENABLE_AGING=1'1.$func$\sv2v_cast_32_signed$/home/houdong/vortex/results/exp08/ppa/aging/arbiter_input.v:89$26$\sv2v_cast_32_signed' from process `$paramod\VX_cp_arbiter\N=4\ENABLE_PRIORITY=1'1\ENABLE_AGING=1'1.$proc$/home/houdong/vortex/results/exp08/ppa/aging/arbiter_input.v:60$48'.
No latch inferred for signal `$paramod\VX_cp_arbiter\N=4\ENABLE_PRIORITY=1'1\ENABLE_AGING=1'1.$func$\sv2v_cast_32_signed$/home/houdong/vortex/results/exp08/ppa/aging/arbiter_input.v:89$26$\inp' from process `$paramod\VX_cp_arbiter\N=4\ENABLE_PRIORITY=1'1\ENABLE_AGING=1'1.$proc$/home/houdong/vortex/results/exp08/ppa/aging/arbiter_input.v:60$48'.
No latch inferred for signal `$paramod\VX_cp_arbiter\N=4\ENABLE_PRIORITY=1'1\ENABLE_AGING=1'1.$func$\sv2v_cast_E310E_signed$/home/houdong/vortex/results/exp08/ppa/aging/arbiter_input.v:93$27$\sv2v_cast_E310E_signed' from process `$paramod\VX_cp_arbiter\N=4\ENABLE_PRIORITY=1'1\ENABLE_AGING=1'1.$proc$/home/houdong/vortex/results/exp08/ppa/aging/arbiter_input.v:60$48'.
No latch inferred for signal `$paramod\VX_cp_arbiter\N=4\ENABLE_PRIORITY=1'1\ENABLE_AGING=1'1.$func$\sv2v_cast_E310E_signed$/home/houdong/vortex/results/exp08/ppa/aging/arbiter_input.v:93$27$\inp' from process `$paramod\VX_cp_arbiter\N=4\ENABLE_PRIORITY=1'1\ENABLE_AGING=1'1.$proc$/home/houdong/vortex/results/exp08/ppa/aging/arbiter_input.v:60$48'.
No latch inferred for signal `$paramod\VX_cp_arbiter\N=4\ENABLE_PRIORITY=1'1\ENABLE_AGING=1'1.$func$\sv2v_cast_32_signed$/home/houdong/vortex/results/exp08/ppa/aging/arbiter_input.v:89$28$\sv2v_cast_32_signed' from process `$paramod\VX_cp_arbiter\N=4\ENABLE_PRIORITY=1'1\ENABLE_AGING=1'1.$proc$/home/houdong/vortex/results/exp08/ppa/aging/arbiter_input.v:60$48'.
No latch inferred for signal `$paramod\VX_cp_arbiter\N=4\ENABLE_PRIORITY=1'1\ENABLE_AGING=1'1.$func$\sv2v_cast_32_signed$/home/houdong/vortex/results/exp08/ppa/aging/arbiter_input.v:89$28$\inp' from process `$paramod\VX_cp_arbiter\N=4\ENABLE_PRIORITY=1'1\ENABLE_AGING=1'1.$proc$/home/houdong/vortex/results/exp08/ppa/aging/arbiter_input.v:60$48'.
No latch inferred for signal `$paramod\VX_cp_arbiter\N=4\ENABLE_PRIORITY=1'1\ENABLE_AGING=1'1.$func$\sv2v_cast_E310E_signed$/home/houdong/vortex/results/exp08/ppa/aging/arbiter_input.v:93$29$\sv2v_cast_E310E_signed' from process `$paramod\VX_cp_arbiter\N=4\ENABLE_PRIORITY=1'1\ENABLE_AGING=1'1.$proc$/home/houdong/vortex/results/exp08/ppa/aging/arbiter_input.v:60$48'.
No latch inferred for signal `$paramod\VX_cp_arbiter\N=4\ENABLE_PRIORITY=1'1\ENABLE_AGING=1'1.$func$\sv2v_cast_E310E_signed$/home/houdong/vortex/results/exp08/ppa/aging/arbiter_input.v:93$29$\inp' from process `$paramod\VX_cp_arbiter\N=4\ENABLE_PRIORITY=1'1\ENABLE_AGING=1'1.$proc$/home/houdong/vortex/results/exp08/ppa/aging/arbiter_input.v:60$48'.
No latch inferred for signal `$paramod\VX_cp_arbiter\N=4\ENABLE_PRIORITY=1'1\ENABLE_AGING=1'1.\aging_boost[0]' from process `$paramod\VX_cp_arbiter\N=4\ENABLE_PRIORITY=1'1\ENABLE_AGING=1'1.$proc$/home/houdong/vortex/results/exp08/ppa/aging/arbiter_input.v:60$48'.
No latch inferred for signal `$paramod\VX_cp_arbiter\N=4\ENABLE_PRIORITY=1'1\ENABLE_AGING=1'1.\aging_boost[1]' from process `$paramod\VX_cp_arbiter\N=4\ENABLE_PRIORITY=1'1\ENABLE_AGING=1'1.$proc$/home/houdong/vortex/results/exp08/ppa/aging/arbiter_input.v:60$48'.
No latch inferred for signal `$paramod\VX_cp_arbiter\N=4\ENABLE_PRIORITY=1'1\ENABLE_AGING=1'1.\aging_boost[2]' from process `$paramod\VX_cp_arbiter\N=4\ENABLE_PRIORITY=1'1\ENABLE_AGING=1'1.$proc$/home/houdong/vortex/results/exp08/ppa/aging/arbiter_input.v:60$48'.
No latch inferred for signal `$paramod\VX_cp_arbiter\N=4\ENABLE_PRIORITY=1'1\ENABLE_AGING=1'1.\aging_boost[3]' from process `$paramod\VX_cp_arbiter\N=4\ENABLE_PRIORITY=1'1\ENABLE_AGING=1'1.$proc$/home/houdong/vortex/results/exp08/ppa/aging/arbiter_input.v:60$48'.
No latch inferred for signal `$paramod\VX_cp_arbiter\N=4\ENABLE_PRIORITY=1'1\ENABLE_AGING=1'1.\effective_priority[0]' from process `$paramod\VX_cp_arbiter\N=4\ENABLE_PRIORITY=1'1\ENABLE_AGING=1'1.$proc$/home/houdong/vortex/results/exp08/ppa/aging/arbiter_input.v:60$48'.
No latch inferred for signal `$paramod\VX_cp_arbiter\N=4\ENABLE_PRIORITY=1'1\ENABLE_AGING=1'1.\effective_priority[1]' from process `$paramod\VX_cp_arbiter\N=4\ENABLE_PRIORITY=1'1\ENABLE_AGING=1'1.$proc$/home/houdong/vortex/results/exp08/ppa/aging/arbiter_input.v:60$48'.
No latch inferred for signal `$paramod\VX_cp_arbiter\N=4\ENABLE_PRIORITY=1'1\ENABLE_AGING=1'1.\effective_priority[2]' from process `$paramod\VX_cp_arbiter\N=4\ENABLE_PRIORITY=1'1\ENABLE_AGING=1'1.$proc$/home/houdong/vortex/results/exp08/ppa/aging/arbiter_input.v:60$48'.
No latch inferred for signal `$paramod\VX_cp_arbiter\N=4\ENABLE_PRIORITY=1'1\ENABLE_AGING=1'1.\effective_priority[3]' from process `$paramod\VX_cp_arbiter\N=4\ENABLE_PRIORITY=1'1\ENABLE_AGING=1'1.$proc$/home/houdong/vortex/results/exp08/ppa/aging/arbiter_input.v:60$48'.

5.7. Executing PROC_DFF pass (convert process syncs to FFs).
Creating register for signal `$paramod\VX_cp_arbiter\N=4\ENABLE_PRIORITY=1'1\ENABLE_AGING=1'1.\rr_pointer' using process `$paramod\VX_cp_arbiter\N=4\ENABLE_PRIORITY=1'1\ENABLE_AGING=1'1.$proc$/home/houdong/vortex/results/exp08/ppa/aging/arbiter_input.v:98$147'.
  created $dff cell `$procdff$510' with positive edge clock.
Creating register for signal `$paramod\VX_cp_arbiter\N=4\ENABLE_PRIORITY=1'1\ENABLE_AGING=1'1.\j' using process `$paramod\VX_cp_arbiter\N=4\ENABLE_PRIORITY=1'1\ENABLE_AGING=1'1.$proc$/home/houdong/vortex/results/exp08/ppa/aging/arbiter_input.v:98$147'.
  created $dff cell `$procdff$511' with positive edge clock.
Creating register for signal `$paramod\VX_cp_arbiter\N=4\ENABLE_PRIORITY=1'1\ENABLE_AGING=1'1.$func$\sv2v_cast_E310E_signed$/home/houdong/vortex/results/exp08/ppa/aging/arbiter_input.v:106$34$\sv2v_cast_E310E_signed' using process `$paramod\VX_cp_arbiter\N=4\ENABLE_PRIORITY=1'1\ENABLE_AGING=1'1.$proc$/home/houdong/vortex/results/exp08/ppa/aging/arbiter_input.v:98$147'.
  created $dff cell `$procdff$512' with positive edge clock.
Creating register for signal `$paramod\VX_cp_arbiter\N=4\ENABLE_PRIORITY=1'1\ENABLE_AGING=1'1.$func$\sv2v_cast_E310E_signed$/home/houdong/vortex/results/exp08/ppa/aging/arbiter_input.v:106$34$\inp' using process `$paramod\VX_cp_arbiter\N=4\ENABLE_PRIORITY=1'1\ENABLE_AGING=1'1.$proc$/home/houdong/vortex/results/exp08/ppa/aging/arbiter_input.v:98$147'.
  created $dff cell `$procdff$513' with positive edge clock.
Creating register for signal `$paramod\VX_cp_arbiter\N=4\ENABLE_PRIORITY=1'1\ENABLE_AGING=1'1.$func$\sv2v_cast_E310E_signed$/home/houdong/vortex/results/exp08/ppa/aging/arbiter_input.v:109$35$\sv2v_cast_E310E_signed' using process `$paramod\VX_cp_arbiter\N=4\ENABLE_PRIORITY=1'1\ENABLE_AGING=1'1.$proc$/home/houdong/vortex/results/exp08/ppa/aging/arbiter_input.v:98$147'.
  created $dff cell `$procdff$514' with positive edge clock.
Creating register for signal `$paramod\VX_cp_arbiter\N=4\ENABLE_PRIORITY=1'1\ENABLE_AGING=1'1.$func$\sv2v_cast_E310E_signed$/home/houdong/vortex/results/exp08/ppa/aging/arbiter_input.v:109$35$\inp' using process `$paramod\VX_cp_arbiter\N=4\ENABLE_PRIORITY=1'1\ENABLE_AGING=1'1.$proc$/home/houdong/vortex/results/exp08/ppa/aging/arbiter_input.v:98$147'.
  created $dff cell `$procdff$515' with positive edge clock.
Creating register for signal `$paramod\VX_cp_arbiter\N=4\ENABLE_PRIORITY=1'1\ENABLE_AGING=1'1.$func$\sv2v_cast_E310E_signed$/home/houdong/vortex/results/exp08/ppa/aging/arbiter_input.v:112$40$\sv2v_cast_E310E_signed' using process `$paramod\VX_cp_arbiter\N=4\ENABLE_PRIORITY=1'1\ENABLE_AGING=1'1.$proc$/home/houdong/vortex/results/exp08/ppa/aging/arbiter_input.v:98$147'.
  created $dff cell `$procdff$516' with positive edge clock.
Creating register for signal `$paramod\VX_cp_arbiter\N=4\ENABLE_PRIORITY=1'1\ENABLE_AGING=1'1.$func$\sv2v_cast_E310E_signed$/home/houdong/vortex/results/exp08/ppa/aging/arbiter_input.v:112$40$\inp' using process `$paramod\VX_cp_arbiter\N=4\ENABLE_PRIORITY=1'1\ENABLE_AGING=1'1.$proc$/home/houdong/vortex/results/exp08/ppa/aging/arbiter_input.v:98$147'.
  created $dff cell `$procdff$517' with positive edge clock.
Creating register for signal `$paramod\VX_cp_arbiter\N=4\ENABLE_PRIORITY=1'1\ENABLE_AGING=1'1.$func$\sv2v_cast_E310E_signed$/home/houdong/vortex/results/exp08/ppa/aging/arbiter_input.v:112$41$\sv2v_cast_E310E_signed' using process `$paramod\VX_cp_arbiter\N=4\ENABLE_PRIORITY=1'1\ENABLE_AGING=1'1.$proc$/home/houdong/vortex/results/exp08/ppa/aging/arbiter_input.v:98$147'.
  created $dff cell `$procdff$518' with positive edge clock.
Creating register for signal `$paramod\VX_cp_arbiter\N=4\ENABLE_PRIORITY=1'1\ENABLE_AGING=1'1.$func$\sv2v_cast_E310E_signed$/home/houdong/vortex/results/exp08/ppa/aging/arbiter_input.v:112$41$\inp' using process `$paramod\VX_cp_arbiter\N=4\ENABLE_PRIORITY=1'1\ENABLE_AGING=1'1.$proc$/home/houdong/vortex/results/exp08/ppa/aging/arbiter_input.v:98$147'.
  created $dff cell `$procdff$519' with positive edge clock.
Creating register for signal `$paramod\VX_cp_arbiter\N=4\ENABLE_PRIORITY=1'1\ENABLE_AGING=1'1.$func$\sv2v_cast_E310E_signed$/home/houdong/vortex/results/exp08/ppa/aging/arbiter_input.v:112$42$\sv2v_cast_E310E_signed' using process `$paramod\VX_cp_arbiter\N=4\ENABLE_PRIORITY=1'1\ENABLE_AGING=1'1.$proc$/home/houdong/vortex/results/exp08/ppa/aging/arbiter_input.v:98$147'.
  created $dff cell `$procdff$520' with positive edge clock.
Creating register for signal `$paramod\VX_cp_arbiter\N=4\ENABLE_PRIORITY=1'1\ENABLE_AGING=1'1.$func$\sv2v_cast_E310E_signed$/home/houdong/vortex/results/exp08/ppa/aging/arbiter_input.v:112$42$\inp' using process `$paramod\VX_cp_arbiter\N=4\ENABLE_PRIORITY=1'1\ENABLE_AGING=1'1.$proc$/home/houdong/vortex/results/exp08/ppa/aging/arbiter_input.v:98$147'.
  created $dff cell `$procdff$521' with positive edge clock.
Creating register for signal `$paramod\VX_cp_arbiter\N=4\ENABLE_PRIORITY=1'1\ENABLE_AGING=1'1.$func$\sv2v_cast_E310E_signed$/home/houdong/vortex/results/exp08/ppa/aging/arbiter_input.v:112$43$\sv2v_cast_E310E_signed' using process `$paramod\VX_cp_arbiter\N=4\ENABLE_PRIORITY=1'1\ENABLE_AGING=1'1.$proc$/home/houdong/vortex/results/exp08/ppa/aging/arbiter_input.v:98$147'.
  created $dff cell `$procdff$522' with positive edge clock.
Creating register for signal `$paramod\VX_cp_arbiter\N=4\ENABLE_PRIORITY=1'1\ENABLE_AGING=1'1.$func$\sv2v_cast_E310E_signed$/home/houdong/vortex/results/exp08/ppa/aging/arbiter_input.v:112$43$\inp' using process `$paramod\VX_cp_arbiter\N=4\ENABLE_PRIORITY=1'1\ENABLE_AGING=1'1.$proc$/home/houdong/vortex/results/exp08/ppa/aging/arbiter_input.v:98$147'.
  created $dff cell `$procdff$523' with positive edge clock.
Creating register for signal `$paramod\VX_cp_arbiter\N=4\ENABLE_PRIORITY=1'1\ENABLE_AGING=1'1.\wait_counter[0]' using process `$paramod\VX_cp_arbiter\N=4\ENABLE_PRIORITY=1'1\ENABLE_AGING=1'1.$proc$/home/houdong/vortex/results/exp08/ppa/aging/arbiter_input.v:98$147'.
  created $dff cell `$procdff$524' with positive edge clock.
Creating register for signal `$paramod\VX_cp_arbiter\N=4\ENABLE_PRIORITY=1'1\ENABLE_AGING=1'1.\wait_counter[1]' using process `$paramod\VX_cp_arbiter\N=4\ENABLE_PRIORITY=1'1\ENABLE_AGING=1'1.$proc$/home/houdong/vortex/results/exp08/ppa/aging/arbiter_input.v:98$147'.
  created $dff cell `$procdff$525' with positive edge clock.
Creating register for signal `$paramod\VX_cp_arbiter\N=4\ENABLE_PRIORITY=1'1\ENABLE_AGING=1'1.\wait_counter[2]' using process `$paramod\VX_cp_arbiter\N=4\ENABLE_PRIORITY=1'1\ENABLE_AGING=1'1.$proc$/home/houdong/vortex/results/exp08/ppa/aging/arbiter_input.v:98$147'.
  created $dff cell `$procdff$526' with positive edge clock.
Creating register for signal `$paramod\VX_cp_arbiter\N=4\ENABLE_PRIORITY=1'1\ENABLE_AGING=1'1.\wait_counter[3]' using process `$paramod\VX_cp_arbiter\N=4\ENABLE_PRIORITY=1'1\ENABLE_AGING=1'1.$proc$/home/houdong/vortex/results/exp08/ppa/aging/arbiter_input.v:98$147'.
  created $dff cell `$procdff$527' with positive edge clock.

5.8. Executing PROC_CLEAN pass (remove empty switches from decision trees).
Removing empty process `$paramod\VX_cp_arbiter\N=4\ENABLE_PRIORITY=1'1\ENABLE_AGING=1'1.$proc$/home/houdong/vortex/results/exp08/ppa/aging/arbiter_input.v:117$232'.
Removing empty process `$paramod\VX_cp_arbiter\N=4\ENABLE_PRIORITY=1'1\ENABLE_AGING=1'1.$proc$/home/houdong/vortex/results/exp08/ppa/aging/arbiter_input.v:43$226'.
Removing empty process `$paramod\VX_cp_arbiter\N=4\ENABLE_PRIORITY=1'1\ENABLE_AGING=1'1.$proc$/home/houdong/vortex/results/exp08/ppa/aging/arbiter_input.v:43$220'.
Removing empty process `$paramod\VX_cp_arbiter\N=4\ENABLE_PRIORITY=1'1\ENABLE_AGING=1'1.$proc$/home/houdong/vortex/results/exp08/ppa/aging/arbiter_input.v:43$214'.
Removing empty process `$paramod\VX_cp_arbiter\N=4\ENABLE_PRIORITY=1'1\ENABLE_AGING=1'1.$proc$/home/houdong/vortex/results/exp08/ppa/aging/arbiter_input.v:43$208'.
Found and cleaned up 11 empty switches in `$paramod\VX_cp_arbiter\N=4\ENABLE_PRIORITY=1'1\ENABLE_AGING=1'1.$proc$/home/houdong/vortex/results/exp08/ppa/aging/arbiter_input.v:98$147'.
Removing empty process `$paramod\VX_cp_arbiter\N=4\ENABLE_PRIORITY=1'1\ENABLE_AGING=1'1.$proc$/home/houdong/vortex/results/exp08/ppa/aging/arbiter_input.v:98$147'.
Found and cleaned up 28 empty switches in `$paramod\VX_cp_arbiter\N=4\ENABLE_PRIORITY=1'1\ENABLE_AGING=1'1.$proc$/home/houdong/vortex/results/exp08/ppa/aging/arbiter_input.v:60$48'.
Removing empty process `$paramod\VX_cp_arbiter\N=4\ENABLE_PRIORITY=1'1\ENABLE_AGING=1'1.$proc$/home/houdong/vortex/results/exp08/ppa/aging/arbiter_input.v:60$48'.
Cleaned up 39 empty switches.

6. Executing OPT pass (performing simple optimizations).

6.1. Executing OPT_EXPR pass (perform const folding).
Optimizing module $paramod\VX_cp_arbiter\N=4\ENABLE_PRIORITY=1'1\ENABLE_AGING=1'1.
<suppressed ~17 debug messages>
Optimizing module VX_cp_arbiter_top.

6.2. Executing OPT_MERGE pass (detect identical cells).
Finding identical cells in module `$paramod\VX_cp_arbiter\N=4\ENABLE_PRIORITY=1'1\ENABLE_AGING=1'1'.
<suppressed ~60 debug messages>
Finding identical cells in module `\VX_cp_arbiter_top'.
Removed a total of 20 cells.

6.3. Executing OPT_MUXTREE pass (detect dead branches in mux trees).
Running muxtree optimizer on module $paramod\VX_cp_arbiter\N=4\ENABLE_PRIORITY=1'1\ENABLE_AGING=1'1..
  Creating internal representation of mux trees.
  Evaluating internal representation of mux trees.
  Analyzing evaluation results.
    dead port 1/2 on $mux $procmux$457.
    dead port 1/2 on $mux $procmux$454.
    dead port 1/2 on $mux $procmux$442.
    dead port 1/2 on $mux $procmux$436.
    dead port 1/2 on $mux $procmux$433.
    dead port 1/2 on $mux $procmux$409.
    dead port 2/2 on $mux $procmux$409.
    dead port 1/2 on $mux $procmux$406.
    dead port 2/2 on $mux $procmux$406.
    dead port 1/2 on $mux $procmux$394.
    dead port 2/2 on $mux $procmux$394.
    dead port 1/2 on $mux $procmux$391.
    dead port 2/2 on $mux $procmux$391.
    dead port 1/2 on $mux $procmux$379.
    dead port 2/2 on $mux $procmux$379.
    dead port 1/2 on $mux $procmux$376.
    dead port 2/2 on $mux $procmux$376.
    dead port 1/2 on $mux $procmux$364.
    dead port 2/2 on $mux $procmux$364.
    dead port 1/2 on $mux $procmux$361.
    dead port 2/2 on $mux $procmux$361.
    dead port 1/2 on $mux $procmux$311.
    dead port 2/2 on $mux $procmux$311.
    dead port 1/2 on $mux $procmux$308.
    dead port 2/2 on $mux $procmux$308.
    dead port 1/2 on $mux $procmux$305.
    dead port 2/2 on $mux $procmux$305.
    dead port 1/2 on $mux $procmux$302.
    dead port 2/2 on $mux $procmux$302.
    dead port 1/2 on $mux $procmux$299.
    dead port 2/2 on $mux $procmux$299.
    dead port 1/2 on $mux $procmux$296.
    dead port 2/2 on $mux $procmux$296.
    dead port 1/2 on $mux $procmux$293.
    dead port 2/2 on $mux $procmux$293.
    dead port 1/2 on $mux $procmux$290.
    dead port 2/2 on $mux $procmux$290.
    dead port 1/2 on $mux $procmux$287.
    dead port 2/2 on $mux $procmux$287.
    dead port 1/2 on $mux $procmux$284.
    dead port 2/2 on $mux $procmux$284.
    dead port 1/2 on $mux $procmux$281.
    dead port 2/2 on $mux $procmux$281.
    dead port 1/2 on $mux $procmux$278.
    dead port 2/2 on $mux $procmux$278.
    dead port 1/2 on $mux $procmux$273.
    dead port 2/2 on $mux $procmux$273.
    dead port 1/2 on $mux $procmux$270.
    dead port 2/2 on $mux $procmux$270.
    dead port 1/2 on $mux $procmux$267.
    dead port 2/2 on $mux $procmux$267.
    dead port 1/2 on $mux $procmux$264.
    dead port 2/2 on $mux $procmux$264.
    dead port 1/2 on $mux $procmux$261.
    dead port 2/2 on $mux $procmux$261.
    dead port 1/2 on $mux $procmux$258.
    dead port 2/2 on $mux $procmux$258.
    dead port 1/2 on $mux $procmux$255.
    dead port 2/2 on $mux $procmux$255.
    dead port 1/2 on $mux $procmux$252.
    dead port 2/2 on $mux $procmux$252.
    dead port 1/2 on $mux $procmux$249.
    dead port 2/2 on $mux $procmux$249.
    dead port 1/2 on $mux $procmux$246.
    dead port 2/2 on $mux $procmux$246.
    dead port 1/2 on $mux $procmux$244.
    dead port 2/2 on $mux $procmux$244.
    dead port 1/2 on $mux $procmux$240.
    dead port 2/2 on $mux $procmux$240.
    dead port 1/2 on $mux $procmux$237.
    dead port 2/2 on $mux $procmux$237.
    dead port 1/2 on $mux $procmux$235.
    dead port 2/2 on $mux $procmux$235.
    dead port 1/2 on $mux $procmux$505.
    dead port 1/2 on $mux $procmux$463.
    dead port 1/2 on $mux $procmux$499.
    dead port 1/2 on $mux $procmux$496.
    dead port 1/2 on $mux $procmux$484.
    dead port 1/2 on $mux $procmux$478.
    dead port 1/2 on $mux $procmux$475.
Running muxtree optimizer on module \VX_cp_arbiter_top..
  Creating internal representation of mux trees.
  No muxes found in this module.
Removed 80 multiplexer ports.
<suppressed ~26 debug messages>

6.4. Executing OPT_REDUCE pass (consolidate $*mux and $reduce_* inputs).
  Optimizing cells in module $paramod\VX_cp_arbiter\N=4\ENABLE_PRIORITY=1'1\ENABLE_AGING=1'1.
  Optimizing cells in module \VX_cp_arbiter_top.
Performed a total of 0 changes.

6.5. Executing OPT_MERGE pass (detect identical cells).
Finding identical cells in module `$paramod\VX_cp_arbiter\N=4\ENABLE_PRIORITY=1'1\ENABLE_AGING=1'1'.
Finding identical cells in module `\VX_cp_arbiter_top'.
Removed a total of 0 cells.

6.6. Executing OPT_RMDFF pass (remove dff with constant values).
Removing $procdff$513 ($dff) from module $paramod\VX_cp_arbiter\N=4\ENABLE_PRIORITY=1'1\ENABLE_AGING=1'1.
Removing $procdff$511 ($dff) from module $paramod\VX_cp_arbiter\N=4\ENABLE_PRIORITY=1'1\ENABLE_AGING=1'1.
Replaced 2 DFF cells.

6.7. Executing OPT_CLEAN pass (remove unused cells and wires).
Finding unused cells or wires in module $paramod\VX_cp_arbiter\N=4\ENABLE_PRIORITY=1'1\ENABLE_AGING=1'1..
Finding unused cells or wires in module \VX_cp_arbiter_top..
Removed 0 unused cells and 348 unused wires.
<suppressed ~2 debug messages>

6.8. Executing OPT_EXPR pass (perform const folding).
Optimizing module $paramod\VX_cp_arbiter\N=4\ENABLE_PRIORITY=1'1\ENABLE_AGING=1'1.
Optimizing module VX_cp_arbiter_top.

6.9. Rerunning OPT passes. (Maybe there is more to do..)

6.10. Executing OPT_MUXTREE pass (detect dead branches in mux trees).
Running muxtree optimizer on module $paramod\VX_cp_arbiter\N=4\ENABLE_PRIORITY=1'1\ENABLE_AGING=1'1..
  Creating internal representation of mux trees.
  Evaluating internal representation of mux trees.
  Analyzing evaluation results.
Running muxtree optimizer on module \VX_cp_arbiter_top..
  Creating internal representation of mux trees.
  No muxes found in this module.
Removed 0 multiplexer ports.
<suppressed ~26 debug messages>

6.11. Executing OPT_REDUCE pass (consolidate $*mux and $reduce_* inputs).
  Optimizing cells in module $paramod\VX_cp_arbiter\N=4\ENABLE_PRIORITY=1'1\ENABLE_AGING=1'1.
  Optimizing cells in module \VX_cp_arbiter_top.
Performed a total of 0 changes.

6.12. Executing OPT_MERGE pass (detect identical cells).
Finding identical cells in module `$paramod\VX_cp_arbiter\N=4\ENABLE_PRIORITY=1'1\ENABLE_AGING=1'1'.
Finding identical cells in module `\VX_cp_arbiter_top'.
Removed a total of 0 cells.

6.13. Executing OPT_RMDFF pass (remove dff with constant values).

6.14. Executing OPT_CLEAN pass (remove unused cells and wires).
Finding unused cells or wires in module $paramod\VX_cp_arbiter\N=4\ENABLE_PRIORITY=1'1\ENABLE_AGING=1'1..
Finding unused cells or wires in module \VX_cp_arbiter_top..

6.15. Executing OPT_EXPR pass (perform const folding).
Optimizing module $paramod\VX_cp_arbiter\N=4\ENABLE_PRIORITY=1'1\ENABLE_AGING=1'1.
Optimizing module VX_cp_arbiter_top.

6.16. Finished OPT passes. (There is nothing left to do.)

7. Executing FSM pass (extract and optimize FSM).

7.1. Executing FSM_DETECT pass (finding FSMs in design).

7.2. Executing FSM_EXTRACT pass (extracting FSM from design).

7.3. Executing FSM_OPT pass (simple optimizations of FSMs).

7.4. Executing OPT_CLEAN pass (remove unused cells and wires).
Finding unused cells or wires in module $paramod\VX_cp_arbiter\N=4\ENABLE_PRIORITY=1'1\ENABLE_AGING=1'1..
Finding unused cells or wires in module \VX_cp_arbiter_top..

7.5. Executing FSM_OPT pass (simple optimizations of FSMs).

7.6. Executing FSM_RECODE pass (re-assigning FSM state encoding).

7.7. Executing FSM_INFO pass (dumping all available information on FSM cells).

7.8. Executing FSM_MAP pass (mapping FSMs to basic logic).

8. Executing OPT pass (performing simple optimizations).

8.1. Executing OPT_EXPR pass (perform const folding).
Optimizing module $paramod\VX_cp_arbiter\N=4\ENABLE_PRIORITY=1'1\ENABLE_AGING=1'1.
Optimizing module VX_cp_arbiter_top.

8.2. Executing OPT_MERGE pass (detect identical cells).
Finding identical cells in module `$paramod\VX_cp_arbiter\N=4\ENABLE_PRIORITY=1'1\ENABLE_AGING=1'1'.
Finding identical cells in module `\VX_cp_arbiter_top'.
Removed a total of 0 cells.

8.3. Executing OPT_MUXTREE pass (detect dead branches in mux trees).
Running muxtree optimizer on module $paramod\VX_cp_arbiter\N=4\ENABLE_PRIORITY=1'1\ENABLE_AGING=1'1..
  Creating internal representation of mux trees.
  Evaluating internal representation of mux trees.
  Analyzing evaluation results.
Running muxtree optimizer on module \VX_cp_arbiter_top..
  Creating internal representation of mux trees.
  No muxes found in this module.
Removed 0 multiplexer ports.
<suppressed ~26 debug messages>

8.4. Executing OPT_REDUCE pass (consolidate $*mux and $reduce_* inputs).
  Optimizing cells in module $paramod\VX_cp_arbiter\N=4\ENABLE_PRIORITY=1'1\ENABLE_AGING=1'1.
  Optimizing cells in module \VX_cp_arbiter_top.
Performed a total of 0 changes.

8.5. Executing OPT_MERGE pass (detect identical cells).
Finding identical cells in module `$paramod\VX_cp_arbiter\N=4\ENABLE_PRIORITY=1'1\ENABLE_AGING=1'1'.
Finding identical cells in module `\VX_cp_arbiter_top'.
Removed a total of 0 cells.

8.6. Executing OPT_RMDFF pass (remove dff with constant values).

8.7. Executing OPT_CLEAN pass (remove unused cells and wires).
Finding unused cells or wires in module $paramod\VX_cp_arbiter\N=4\ENABLE_PRIORITY=1'1\ENABLE_AGING=1'1..
Finding unused cells or wires in module \VX_cp_arbiter_top..

8.8. Executing OPT_EXPR pass (perform const folding).
Optimizing module $paramod\VX_cp_arbiter\N=4\ENABLE_PRIORITY=1'1\ENABLE_AGING=1'1.
Optimizing module VX_cp_arbiter_top.

8.9. Finished OPT passes. (There is nothing left to do.)

9. Executing MEMORY pass.

9.1. Executing MEMORY_DFF pass (merging $dff cells to $memrd and $memwr).

9.2. Executing OPT_CLEAN pass (remove unused cells and wires).
Finding unused cells or wires in module $paramod\VX_cp_arbiter\N=4\ENABLE_PRIORITY=1'1\ENABLE_AGING=1'1..
Finding unused cells or wires in module \VX_cp_arbiter_top..

9.3. Executing MEMORY_SHARE pass (consolidating $memrd/$memwr cells).

9.4. Executing OPT_CLEAN pass (remove unused cells and wires).
Finding unused cells or wires in module $paramod\VX_cp_arbiter\N=4\ENABLE_PRIORITY=1'1\ENABLE_AGING=1'1..
Finding unused cells or wires in module \VX_cp_arbiter_top..

9.5. Executing MEMORY_COLLECT pass (generating $mem cells).

9.6. Executing MEMORY_MAP pass (converting $mem cells to logic and flip-flops).

10. Executing OPT pass (performing simple optimizations).

10.1. Executing OPT_EXPR pass (perform const folding).
Optimizing module $paramod\VX_cp_arbiter\N=4\ENABLE_PRIORITY=1'1\ENABLE_AGING=1'1.
Optimizing module VX_cp_arbiter_top.

10.2. Executing OPT_MERGE pass (detect identical cells).
Finding identical cells in module `$paramod\VX_cp_arbiter\N=4\ENABLE_PRIORITY=1'1\ENABLE_AGING=1'1'.
Finding identical cells in module `\VX_cp_arbiter_top'.
Removed a total of 0 cells.

10.3. Executing OPT_MUXTREE pass (detect dead branches in mux trees).
Running muxtree optimizer on module $paramod\VX_cp_arbiter\N=4\ENABLE_PRIORITY=1'1\ENABLE_AGING=1'1..
  Creating internal representation of mux trees.
  Evaluating internal representation of mux trees.
  Analyzing evaluation results.
Running muxtree optimizer on module \VX_cp_arbiter_top..
  Creating internal representation of mux trees.
  No muxes found in this module.
Removed 0 multiplexer ports.
<suppressed ~26 debug messages>

10.4. Executing OPT_REDUCE pass (consolidate $*mux and $reduce_* inputs).
  Optimizing cells in module $paramod\VX_cp_arbiter\N=4\ENABLE_PRIORITY=1'1\ENABLE_AGING=1'1.
  Optimizing cells in module \VX_cp_arbiter_top.
Performed a total of 0 changes.

10.5. Executing OPT_MERGE pass (detect identical cells).
Finding identical cells in module `$paramod\VX_cp_arbiter\N=4\ENABLE_PRIORITY=1'1\ENABLE_AGING=1'1'.
Finding identical cells in module `\VX_cp_arbiter_top'.
Removed a total of 0 cells.

10.6. Executing OPT_RMDFF pass (remove dff with constant values).

10.7. Executing OPT_CLEAN pass (remove unused cells and wires).
Finding unused cells or wires in module $paramod\VX_cp_arbiter\N=4\ENABLE_PRIORITY=1'1\ENABLE_AGING=1'1..
Finding unused cells or wires in module \VX_cp_arbiter_top..

10.8. Executing OPT_EXPR pass (perform const folding).
Optimizing module $paramod\VX_cp_arbiter\N=4\ENABLE_PRIORITY=1'1\ENABLE_AGING=1'1.
Optimizing module VX_cp_arbiter_top.

10.9. Finished OPT passes. (There is nothing left to do.)

11. Executing MEMORY_MAP pass (converting $mem cells to logic and flip-flops).

12. Executing OPT pass (performing simple optimizations).

12.1. Executing OPT_EXPR pass (perform const folding).
Optimizing module $paramod\VX_cp_arbiter\N=4\ENABLE_PRIORITY=1'1\ENABLE_AGING=1'1.
Optimizing module VX_cp_arbiter_top.

12.2. Executing OPT_MERGE pass (detect identical cells).
Finding identical cells in module `$paramod\VX_cp_arbiter\N=4\ENABLE_PRIORITY=1'1\ENABLE_AGING=1'1'.
Finding identical cells in module `\VX_cp_arbiter_top'.
Removed a total of 0 cells.

12.3. Executing OPT_MUXTREE pass (detect dead branches in mux trees).
Running muxtree optimizer on module $paramod\VX_cp_arbiter\N=4\ENABLE_PRIORITY=1'1\ENABLE_AGING=1'1..
  Creating internal representation of mux trees.
  Evaluating internal representation of mux trees.
  Analyzing evaluation results.
Running muxtree optimizer on module \VX_cp_arbiter_top..
  Creating internal representation of mux trees.
  No muxes found in this module.
Removed 0 multiplexer ports.
<suppressed ~26 debug messages>

12.4. Executing OPT_REDUCE pass (consolidate $*mux and $reduce_* inputs).
  Optimizing cells in module $paramod\VX_cp_arbiter\N=4\ENABLE_PRIORITY=1'1\ENABLE_AGING=1'1.
  Optimizing cells in module \VX_cp_arbiter_top.
Performed a total of 0 changes.

12.5. Executing OPT_MERGE pass (detect identical cells).
Finding identical cells in module `$paramod\VX_cp_arbiter\N=4\ENABLE_PRIORITY=1'1\ENABLE_AGING=1'1'.
Finding identical cells in module `\VX_cp_arbiter_top'.
Removed a total of 0 cells.

12.6. Executing OPT_RMDFF pass (remove dff with constant values).

12.7. Executing OPT_CLEAN pass (remove unused cells and wires).
Finding unused cells or wires in module $paramod\VX_cp_arbiter\N=4\ENABLE_PRIORITY=1'1\ENABLE_AGING=1'1..
Finding unused cells or wires in module \VX_cp_arbiter_top..

12.8. Executing OPT_EXPR pass (perform const folding).
Optimizing module $paramod\VX_cp_arbiter\N=4\ENABLE_PRIORITY=1'1\ENABLE_AGING=1'1.
Optimizing module VX_cp_arbiter_top.

12.9. Finished OPT passes. (There is nothing left to do.)

13. Executing ALUMACC pass (create $alu and $macc cells).
Extracting $alu and $macc cells in module $paramod\VX_cp_arbiter\N=4\ENABLE_PRIORITY=1'1\ENABLE_AGING=1'1:
  creating $macc model for $add$/home/houdong/vortex/results/exp08/ppa/aging/arbiter_input.v:109$179 ($add).
  creating $macc model for $add$/home/houdong/vortex/results/exp08/ppa/aging/arbiter_input.v:115$186 ($add).
  creating $macc model for $add$/home/houdong/vortex/results/exp08/ppa/aging/arbiter_input.v:115$193 ($add).
  creating $macc model for $add$/home/houdong/vortex/results/exp08/ppa/aging/arbiter_input.v:115$200 ($add).
  creating $macc model for $add$/home/houdong/vortex/results/exp08/ppa/aging/arbiter_input.v:115$207 ($add).
  creating $macc model for $add$/home/houdong/vortex/results/exp08/ppa/aging/arbiter_input.v:73$71 ($add).
  creating $macc model for $add$/home/houdong/vortex/results/exp08/ppa/aging/arbiter_input.v:73$78 ($add).
  creating $macc model for $add$/home/houdong/vortex/results/exp08/ppa/aging/arbiter_input.v:73$85 ($add).
  creating $macc model for $add$/home/houdong/vortex/results/exp08/ppa/aging/arbiter_input.v:73$92 ($add).
  creating $macc model for $add$/home/houdong/vortex/results/exp08/ppa/aging/arbiter_input.v:76$73 ($add).
  creating $macc model for $add$/home/houdong/vortex/results/exp08/ppa/aging/arbiter_input.v:76$80 ($add).
  creating $macc model for $add$/home/houdong/vortex/results/exp08/ppa/aging/arbiter_input.v:76$87 ($add).
  creating $macc model for $add$/home/houdong/vortex/results/exp08/ppa/aging/arbiter_input.v:76$94 ($add).
  creating $macc model for $add$/home/houdong/vortex/results/exp08/ppa/aging/arbiter_input.v:89$123 ($add).
  creating $macc model for $add$/home/houdong/vortex/results/exp08/ppa/aging/arbiter_input.v:89$131 ($add).
  creating $macc model for $add$/home/houdong/vortex/results/exp08/ppa/aging/arbiter_input.v:89$139 ($add).
  creating $macc model for $sub$/home/houdong/vortex/results/exp08/ppa/aging/arbiter_input.v:91$117 ($sub).
  creating $macc model for $sub$/home/houdong/vortex/results/exp08/ppa/aging/arbiter_input.v:91$125 ($sub).
  creating $macc model for $sub$/home/houdong/vortex/results/exp08/ppa/aging/arbiter_input.v:91$133 ($sub).
  creating $macc model for $sub$/home/houdong/vortex/results/exp08/ppa/aging/arbiter_input.v:91$141 ($sub).
  creating $alu model for $macc $sub$/home/houdong/vortex/results/exp08/ppa/aging/arbiter_input.v:91$141.
  creating $alu model for $macc $sub$/home/houdong/vortex/results/exp08/ppa/aging/arbiter_input.v:91$133.
  creating $alu model for $macc $sub$/home/houdong/vortex/results/exp08/ppa/aging/arbiter_input.v:91$125.
  creating $alu model for $macc $sub$/home/houdong/vortex/results/exp08/ppa/aging/arbiter_input.v:91$117.
  creating $alu model for $macc $add$/home/houdong/vortex/results/exp08/ppa/aging/arbiter_input.v:89$139.
  creating $alu model for $macc $add$/home/houdong/vortex/results/exp08/ppa/aging/arbiter_input.v:89$131.
  creating $alu model for $macc $add$/home/houdong/vortex/results/exp08/ppa/aging/arbiter_input.v:89$123.
  creating $alu model for $macc $add$/home/houdong/vortex/results/exp08/ppa/aging/arbiter_input.v:76$94.
  creating $alu model for $macc $add$/home/houdong/vortex/results/exp08/ppa/aging/arbiter_input.v:76$87.
  creating $alu model for $macc $add$/home/houdong/vortex/results/exp08/ppa/aging/arbiter_input.v:76$80.
  creating $alu model for $macc $add$/home/houdong/vortex/results/exp08/ppa/aging/arbiter_input.v:76$73.
  creating $alu model for $macc $add$/home/houdong/vortex/results/exp08/ppa/aging/arbiter_input.v:73$92.
  creating $alu model for $macc $add$/home/houdong/vortex/results/exp08/ppa/aging/arbiter_input.v:73$85.
  creating $alu model for $macc $add$/home/houdong/vortex/results/exp08/ppa/aging/arbiter_input.v:73$78.
  creating $alu model for $macc $add$/home/houdong/vortex/results/exp08/ppa/aging/arbiter_input.v:73$71.
  creating $alu model for $macc $add$/home/houdong/vortex/results/exp08/ppa/aging/arbiter_input.v:115$207.
  creating $alu model for $macc $add$/home/houdong/vortex/results/exp08/ppa/aging/arbiter_input.v:115$200.
  creating $alu model for $macc $add$/home/houdong/vortex/results/exp08/ppa/aging/arbiter_input.v:115$193.
  creating $alu model for $macc $add$/home/houdong/vortex/results/exp08/ppa/aging/arbiter_input.v:115$186.
  creating $alu model for $macc $add$/home/houdong/vortex/results/exp08/ppa/aging/arbiter_input.v:109$179.
  creating $alu model for $ge$/home/houdong/vortex/results/exp08/ppa/aging/arbiter_input.v:73$72 ($ge): new $alu
  creating $alu model for $ge$/home/houdong/vortex/results/exp08/ppa/aging/arbiter_input.v:73$79 ($ge): new $alu
  creating $alu model for $ge$/home/houdong/vortex/results/exp08/ppa/aging/arbiter_input.v:73$86 ($ge): new $alu
  creating $alu model for $ge$/home/houdong/vortex/results/exp08/ppa/aging/arbiter_input.v:73$93 ($ge): new $alu
  creating $alu model for $ge$/home/houdong/vortex/results/exp08/ppa/aging/arbiter_input.v:90$116 ($ge): new $alu
  creating $alu model for $ge$/home/houdong/vortex/results/exp08/ppa/aging/arbiter_input.v:90$124 ($ge): merged with $sub$/home/houdong/vortex/results/exp08/ppa/aging/arbiter_input.v:91$125.
  creating $alu model for $ge$/home/houdong/vortex/results/exp08/ppa/aging/arbiter_input.v:90$132 ($ge): merged with $sub$/home/houdong/vortex/results/exp08/ppa/aging/arbiter_input.v:91$133.
  creating $alu model for $ge$/home/houdong/vortex/results/exp08/ppa/aging/arbiter_input.v:90$140 ($ge): merged with $sub$/home/houdong/vortex/results/exp08/ppa/aging/arbiter_input.v:91$141.
  creating $alu model for $gt$/home/houdong/vortex/results/exp08/ppa/aging/arbiter_input.v:80$101 ($gt): new $alu
  creating $alu model for $gt$/home/houdong/vortex/results/exp08/ppa/aging/arbiter_input.v:80$95 ($gt): new $alu
  creating $alu model for $gt$/home/houdong/vortex/results/exp08/ppa/aging/arbiter_input.v:80$97 ($gt): new $alu
  creating $alu model for $gt$/home/houdong/vortex/results/exp08/ppa/aging/arbiter_input.v:80$99 ($gt): new $alu
  creating $alu model for $lt$/home/houdong/vortex/results/exp08/ppa/aging/arbiter_input.v:65$67 ($lt): new $alu
  creating $alu model for $lt$/home/houdong/vortex/results/exp08/ppa/aging/arbiter_input.v:65$74 ($lt): new $alu
  creating $alu model for $lt$/home/houdong/vortex/results/exp08/ppa/aging/arbiter_input.v:65$81 ($lt): new $alu
  creating $alu model for $lt$/home/houdong/vortex/results/exp08/ppa/aging/arbiter_input.v:65$88 ($lt): new $alu
  creating $alu model for $lt$/home/houdong/vortex/results/exp08/ppa/aging/arbiter_input.v:67$69 ($lt): new $alu
  creating $alu model for $lt$/home/houdong/vortex/results/exp08/ppa/aging/arbiter_input.v:67$76 ($lt): new $alu
  creating $alu model for $lt$/home/houdong/vortex/results/exp08/ppa/aging/arbiter_input.v:67$83 ($lt): new $alu
  creating $alu model for $lt$/home/houdong/vortex/results/exp08/ppa/aging/arbiter_input.v:67$90 ($lt): new $alu
  creating $alu model for $lt$/home/houdong/vortex/results/exp08/ppa/aging/arbiter_input.v:69$70 ($lt): new $alu
  creating $alu model for $lt$/home/houdong/vortex/results/exp08/ppa/aging/arbiter_input.v:69$77 ($lt): new $alu
  creating $alu model for $lt$/home/houdong/vortex/results/exp08/ppa/aging/arbiter_input.v:69$84 ($lt): new $alu
  creating $alu model for $lt$/home/houdong/vortex/results/exp08/ppa/aging/arbiter_input.v:69$91 ($lt): new $alu
  creating $alu cell for $lt$/home/houdong/vortex/results/exp08/ppa/aging/arbiter_input.v:69$91: $auto$alumacc.cc:474:replace_alu$549
  creating $alu cell for $lt$/home/houdong/vortex/results/exp08/ppa/aging/arbiter_input.v:69$84: $auto$alumacc.cc:474:replace_alu$560
  creating $alu cell for $lt$/home/houdong/vortex/results/exp08/ppa/aging/arbiter_input.v:69$77: $auto$alumacc.cc:474:replace_alu$571
  creating $alu cell for $lt$/home/houdong/vortex/results/exp08/ppa/aging/arbiter_input.v:69$70: $auto$alumacc.cc:474:replace_alu$582
  creating $alu cell for $lt$/home/houdong/vortex/results/exp08/ppa/aging/arbiter_input.v:67$90: $auto$alumacc.cc:474:replace_alu$593
  creating $alu cell for $lt$/home/houdong/vortex/results/exp08/ppa/aging/arbiter_input.v:67$83: $auto$alumacc.cc:474:replace_alu$604
  creating $alu cell for $lt$/home/houdong/vortex/results/exp08/ppa/aging/arbiter_input.v:67$76: $auto$alumacc.cc:474:replace_alu$615
  creating $alu cell for $lt$/home/houdong/vortex/results/exp08/ppa/aging/arbiter_input.v:67$69: $auto$alumacc.cc:474:replace_alu$626
  creating $alu cell for $lt$/home/houdong/vortex/results/exp08/ppa/aging/arbiter_input.v:65$88: $auto$alumacc.cc:474:replace_alu$637
  creating $alu cell for $lt$/home/houdong/vortex/results/exp08/ppa/aging/arbiter_input.v:65$81: $auto$alumacc.cc:474:replace_alu$648
  creating $alu cell for $lt$/home/houdong/vortex/results/exp08/ppa/aging/arbiter_input.v:65$74: $auto$alumacc.cc:474:replace_alu$659
  creating $alu cell for $lt$/home/houdong/vortex/results/exp08/ppa/aging/arbiter_input.v:65$67: $auto$alumacc.cc:474:replace_alu$670
  creating $alu cell for $gt$/home/houdong/vortex/results/exp08/ppa/aging/arbiter_input.v:80$99: $auto$alumacc.cc:474:replace_alu$681
  creating $alu cell for $gt$/home/houdong/vortex/results/exp08/ppa/aging/arbiter_input.v:80$97: $auto$alumacc.cc:474:replace_alu$692
  creating $alu cell for $gt$/home/houdong/vortex/results/exp08/ppa/aging/arbiter_input.v:80$95: $auto$alumacc.cc:474:replace_alu$703
  creating $alu cell for $gt$/home/houdong/vortex/results/exp08/ppa/aging/arbiter_input.v:80$101: $auto$alumacc.cc:474:replace_alu$708
  creating $alu cell for $ge$/home/houdong/vortex/results/exp08/ppa/aging/arbiter_input.v:90$116: $auto$alumacc.cc:474:replace_alu$719
  creating $alu cell for $ge$/home/houdong/vortex/results/exp08/ppa/aging/arbiter_input.v:73$93: $auto$alumacc.cc:474:replace_alu$730
  creating $alu cell for $ge$/home/houdong/vortex/results/exp08/ppa/aging/arbiter_input.v:73$86: $auto$alumacc.cc:474:replace_alu$739
  creating $alu cell for $ge$/home/houdong/vortex/results/exp08/ppa/aging/arbiter_input.v:73$79: $auto$alumacc.cc:474:replace_alu$748
  creating $alu cell for $ge$/home/houdong/vortex/results/exp08/ppa/aging/arbiter_input.v:73$72: $auto$alumacc.cc:474:replace_alu$761
  creating $alu cell for $add$/home/houdong/vortex/results/exp08/ppa/aging/arbiter_input.v:109$179: $auto$alumacc.cc:474:replace_alu$774
  creating $alu cell for $add$/home/houdong/vortex/results/exp08/ppa/aging/arbiter_input.v:115$186: $auto$alumacc.cc:474:replace_alu$777
  creating $alu cell for $add$/home/houdong/vortex/results/exp08/ppa/aging/arbiter_input.v:115$193: $auto$alumacc.cc:474:replace_alu$780
  creating $alu cell for $add$/home/houdong/vortex/results/exp08/ppa/aging/arbiter_input.v:115$200: $auto$alumacc.cc:474:replace_alu$783
  creating $alu cell for $add$/home/houdong/vortex/results/exp08/ppa/aging/arbiter_input.v:115$207: $auto$alumacc.cc:474:replace_alu$786
  creating $alu cell for $add$/home/houdong/vortex/results/exp08/ppa/aging/arbiter_input.v:73$71: $auto$alumacc.cc:474:replace_alu$789
  creating $alu cell for $add$/home/houdong/vortex/results/exp08/ppa/aging/arbiter_input.v:73$78: $auto$alumacc.cc:474:replace_alu$792
  creating $alu cell for $add$/home/houdong/vortex/results/exp08/ppa/aging/arbiter_input.v:73$85: $auto$alumacc.cc:474:replace_alu$795
  creating $alu cell for $add$/home/houdong/vortex/results/exp08/ppa/aging/arbiter_input.v:73$92: $auto$alumacc.cc:474:replace_alu$798
  creating $alu cell for $add$/home/houdong/vortex/results/exp08/ppa/aging/arbiter_input.v:76$73: $auto$alumacc.cc:474:replace_alu$801
  creating $alu cell for $add$/home/houdong/vortex/results/exp08/ppa/aging/arbiter_input.v:76$80: $auto$alumacc.cc:474:replace_alu$804
  creating $alu cell for $add$/home/houdong/vortex/results/exp08/ppa/aging/arbiter_input.v:76$87: $auto$alumacc.cc:474:replace_alu$807
  creating $alu cell for $add$/home/houdong/vortex/results/exp08/ppa/aging/arbiter_input.v:76$94: $auto$alumacc.cc:474:replace_alu$810
  creating $alu cell for $add$/home/houdong/vortex/results/exp08/ppa/aging/arbiter_input.v:89$123: $auto$alumacc.cc:474:replace_alu$813
  creating $alu cell for $add$/home/houdong/vortex/results/exp08/ppa/aging/arbiter_input.v:89$131: $auto$alumacc.cc:474:replace_alu$816
  creating $alu cell for $add$/home/houdong/vortex/results/exp08/ppa/aging/arbiter_input.v:89$139: $auto$alumacc.cc:474:replace_alu$819
  creating $alu cell for $sub$/home/houdong/vortex/results/exp08/ppa/aging/arbiter_input.v:91$117: $auto$alumacc.cc:474:replace_alu$822
  creating $alu cell for $sub$/home/houdong/vortex/results/exp08/ppa/aging/arbiter_input.v:91$125, $ge$/home/houdong/vortex/results/exp08/ppa/aging/arbiter_input.v:90$124: $auto$alumacc.cc:474:replace_alu$825
  creating $alu cell for $sub$/home/houdong/vortex/results/exp08/ppa/aging/arbiter_input.v:91$133, $ge$/home/houdong/vortex/results/exp08/ppa/aging/arbiter_input.v:90$132: $auto$alumacc.cc:474:replace_alu$840
  creating $alu cell for $sub$/home/houdong/vortex/results/exp08/ppa/aging/arbiter_input.v:91$141, $ge$/home/houdong/vortex/results/exp08/ppa/aging/arbiter_input.v:90$140: $auto$alumacc.cc:474:replace_alu$855
  created 41 $alu and 0 $macc cells.
Extracting $alu and $macc cells in module VX_cp_arbiter_top:
  created 0 $alu and 0 $macc cells.

14. Executing WREDUCE pass (reducing word size of cells).
Removed top 1 bits (of 2) from port B of cell $paramod\VX_cp_arbiter\N=4\ENABLE_PRIORITY=1'1\ENABLE_AGING=1'1.$eq$/home/houdong/vortex/results/exp08/ppa/aging/arbiter_input.v:50$218 ($eq).
Removed top 1 bits (of 2) from mux cell $paramod\VX_cp_arbiter\N=4\ENABLE_PRIORITY=1'1\ENABLE_AGING=1'1.$procmux$430 ($mux).
Removed top 1 bits (of 2) from mux cell $paramod\VX_cp_arbiter\N=4\ENABLE_PRIORITY=1'1\ENABLE_AGING=1'1.$procmux$451 ($mux).
Removed top 1 bits (of 2) from mux cell $paramod\VX_cp_arbiter\N=4\ENABLE_PRIORITY=1'1\ENABLE_AGING=1'1.$procmux$472 ($mux).
Removed top 1 bits (of 2) from mux cell $paramod\VX_cp_arbiter\N=4\ENABLE_PRIORITY=1'1\ENABLE_AGING=1'1.$procmux$493 ($mux).
Removed top 1 bits (of 2) from wire $paramod\VX_cp_arbiter\N=4\ENABLE_PRIORITY=1'1\ENABLE_AGING=1'1.$3\aging_boost[0][1:0].
Removed top 1 bits (of 2) from wire $paramod\VX_cp_arbiter\N=4\ENABLE_PRIORITY=1'1\ENABLE_AGING=1'1.$3\aging_boost[1][1:0].
Removed top 1 bits (of 2) from wire $paramod\VX_cp_arbiter\N=4\ENABLE_PRIORITY=1'1\ENABLE_AGING=1'1.$3\aging_boost[2][1:0].
Removed top 1 bits (of 2) from wire $paramod\VX_cp_arbiter\N=4\ENABLE_PRIORITY=1'1\ENABLE_AGING=1'1.$3\aging_boost[3][1:0].

15. Executing SHARE pass (SAT-based resource sharing).

16. Executing OPT pass (performing simple optimizations).

16.1. Executing OPT_EXPR pass (perform const folding).
Optimizing module $paramod\VX_cp_arbiter\N=4\ENABLE_PRIORITY=1'1\ENABLE_AGING=1'1.
<suppressed ~12 debug messages>
Optimizing module VX_cp_arbiter_top.

16.2. Executing OPT_MERGE pass (detect identical cells).
Finding identical cells in module `$paramod\VX_cp_arbiter\N=4\ENABLE_PRIORITY=1'1\ENABLE_AGING=1'1'.
Finding identical cells in module `\VX_cp_arbiter_top'.
Removed a total of 0 cells.

16.3. Executing OPT_MUXTREE pass (detect dead branches in mux trees).
Running muxtree optimizer on module $paramod\VX_cp_arbiter\N=4\ENABLE_PRIORITY=1'1\ENABLE_AGING=1'1..
  Creating internal representation of mux trees.
  Evaluating internal representation of mux trees.
  Analyzing evaluation results.
Running muxtree optimizer on module \VX_cp_arbiter_top..
  Creating internal representation of mux trees.
  No muxes found in this module.
Removed 0 multiplexer ports.
<suppressed ~26 debug messages>

16.4. Executing OPT_REDUCE pass (consolidate $*mux and $reduce_* inputs).
  Optimizing cells in module $paramod\VX_cp_arbiter\N=4\ENABLE_PRIORITY=1'1\ENABLE_AGING=1'1.
    New input vector for $reduce_or cell $auto$alumacc.cc:509:replace_alu$868: { $auto$rtlil.cc:1832:Not$867 $auto$rtlil.cc:1835:ReduceAnd$859 }
    New input vector for $reduce_or cell $auto$alumacc.cc:509:replace_alu$853: { $auto$rtlil.cc:1832:Not$852 $auto$rtlil.cc:1835:ReduceAnd$844 }
    New input vector for $reduce_or cell $auto$alumacc.cc:509:replace_alu$838: { $auto$rtlil.cc:1832:Not$837 $auto$rtlil.cc:1835:ReduceAnd$829 }
    New input vector for $reduce_and cell $auto$alumacc.cc:64:get_eq$552: { $auto$alumacc.cc:490:replace_alu$550 [0] $auto$alumacc.cc:490:replace_alu$550 [1] $auto$alumacc.cc:490:replace_alu$550 [2] $auto$alumacc.cc:490:replace_alu$550 [3] $auto$alumacc.cc:490:replace_alu$550 [4] $auto$alumacc.cc:490:replace_alu$550 [5] $auto$alumacc.cc:490:replace_alu$550 [6] }
    New input vector for $reduce_and cell $auto$alumacc.cc:64:get_eq$563: { $auto$alumacc.cc:490:replace_alu$561 [0] $auto$alumacc.cc:490:replace_alu$561 [1] $auto$alumacc.cc:490:replace_alu$561 [2] $auto$alumacc.cc:490:replace_alu$561 [3] $auto$alumacc.cc:490:replace_alu$561 [4] $auto$alumacc.cc:490:replace_alu$561 [5] $auto$alumacc.cc:490:replace_alu$561 [6] }
    New input vector for $reduce_and cell $auto$alumacc.cc:64:get_eq$574: { $auto$alumacc.cc:490:replace_alu$572 [0] $auto$alumacc.cc:490:replace_alu$572 [1] $auto$alumacc.cc:490:replace_alu$572 [2] $auto$alumacc.cc:490:replace_alu$572 [3] $auto$alumacc.cc:490:replace_alu$572 [4] $auto$alumacc.cc:490:replace_alu$572 [5] $auto$alumacc.cc:490:replace_alu$572 [6] }
    New input vector for $reduce_and cell $auto$alumacc.cc:64:get_eq$585: { $auto$alumacc.cc:490:replace_alu$583 [0] $auto$alumacc.cc:490:replace_alu$583 [1] $auto$alumacc.cc:490:replace_alu$583 [2] $auto$alumacc.cc:490:replace_alu$583 [3] $auto$alumacc.cc:490:replace_alu$583 [4] $auto$alumacc.cc:490:replace_alu$583 [5] $auto$alumacc.cc:490:replace_alu$583 [6] }
    New input vector for $reduce_and cell $auto$alumacc.cc:64:get_eq$596: { $auto$alumacc.cc:490:replace_alu$594 [0] $auto$alumacc.cc:490:replace_alu$594 [1] $auto$alumacc.cc:490:replace_alu$594 [2] $auto$alumacc.cc:490:replace_alu$594 [3] $auto$alumacc.cc:490:replace_alu$594 [4] $auto$alumacc.cc:490:replace_alu$594 [5] $auto$alumacc.cc:490:replace_alu$594 [6] }
    New input vector for $reduce_and cell $auto$alumacc.cc:64:get_eq$607: { $auto$alumacc.cc:490:replace_alu$605 [0] $auto$alumacc.cc:490:replace_alu$605 [1] $auto$alumacc.cc:490:replace_alu$605 [2] $auto$alumacc.cc:490:replace_alu$605 [3] $auto$alumacc.cc:490:replace_alu$605 [4] $auto$alumacc.cc:490:replace_alu$605 [5] $auto$alumacc.cc:490:replace_alu$605 [6] }
    New input vector for $reduce_and cell $auto$alumacc.cc:64:get_eq$618: { $auto$alumacc.cc:490:replace_alu$616 [0] $auto$alumacc.cc:490:replace_alu$616 [1] $auto$alumacc.cc:490:replace_alu$616 [2] $auto$alumacc.cc:490:replace_alu$616 [3] $auto$alumacc.cc:490:replace_alu$616 [4] $auto$alumacc.cc:490:replace_alu$616 [5] $auto$alumacc.cc:490:replace_alu$616 [6] }
    New input vector for $reduce_and cell $auto$alumacc.cc:64:get_eq$629: { $auto$alumacc.cc:490:replace_alu$627 [0] $auto$alumacc.cc:490:replace_alu$627 [1] $auto$alumacc.cc:490:replace_alu$627 [2] $auto$alumacc.cc:490:replace_alu$627 [3] $auto$alumacc.cc:490:replace_alu$627 [4] $auto$alumacc.cc:490:replace_alu$627 [5] $auto$alumacc.cc:490:replace_alu$627 [6] }
    New input vector for $reduce_and cell $auto$alumacc.cc:64:get_eq$640: { $auto$alumacc.cc:490:replace_alu$638 [0] $auto$alumacc.cc:490:replace_alu$638 [1] $auto$alumacc.cc:490:replace_alu$638 [2] $auto$alumacc.cc:490:replace_alu$638 [3] $auto$alumacc.cc:490:replace_alu$638 [4] $auto$alumacc.cc:490:replace_alu$638 [5] $auto$alumacc.cc:490:replace_alu$638 [6] }
    New input vector for $reduce_and cell $auto$alumacc.cc:64:get_eq$651: { $auto$alumacc.cc:490:replace_alu$649 [0] $auto$alumacc.cc:490:replace_alu$649 [1] $auto$alumacc.cc:490:replace_alu$649 [2] $auto$alumacc.cc:490:replace_alu$649 [3] $auto$alumacc.cc:490:replace_alu$649 [4] $auto$alumacc.cc:490:replace_alu$649 [5] $auto$alumacc.cc:490:replace_alu$649 [6] }
    New input vector for $reduce_and cell $auto$alumacc.cc:64:get_eq$662: { $auto$alumacc.cc:490:replace_alu$660 [0] $auto$alumacc.cc:490:replace_alu$660 [1] $auto$alumacc.cc:490:replace_alu$660 [2] $auto$alumacc.cc:490:replace_alu$660 [3] $auto$alumacc.cc:490:replace_alu$660 [4] $auto$alumacc.cc:490:replace_alu$660 [5] $auto$alumacc.cc:490:replace_alu$660 [6] }
    New input vector for $reduce_and cell $auto$alumacc.cc:64:get_eq$673: { $auto$alumacc.cc:490:replace_alu$671 [0] $auto$alumacc.cc:490:replace_alu$671 [1] $auto$alumacc.cc:490:replace_alu$671 [2] $auto$alumacc.cc:490:replace_alu$671 [3] $auto$alumacc.cc:490:replace_alu$671 [4] $auto$alumacc.cc:490:replace_alu$671 [5] $auto$alumacc.cc:490:replace_alu$671 [6] }
    New input vector for $reduce_and cell $auto$alumacc.cc:64:get_eq$684: { $auto$alumacc.cc:490:replace_alu$682 [0] $auto$alumacc.cc:490:replace_alu$682 [1] }
    New input vector for $reduce_and cell $auto$alumacc.cc:64:get_eq$695: { $auto$alumacc.cc:490:replace_alu$693 [0] $auto$alumacc.cc:490:replace_alu$693 [1] }
    New input vector for $reduce_and cell $auto$alumacc.cc:64:get_eq$711: { $auto$alumacc.cc:490:replace_alu$709 [0] $auto$alumacc.cc:490:replace_alu$709 [1] }
    New input vector for $reduce_and cell $auto$alumacc.cc:64:get_eq$726: { $auto$alumacc.cc:490:replace_alu$720 [0] $auto$alumacc.cc:490:replace_alu$720 [1] $auto$alumacc.cc:490:replace_alu$720 [2] $auto$alumacc.cc:490:replace_alu$720 [3] $auto$alumacc.cc:490:replace_alu$720 [4] $auto$alumacc.cc:490:replace_alu$720 [5] $auto$alumacc.cc:490:replace_alu$720 [6] $auto$alumacc.cc:490:replace_alu$720 [7] $auto$alumacc.cc:490:replace_alu$720 [8] $auto$alumacc.cc:490:replace_alu$720 [9] $auto$alumacc.cc:490:replace_alu$720 [10] $auto$alumacc.cc:490:replace_alu$720 [11] $auto$alumacc.cc:490:replace_alu$720 [12] $auto$alumacc.cc:490:replace_alu$720 [13] $auto$alumacc.cc:490:replace_alu$720 [14] $auto$alumacc.cc:490:replace_alu$720 [15] $auto$alumacc.cc:490:replace_alu$720 [16] $auto$alumacc.cc:490:replace_alu$720 [17] $auto$alumacc.cc:490:replace_alu$720 [18] $auto$alumacc.cc:490:replace_alu$720 [19] $auto$alumacc.cc:490:replace_alu$720 [20] $auto$alumacc.cc:490:replace_alu$720 [21] $auto$alumacc.cc:490:replace_alu$720 [22] $auto$alumacc.cc:490:replace_alu$720 [23] $auto$alumacc.cc:490:replace_alu$720 [24] $auto$alumacc.cc:490:replace_alu$720 [25] $auto$alumacc.cc:490:replace_alu$720 [26] $auto$alumacc.cc:490:replace_alu$720 [27] $auto$alumacc.cc:490:replace_alu$720 [28] $auto$alumacc.cc:490:replace_alu$720 [29] $auto$alumacc.cc:490:replace_alu$720 [30] $auto$alumacc.cc:490:replace_alu$720 [31] }
    New input vector for $reduce_and cell $auto$alumacc.cc:64:get_eq$735: { $auto$alumacc.cc:490:replace_alu$731 [0] $auto$alumacc.cc:490:replace_alu$731 [1] $auto$alumacc.cc:490:replace_alu$731 [2] }
    New input vector for $reduce_and cell $auto$alumacc.cc:64:get_eq$744: { $auto$alumacc.cc:490:replace_alu$740 [0] $auto$alumacc.cc:490:replace_alu$740 [1] $auto$alumacc.cc:490:replace_alu$740 [2] }
    New input vector for $reduce_and cell $auto$alumacc.cc:64:get_eq$751: { $auto$alumacc.cc:490:replace_alu$749 [0] $auto$alumacc.cc:490:replace_alu$749 [1] $auto$alumacc.cc:490:replace_alu$749 [2] }
    New input vector for $reduce_and cell $auto$alumacc.cc:64:get_eq$764: { $auto$alumacc.cc:490:replace_alu$762 [0] $auto$alumacc.cc:490:replace_alu$762 [1] $auto$alumacc.cc:490:replace_alu$762 [2] }
    New input vector for $reduce_and cell $auto$alumacc.cc:64:get_eq$828: { $auto$alumacc.cc:490:replace_alu$826 [0] $auto$alumacc.cc:490:replace_alu$826 [1] $auto$alumacc.cc:490:replace_alu$826 [2] $auto$alumacc.cc:490:replace_alu$826 [3] $auto$alumacc.cc:490:replace_alu$826 [4] $auto$alumacc.cc:490:replace_alu$826 [5] $auto$alumacc.cc:490:replace_alu$826 [6] $auto$alumacc.cc:490:replace_alu$826 [7] $auto$alumacc.cc:490:replace_alu$826 [8] $auto$alumacc.cc:490:replace_alu$826 [9] $auto$alumacc.cc:490:replace_alu$826 [10] $auto$alumacc.cc:490:replace_alu$826 [11] $auto$alumacc.cc:490:replace_alu$826 [12] $auto$alumacc.cc:490:replace_alu$826 [13] $auto$alumacc.cc:490:replace_alu$826 [14] $auto$alumacc.cc:490:replace_alu$826 [15] $auto$alumacc.cc:490:replace_alu$826 [16] $auto$alumacc.cc:490:replace_alu$826 [17] $auto$alumacc.cc:490:replace_alu$826 [18] $auto$alumacc.cc:490:replace_alu$826 [19] $auto$alumacc.cc:490:replace_alu$826 [20] $auto$alumacc.cc:490:replace_alu$826 [21] $auto$alumacc.cc:490:replace_alu$826 [22] $auto$alumacc.cc:490:replace_alu$826 [23] $auto$alumacc.cc:490:replace_alu$826 [24] $auto$alumacc.cc:490:replace_alu$826 [25] $auto$alumacc.cc:490:replace_alu$826 [26] $auto$alumacc.cc:490:replace_alu$826 [27] $auto$alumacc.cc:490:replace_alu$826 [28] $auto$alumacc.cc:490:replace_alu$826 [29] $auto$alumacc.cc:490:replace_alu$826 [30] $auto$alumacc.cc:490:replace_alu$826 [31] }
    New input vector for $reduce_and cell $auto$alumacc.cc:64:get_eq$843: { $auto$alumacc.cc:490:replace_alu$841 [0] $auto$alumacc.cc:490:replace_alu$841 [1] $auto$alumacc.cc:490:replace_alu$841 [2] $auto$alumacc.cc:490:replace_alu$841 [3] $auto$alumacc.cc:490:replace_alu$841 [4] $auto$alumacc.cc:490:replace_alu$841 [5] $auto$alumacc.cc:490:replace_alu$841 [6] $auto$alumacc.cc:490:replace_alu$841 [7] $auto$alumacc.cc:490:replace_alu$841 [8] $auto$alumacc.cc:490:replace_alu$841 [9] $auto$alumacc.cc:490:replace_alu$841 [10] $auto$alumacc.cc:490:replace_alu$841 [11] $auto$alumacc.cc:490:replace_alu$841 [12] $auto$alumacc.cc:490:replace_alu$841 [13] $auto$alumacc.cc:490:replace_alu$841 [14] $auto$alumacc.cc:490:replace_alu$841 [15] $auto$alumacc.cc:490:replace_alu$841 [16] $auto$alumacc.cc:490:replace_alu$841 [17] $auto$alumacc.cc:490:replace_alu$841 [18] $auto$alumacc.cc:490:replace_alu$841 [19] $auto$alumacc.cc:490:replace_alu$841 [20] $auto$alumacc.cc:490:replace_alu$841 [21] $auto$alumacc.cc:490:replace_alu$841 [22] $auto$alumacc.cc:490:replace_alu$841 [23] $auto$alumacc.cc:490:replace_alu$841 [24] $auto$alumacc.cc:490:replace_alu$841 [25] $auto$alumacc.cc:490:replace_alu$841 [26] $auto$alumacc.cc:490:replace_alu$841 [27] $auto$alumacc.cc:490:replace_alu$841 [28] $auto$alumacc.cc:490:replace_alu$841 [29] $auto$alumacc.cc:490:replace_alu$841 [30] $auto$alumacc.cc:490:replace_alu$841 [31] }
    New input vector for $reduce_and cell $auto$alumacc.cc:64:get_eq$858: { $auto$alumacc.cc:490:replace_alu$856 [0] $auto$alumacc.cc:490:replace_alu$856 [1] $auto$alumacc.cc:490:replace_alu$856 [2] $auto$alumacc.cc:490:replace_alu$856 [3] $auto$alumacc.cc:490:replace_alu$856 [4] $auto$alumacc.cc:490:replace_alu$856 [5] $auto$alumacc.cc:490:replace_alu$856 [6] $auto$alumacc.cc:490:replace_alu$856 [7] $auto$alumacc.cc:490:replace_alu$856 [8] $auto$alumacc.cc:490:replace_alu$856 [9] $auto$alumacc.cc:490:replace_alu$856 [10] $auto$alumacc.cc:490:replace_alu$856 [11] $auto$alumacc.cc:490:replace_alu$856 [12] $auto$alumacc.cc:490:replace_alu$856 [13] $auto$alumacc.cc:490:replace_alu$856 [14] $auto$alumacc.cc:490:replace_alu$856 [15] $auto$alumacc.cc:490:replace_alu$856 [16] $auto$alumacc.cc:490:replace_alu$856 [17] $auto$alumacc.cc:490:replace_alu$856 [18] $auto$alumacc.cc:490:replace_alu$856 [19] $auto$alumacc.cc:490:replace_alu$856 [20] $auto$alumacc.cc:490:replace_alu$856 [21] $auto$alumacc.cc:490:replace_alu$856 [22] $auto$alumacc.cc:490:replace_alu$856 [23] $auto$alumacc.cc:490:replace_alu$856 [24] $auto$alumacc.cc:490:replace_alu$856 [25] $auto$alumacc.cc:490:replace_alu$856 [26] $auto$alumacc.cc:490:replace_alu$856 [27] $auto$alumacc.cc:490:replace_alu$856 [28] $auto$alumacc.cc:490:replace_alu$856 [29] $auto$alumacc.cc:490:replace_alu$856 [30] $auto$alumacc.cc:490:replace_alu$856 [31] }
  Optimizing cells in module $paramod\VX_cp_arbiter\N=4\ENABLE_PRIORITY=1'1\ENABLE_AGING=1'1.
  Optimizing cells in module \VX_cp_arbiter_top.
Performed a total of 26 changes.

16.5. Executing OPT_MERGE pass (detect identical cells).
Finding identical cells in module `$paramod\VX_cp_arbiter\N=4\ENABLE_PRIORITY=1'1\ENABLE_AGING=1'1'.
Finding identical cells in module `\VX_cp_arbiter_top'.
Removed a total of 0 cells.

16.6. Executing OPT_RMDFF pass (remove dff with constant values).

16.7. Executing OPT_CLEAN pass (remove unused cells and wires).
Finding unused cells or wires in module $paramod\VX_cp_arbiter\N=4\ENABLE_PRIORITY=1'1\ENABLE_AGING=1'1..
Finding unused cells or wires in module \VX_cp_arbiter_top..
Removed 12 unused cells and 40 unused wires.
<suppressed ~13 debug messages>

16.8. Executing OPT_EXPR pass (perform const folding).
Optimizing module $paramod\VX_cp_arbiter\N=4\ENABLE_PRIORITY=1'1\ENABLE_AGING=1'1.
Optimizing module VX_cp_arbiter_top.

16.9. Rerunning OPT passes. (Maybe there is more to do..)

16.10. Executing OPT_MUXTREE pass (detect dead branches in mux trees).
Running muxtree optimizer on module $paramod\VX_cp_arbiter\N=4\ENABLE_PRIORITY=1'1\ENABLE_AGING=1'1..
  Creating internal representation of mux trees.
  Evaluating internal representation of mux trees.
  Analyzing evaluation results.
Running muxtree optimizer on module \VX_cp_arbiter_top..
  Creating internal representation of mux trees.
  No muxes found in this module.
Removed 0 multiplexer ports.
<suppressed ~26 debug messages>

16.11. Executing OPT_REDUCE pass (consolidate $*mux and $reduce_* inputs).
  Optimizing cells in module $paramod\VX_cp_arbiter\N=4\ENABLE_PRIORITY=1'1\ENABLE_AGING=1'1.
  Optimizing cells in module \VX_cp_arbiter_top.
Performed a total of 0 changes.

16.12. Executing OPT_MERGE pass (detect identical cells).
Finding identical cells in module `$paramod\VX_cp_arbiter\N=4\ENABLE_PRIORITY=1'1\ENABLE_AGING=1'1'.
Finding identical cells in module `\VX_cp_arbiter_top'.
Removed a total of 0 cells.

16.13. Executing OPT_RMDFF pass (remove dff with constant values).

16.14. Executing OPT_CLEAN pass (remove unused cells and wires).
Finding unused cells or wires in module $paramod\VX_cp_arbiter\N=4\ENABLE_PRIORITY=1'1\ENABLE_AGING=1'1..
Finding unused cells or wires in module \VX_cp_arbiter_top..

16.15. Executing OPT_EXPR pass (perform const folding).
Optimizing module $paramod\VX_cp_arbiter\N=4\ENABLE_PRIORITY=1'1\ENABLE_AGING=1'1.
Optimizing module VX_cp_arbiter_top.

16.16. Finished OPT passes. (There is nothing left to do.)

17. Executing TECHMAP pass (map to technology primitives).

17.1. Executing Verilog-2005 frontend: <techmap.v>
Parsing SystemVerilog input from `<techmap.v>' to AST representation.
Generating RTLIL representation for module `\_90_simplemap_bool_ops'.
Generating RTLIL representation for module `\_90_simplemap_reduce_ops'.
Generating RTLIL representation for module `\_90_simplemap_logic_ops'.
Generating RTLIL representation for module `\_90_simplemap_compare_ops'.
Generating RTLIL representation for module `\_90_simplemap_various'.
Generating RTLIL representation for module `\_90_simplemap_registers'.
Generating RTLIL representation for module `\_90_shift_ops_shr_shl_sshl_sshr'.
Generating RTLIL representation for module `\_90_shift_shiftx'.
Generating RTLIL representation for module `\_90_fa'.
Generating RTLIL representation for module `\_90_lcu'.
Generating RTLIL representation for module `\_90_alu'.
Generating RTLIL representation for module `\_90_macc'.
Generating RTLIL representation for module `\_90_alumacc'.
Generating RTLIL representation for module `\$__div_mod_u'.
Generating RTLIL representation for module `\$__div_mod'.
Generating RTLIL representation for module `\_90_div'.
Generating RTLIL representation for module `\_90_mod'.
Generating RTLIL representation for module `\_90_pow'.
Generating RTLIL representation for module `\_90_pmux'.
Generating RTLIL representation for module `\_90_lut'.
Successfully finished Verilog frontend.

17.2. Continuing TECHMAP pass.
Using extmapper simplemap for cells of type $not.
Using template $paramod\_90_alu\A_SIGNED=1\B_SIGNED=1\A_WIDTH=32\B_WIDTH=32\Y_WIDTH=32 for cells of type $alu.
Using extmapper simplemap for cells of type $reduce_or.
Using extmapper simplemap for cells of type $or.
Using extmapper simplemap for cells of type $xor.
Using extmapper simplemap for cells of type $reduce_and.
Using template $paramod\_90_alu\A_SIGNED=0\B_SIGNED=0\A_WIDTH=2\B_WIDTH=2\Y_WIDTH=2 for cells of type $alu.
Using template $paramod\_90_alu\A_SIGNED=0\B_SIGNED=0\A_WIDTH=3\B_WIDTH=3\Y_WIDTH=3 for cells of type $alu.
Using extmapper simplemap for cells of type $logic_and.
Using extmapper simplemap for cells of type $eq.
Using template $paramod\_90_alu\A_SIGNED=0\B_SIGNED=0\A_WIDTH=7\B_WIDTH=7\Y_WIDTH=7 for cells of type $alu.
Using template $paramod$constmap:3cf042c45619902adb3de2341d420b7271e4488a$paramod$244602f8bdde01c3a10e7bdae9c4da54a090dc57\_90_shift_shiftx for cells of type $shiftx.
Using extmapper simplemap for cells of type $logic_not.
Using extmapper simplemap for cells of type $logic_or.
Using extmapper simplemap for cells of type $ne.
Using extmapper simplemap for cells of type $mux.
Using extmapper simplemap for cells of type $dff.
Using extmapper simplemap for cells of type $and.
Using template $paramod\_90_lcu\WIDTH=32 for cells of type $lcu.
Using extmapper simplemap for cells of type $pos.
Using template $paramod\_90_lcu\WIDTH=2 for cells of type $lcu.
Using template $paramod\_90_lcu\WIDTH=3 for cells of type $lcu.
Using template $paramod\_90_lcu\WIDTH=7 for cells of type $lcu.
No more expansions possible.
<suppressed ~2809 debug messages>

18. Executing OPT pass (performing simple optimizations).

18.1. Executing OPT_EXPR pass (perform const folding).
Optimizing module $paramod\VX_cp_arbiter\N=4\ENABLE_PRIORITY=1'1\ENABLE_AGING=1'1.
<suppressed ~3197 debug messages>
Optimizing module VX_cp_arbiter_top.

18.2. Executing OPT_MERGE pass (detect identical cells).
Finding identical cells in module `$paramod\VX_cp_arbiter\N=4\ENABLE_PRIORITY=1'1\ENABLE_AGING=1'1'.
<suppressed ~1152 debug messages>
Finding identical cells in module `\VX_cp_arbiter_top'.
Removed a total of 384 cells.

18.3. Executing OPT_MUXTREE pass (detect dead branches in mux trees).
Running muxtree optimizer on module $paramod\VX_cp_arbiter\N=4\ENABLE_PRIORITY=1'1\ENABLE_AGING=1'1..
  Creating internal representation of mux trees.
  No muxes found in this module.
Running muxtree optimizer on module \VX_cp_arbiter_top..
  Creating internal representation of mux trees.
  No muxes found in this module.
Removed 0 multiplexer ports.

18.4. Executing OPT_REDUCE pass (consolidate $*mux and $reduce_* inputs).
  Optimizing cells in module $paramod\VX_cp_arbiter\N=4\ENABLE_PRIORITY=1'1\ENABLE_AGING=1'1.
  Optimizing cells in module \VX_cp_arbiter_top.
Performed a total of 0 changes.

18.5. Executing OPT_MERGE pass (detect identical cells).
Finding identical cells in module `$paramod\VX_cp_arbiter\N=4\ENABLE_PRIORITY=1'1\ENABLE_AGING=1'1'.
Finding identical cells in module `\VX_cp_arbiter_top'.
Removed a total of 0 cells.

18.6. Executing OPT_RMDFF pass (remove dff with constant values).

18.7. Executing OPT_CLEAN pass (remove unused cells and wires).
Finding unused cells or wires in module $paramod\VX_cp_arbiter\N=4\ENABLE_PRIORITY=1'1\ENABLE_AGING=1'1..
Finding unused cells or wires in module \VX_cp_arbiter_top..
Removed 211 unused cells and 2230 unused wires.
<suppressed ~212 debug messages>

18.8. Executing OPT_EXPR pass (perform const folding).
Optimizing module $paramod\VX_cp_arbiter\N=4\ENABLE_PRIORITY=1'1\ENABLE_AGING=1'1.
Optimizing module VX_cp_arbiter_top.

18.9. Rerunning OPT passes. (Maybe there is more to do..)

18.10. Executing OPT_MUXTREE pass (detect dead branches in mux trees).
Running muxtree optimizer on module $paramod\VX_cp_arbiter\N=4\ENABLE_PRIORITY=1'1\ENABLE_AGING=1'1..
  Creating internal representation of mux trees.
  No muxes found in this module.
Running muxtree optimizer on module \VX_cp_arbiter_top..
  Creating internal representation of mux trees.
  No muxes found in this module.
Removed 0 multiplexer ports.

18.11. Executing OPT_REDUCE pass (consolidate $*mux and $reduce_* inputs).
  Optimizing cells in module $paramod\VX_cp_arbiter\N=4\ENABLE_PRIORITY=1'1\ENABLE_AGING=1'1.
  Optimizing cells in module \VX_cp_arbiter_top.
Performed a total of 0 changes.

18.12. Executing OPT_MERGE pass (detect identical cells).
Finding identical cells in module `$paramod\VX_cp_arbiter\N=4\ENABLE_PRIORITY=1'1\ENABLE_AGING=1'1'.
Finding identical cells in module `\VX_cp_arbiter_top'.
Removed a total of 0 cells.

18.13. Executing OPT_RMDFF pass (remove dff with constant values).

18.14. Executing OPT_CLEAN pass (remove unused cells and wires).
Finding unused cells or wires in module $paramod\VX_cp_arbiter\N=4\ENABLE_PRIORITY=1'1\ENABLE_AGING=1'1..
Finding unused cells or wires in module \VX_cp_arbiter_top..

18.15. Executing OPT_EXPR pass (perform const folding).
Optimizing module $paramod\VX_cp_arbiter\N=4\ENABLE_PRIORITY=1'1\ENABLE_AGING=1'1.
Optimizing module VX_cp_arbiter_top.

18.16. Finished OPT passes. (There is nothing left to do.)

19. Executing Verilog backend.
Dumping module `$paramod\VX_cp_arbiter\N=4\ENABLE_PRIORITY=1'1\ENABLE_AGING=1'1'.
Dumping module `\VX_cp_arbiter_top'.

20. Executing JSON backend.

21. Executing DFFLIBMAP pass (mapping DFF cells to sequential cells from liberty file).
Warning: Found unsupported expression 'SE*SI+D*!SE' in pin attribute of cell 'SDFFRS_X1' - skipping.
Warning: Found unsupported expression 'SE*SI+D*!SE' in pin attribute of cell 'SDFFRS_X2' - skipping.
Warning: Found unsupported expression 'SE*SI+D*!SE' in pin attribute of cell 'SDFFR_X1' - skipping.
Warning: Found unsupported expression 'SE*SI+D*!SE' in pin attribute of cell 'SDFFR_X2' - skipping.
Warning: Found unsupported expression 'SE*SI+D*!SE' in pin attribute of cell 'SDFFS_X1' - skipping.
Warning: Found unsupported expression 'SE*SI+D*!SE' in pin attribute of cell 'SDFFS_X2' - skipping.
Warning: Found unsupported expression 'SE*SI+D*!SE' in pin attribute of cell 'SDFF_X1' - skipping.
Warning: Found unsupported expression 'SE*SI+D*!SE' in pin attribute of cell 'SDFF_X2' - skipping.
  cell DFF_X1 (noninv, pins=4, area=4.52) is a direct match for cell type $_DFF_P_.
Warning: Found unsupported expression 'SE*SI+D*!SE' in pin attribute of cell 'SDFFRS_X1' - skipping.
Warning: Found unsupported expression 'SE*SI+D*!SE' in pin attribute of cell 'SDFFRS_X2' - skipping.
Warning: Found unsupported expression 'SE*SI+D*!SE' in pin attribute of cell 'SDFFR_X1' - skipping.
Warning: Found unsupported expression 'SE*SI+D*!SE' in pin attribute of cell 'SDFFR_X2' - skipping.
Warning: Found unsupported expression 'SE*SI+D*!SE' in pin attribute of cell 'SDFFS_X1' - skipping.
Warning: Found unsupported expression 'SE*SI+D*!SE' in pin attribute of cell 'SDFFS_X2' - skipping.
Warning: Found unsupported expression 'SE*SI+D*!SE' in pin attribute of cell 'SDFF_X1' - skipping.
Warning: Found unsupported expression 'SE*SI+D*!SE' in pin attribute of cell 'SDFF_X2' - skipping.
  cell DFFR_X1 (noninv, pins=5, area=5.32) is a direct match for cell type $_DFF_PN0_.
Warning: Found unsupported expression 'SE*SI+D*!SE' in pin attribute of cell 'SDFFRS_X1' - skipping.
Warning: Found unsupported expression 'SE*SI+D*!SE' in pin attribute of cell 'SDFFRS_X2' - skipping.
Warning: Found unsupported expression 'SE*SI+D*!SE' in pin attribute of cell 'SDFFR_X1' - skipping.
Warning: Found unsupported expression 'SE*SI+D*!SE' in pin attribute of cell 'SDFFR_X2' - skipping.
Warning: Found unsupported expression 'SE*SI+D*!SE' in pin attribute of cell 'SDFFS_X1' - skipping.
Warning: Found unsupported expression 'SE*SI+D*!SE' in pin attribute of cell 'SDFFS_X2' - skipping.
Warning: Found unsupported expression 'SE*SI+D*!SE' in pin attribute of cell 'SDFF_X1' - skipping.
Warning: Found unsupported expression 'SE*SI+D*!SE' in pin attribute of cell 'SDFF_X2' - skipping.
  cell DFFS_X1 (noninv, pins=5, area=5.32) is a direct match for cell type $_DFF_PN1_.
Warning: Found unsupported expression 'SE*SI+D*!SE' in pin attribute of cell 'SDFFRS_X1' - skipping.
Warning: Found unsupported expression 'SE*SI+D*!SE' in pin attribute of cell 'SDFFRS_X2' - skipping.
Warning: Found unsupported expression 'SE*SI+D*!SE' in pin attribute of cell 'SDFFR_X1' - skipping.
Warning: Found unsupported expression 'SE*SI+D*!SE' in pin attribute of cell 'SDFFR_X2' - skipping.
Warning: Found unsupported expression 'SE*SI+D*!SE' in pin attribute of cell 'SDFFS_X1' - skipping.
Warning: Found unsupported expression 'SE*SI+D*!SE' in pin attribute of cell 'SDFFS_X2' - skipping.
Warning: Found unsupported expression 'SE*SI+D*!SE' in pin attribute of cell 'SDFF_X1' - skipping.
Warning: Found unsupported expression 'SE*SI+D*!SE' in pin attribute of cell 'SDFF_X2' - skipping.
Warning: Found unsupported expression 'SE*SI+D*!SE' in pin attribute of cell 'SDFFRS_X1' - skipping.
Warning: Found unsupported expression 'SE*SI+D*!SE' in pin attribute of cell 'SDFFRS_X2' - skipping.
Warning: Found unsupported expression 'SE*SI+D*!SE' in pin attribute of cell 'SDFFR_X1' - skipping.
Warning: Found unsupported expression 'SE*SI+D*!SE' in pin attribute of cell 'SDFFR_X2' - skipping.
Warning: Found unsupported expression 'SE*SI+D*!SE' in pin attribute of cell 'SDFFS_X1' - skipping.
Warning: Found unsupported expression 'SE*SI+D*!SE' in pin attribute of cell 'SDFFS_X2' - skipping.
Warning: Found unsupported expression 'SE*SI+D*!SE' in pin attribute of cell 'SDFF_X1' - skipping.
Warning: Found unsupported expression 'SE*SI+D*!SE' in pin attribute of cell 'SDFF_X2' - skipping.
Warning: Found unsupported expression 'SE*SI+D*!SE' in pin attribute of cell 'SDFFRS_X1' - skipping.
Warning: Found unsupported expression 'SE*SI+D*!SE' in pin attribute of cell 'SDFFRS_X2' - skipping.
Warning: Found unsupported expression 'SE*SI+D*!SE' in pin attribute of cell 'SDFFR_X1' - skipping.
Warning: Found unsupported expression 'SE*SI+D*!SE' in pin attribute of cell 'SDFFR_X2' - skipping.
Warning: Found unsupported expression 'SE*SI+D*!SE' in pin attribute of cell 'SDFFS_X1' - skipping.
Warning: Found unsupported expression 'SE*SI+D*!SE' in pin attribute of cell 'SDFFS_X2' - skipping.
Warning: Found unsupported expression 'SE*SI+D*!SE' in pin attribute of cell 'SDFF_X1' - skipping.
Warning: Found unsupported expression 'SE*SI+D*!SE' in pin attribute of cell 'SDFF_X2' - skipping.
  cell DFFRS_X1 (noninv, pins=6, area=6.38) is a direct match for cell type $_DFFSR_PNN_.
Warning: Found unsupported expression 'SE*SI+D*!SE' in pin attribute of cell 'SDFFRS_X1' - skipping.
Warning: Found unsupported expression 'SE*SI+D*!SE' in pin attribute of cell 'SDFFRS_X2' - skipping.
Warning: Found unsupported expression 'SE*SI+D*!SE' in pin attribute of cell 'SDFFR_X1' - skipping.
Warning: Found unsupported expression 'SE*SI+D*!SE' in pin attribute of cell 'SDFFR_X2' - skipping.
Warning: Found unsupported expression 'SE*SI+D*!SE' in pin attribute of cell 'SDFFS_X1' - skipping.
Warning: Found unsupported expression 'SE*SI+D*!SE' in pin attribute of cell 'SDFFS_X2' - skipping.
Warning: Found unsupported expression 'SE*SI+D*!SE' in pin attribute of cell 'SDFF_X1' - skipping.
Warning: Found unsupported expression 'SE*SI+D*!SE' in pin attribute of cell 'SDFF_X2' - skipping.
Warning: Found unsupported expression 'SE*SI+D*!SE' in pin attribute of cell 'SDFFRS_X1' - skipping.
Warning: Found unsupported expression 'SE*SI+D*!SE' in pin attribute of cell 'SDFFRS_X2' - skipping.
Warning: Found unsupported expression 'SE*SI+D*!SE' in pin attribute of cell 'SDFFR_X1' - skipping.
Warning: Found unsupported expression 'SE*SI+D*!SE' in pin attribute of cell 'SDFFR_X2' - skipping.
Warning: Found unsupported expression 'SE*SI+D*!SE' in pin attribute of cell 'SDFFS_X1' - skipping.
Warning: Found unsupported expression 'SE*SI+D*!SE' in pin attribute of cell 'SDFFS_X2' - skipping.
Warning: Found unsupported expression 'SE*SI+D*!SE' in pin attribute of cell 'SDFF_X1' - skipping.
Warning: Found unsupported expression 'SE*SI+D*!SE' in pin attribute of cell 'SDFF_X2' - skipping.
Warning: Found unsupported expression 'SE*SI+D*!SE' in pin attribute of cell 'SDFFRS_X1' - skipping.
Warning: Found unsupported expression 'SE*SI+D*!SE' in pin attribute of cell 'SDFFRS_X2' - skipping.
Warning: Found unsupported expression 'SE*SI+D*!SE' in pin attribute of cell 'SDFFR_X1' - skipping.
Warning: Found unsupported expression 'SE*SI+D*!SE' in pin attribute of cell 'SDFFR_X2' - skipping.
Warning: Found unsupported expression 'SE*SI+D*!SE' in pin attribute of cell 'SDFFS_X1' - skipping.
Warning: Found unsupported expression 'SE*SI+D*!SE' in pin attribute of cell 'SDFFS_X2' - skipping.
Warning: Found unsupported expression 'SE*SI+D*!SE' in pin attribute of cell 'SDFF_X1' - skipping.
Warning: Found unsupported expression 'SE*SI+D*!SE' in pin attribute of cell 'SDFF_X2' - skipping.
  create mapping for $_DFF_PP0_ from mapping for $_DFF_PN0_.
  create mapping for $_DFF_PP1_ from mapping for $_DFF_PN1_.
  create mapping for $_DFFSR_PPN_ from mapping for $_DFFSR_PNN_.
  create mapping for $_DFFSR_PNP_ from mapping for $_DFFSR_PNN_.
  create mapping for $_DFFSR_PPP_ from mapping for $_DFFSR_PNP_.
  create mapping for $_DFF_N_ from mapping for $_DFF_P_.
  create mapping for $_DFF_NN0_ from mapping for $_DFF_PN0_.
  create mapping for $_DFF_NP0_ from mapping for $_DFF_NN0_.
  create mapping for $_DFF_NN1_ from mapping for $_DFF_NN0_.
  create mapping for $_DFF_NP1_ from mapping for $_DFF_NN1_.
  create mapping for $_DFFSR_NNN_ from mapping for $_DFFSR_PNN_.
  create mapping for $_DFFSR_NPN_ from mapping for $_DFFSR_NNN_.
  create mapping for $_DFFSR_NNP_ from mapping for $_DFFSR_NNN_.
  create mapping for $_DFFSR_NPP_ from mapping for $_DFFSR_NNP_.
  final dff cell mappings:
    DFF_X1 _DFF_N_ (.CK(~C), .D( D), .Q( Q), .QN(~Q));
    DFF_X1 _DFF_P_ (.CK( C), .D( D), .Q( Q), .QN(~Q));
    DFFR_X1 _DFF_NN0_ (.CK(~C), .D( D), .Q( Q), .QN(~Q), .RN( R));
    DFFR_X1 _DFF_NN1_ (.CK(~C), .D(~D), .Q(~Q), .QN( Q), .RN( R));
    DFFR_X1 _DFF_NP0_ (.CK(~C), .D( D), .Q( Q), .QN(~Q), .RN(~R));
    DFFR_X1 _DFF_NP1_ (.CK(~C), .D(~D), .Q(~Q), .QN( Q), .RN(~R));
    DFFR_X1 _DFF_PN0_ (.CK( C), .D( D), .Q( Q), .QN(~Q), .RN( R));
    DFFS_X1 _DFF_PN1_ (.CK( C), .D( D), .Q( Q), .QN(~Q), .SN( R));
    DFFR_X1 _DFF_PP0_ (.CK( C), .D( D), .Q( Q), .QN(~Q), .RN(~R));
    DFFS_X1 _DFF_PP1_ (.CK( C), .D( D), .Q( Q), .QN(~Q), .SN(~R));
    DFFRS_X1 _DFFSR_NNN_ (.CK(~C), .D( D), .Q( Q), .QN(~Q), .RN( R), .SN( S));
    DFFRS_X1 _DFFSR_NNP_ (.CK(~C), .D( D), .Q( Q), .QN(~Q), .RN(~R), .SN( S));
    DFFRS_X1 _DFFSR_NPN_ (.CK(~C), .D( D), .Q( Q), .QN(~Q), .RN( R), .SN(~S));
    DFFRS_X1 _DFFSR_NPP_ (.CK(~C), .D( D), .Q( Q), .QN(~Q), .RN(~R), .SN(~S));
    DFFRS_X1 _DFFSR_PNN_ (.CK( C), .D( D), .Q( Q), .QN(~Q), .RN( R), .SN( S));
    DFFRS_X1 _DFFSR_PNP_ (.CK( C), .D( D), .Q( Q), .QN(~Q), .RN(~R), .SN( S));
    DFFRS_X1 _DFFSR_PPN_ (.CK( C), .D( D), .Q( Q), .QN(~Q), .RN( R), .SN(~S));
    DFFRS_X1 _DFFSR_PPP_ (.CK( C), .D( D), .Q( Q), .QN(~Q), .RN(~R), .SN(~S));
Mapping DFF cells in module `$paramod\VX_cp_arbiter\N=4\ENABLE_PRIORITY=1'1\ENABLE_AGING=1'1':
  mapped 30 $_DFF_P_ cells to \DFF_X1 cells.
Mapping DFF cells in module `\VX_cp_arbiter_top':

22. Executing ABC pass (technology mapping using ABC).

22.1. Extracting gate netlist of module `$paramod\VX_cp_arbiter\N=4\ENABLE_PRIORITY=1'1\ENABLE_AGING=1'1' to `<abc-temp-dir>/input.blif'..
Extracted 678 gates and 752 wires to a netlist network with 71 inputs and 52 outputs.

22.1.1. Executing ABC.
Running ABC command: berkeley-abc -s -f <abc-temp-dir>/abc.script 2>&1
ABC: ABC command line: "source <abc-temp-dir>/abc.script".
ABC: 
ABC: + read_blif <abc-temp-dir>/input.blif 
ABC: + read_lib -w /home/houdong/vortex/hw/syn/libs/NangateOpenCellLibrary_typical.lib 
ABC: Parsing finished successfully.  Parsing time =     0.02 sec
ABC: Scl_LibertyReadGenlib() skipped cell "ANTENNA_X1" due to dont_use attribute.
ABC: Scl_LibertyReadGenlib() skipped cell "CLKGATETST_X1" without logic function.
ABC: Scl_LibertyReadGenlib() skipped cell "CLKGATETST_X2" without logic function.
ABC: Scl_LibertyReadGenlib() skipped cell "CLKGATETST_X4" without logic function.
ABC: Scl_LibertyReadGenlib() skipped cell "CLKGATETST_X8" without logic function.
ABC: Scl_LibertyReadGenlib() skipped cell "CLKGATE_X1" without logic function.
ABC: Scl_LibertyReadGenlib() skipped cell "CLKGATE_X2" without logic function.
ABC: Scl_LibertyReadGenlib() skipped cell "CLKGATE_X4" without logic function.
ABC: Scl_LibertyReadGenlib() skipped cell "CLKGATE_X8" without logic function.
ABC: Scl_LibertyReadGenlib() skipped sequential cell "DFFRS_X1".
ABC: Scl_LibertyReadGenlib() skipped sequential cell "DFFRS_X2".
ABC: Scl_LibertyReadGenlib() skipped sequential cell "DFFR_X1".
ABC: Scl_LibertyReadGenlib() skipped sequential cell "DFFR_X2".
ABC: Scl_LibertyReadGenlib() skipped sequential cell "DFFS_X1".
ABC: Scl_LibertyReadGenlib() skipped sequential cell "DFFS_X2".
ABC: Scl_LibertyReadGenlib() skipped sequential cell "DFF_X1".
ABC: Scl_LibertyReadGenlib() skipped sequential cell "DFF_X2".
ABC: Scl_LibertyReadGenlib() skipped sequential cell "DLH_X1".
ABC: Scl_LibertyReadGenlib() skipped sequential cell "DLH_X2".
ABC: Scl_LibertyReadGenlib() skipped sequential cell "DLL_X1".
ABC: Scl_LibertyReadGenlib() skipped sequential cell "DLL_X2".
ABC: Scl_LibertyReadGenlib() skipped cell "FILLCELL_X1" due to dont_use attribute.
ABC: Scl_LibertyReadGenlib() skipped cell "TAPCELL_X1" due to dont_use attribute.
ABC: Scl_LibertyReadGenlib() skipped cell "FILLCELL_X2" due to dont_use attribute.
ABC: Scl_LibertyReadGenlib() skipped cell "FILLCELL_X4" due to dont_use attribute.
ABC: Scl_LibertyReadGenlib() skipped cell "FILLCELL_X8" due to dont_use attribute.
ABC: Scl_LibertyReadGenlib() skipped cell "FILLCELL_X16" due to dont_use attribute.
ABC: Scl_LibertyReadGenlib() skipped cell "FILLCELL_X32" due to dont_use attribute.
ABC: Scl_LibertyReadGenlib() skipped cell "LOGIC0_X1" due to dont_use attribute.
ABC: Scl_LibertyReadGenlib() skipped cell "LOGIC1_X1" due to dont_use attribute.
ABC: Scl_LibertyReadGenlib() skipped sequential cell "SDFFRS_X1".
ABC: Scl_LibertyReadGenlib() skipped sequential cell "SDFFRS_X2".
ABC: Scl_LibertyReadGenlib() skipped sequential cell "SDFFR_X1".
ABC: Scl_LibertyReadGenlib() skipped sequential cell "SDFFR_X2".
ABC: Scl_LibertyReadGenlib() skipped sequential cell "SDFFS_X1".
ABC: Scl_LibertyReadGenlib() skipped sequential cell "SDFFS_X2".
ABC: Scl_LibertyReadGenlib() skipped sequential cell "SDFF_X1".
ABC: Scl_LibertyReadGenlib() skipped sequential cell "SDFF_X2".
ABC: Scl_LibertyReadGenlib() skipped three-state cell "TBUF_X1".
ABC: Scl_LibertyReadGenlib() skipped three-state cell "TBUF_X2".
ABC: Scl_LibertyReadGenlib() skipped three-state cell "TBUF_X4".
ABC: Scl_LibertyReadGenlib() skipped three-state cell "TBUF_X8".
ABC: Scl_LibertyReadGenlib() skipped three-state cell "TBUF_X16".
ABC: Scl_LibertyReadGenlib() skipped three-state cell "TINV_X1".
ABC: Scl_LibertyReadGenlib() skipped sequential cell "TLAT_X1".
ABC: Library "NangateOpenCellLibrary" from "/home/houdong/vortex/hw/syn/libs/NangateOpenCellLibrary_typical.lib" has 90 cells (35 skipped: 21 seq; 6 tri-state; 8 no func; 10 dont_use).  Time =     0.03 sec
ABC: Memory =    8.88 MB. Time =     0.03 sec
ABC: Warning: Detected 2 multi-output gates (for example, "FA_X1").
ABC: + strash 
ABC: + ifraig 
ABC: + scorr 
ABC: Warning: The network is combinational (run "fraig" or "fraig_sweep").
ABC: + dc2 
ABC: + dretime 
ABC: + retime -D 2.5 
ABC: + strash 
ABC: + &get -n 
ABC: + &dch -f 
ABC: + &nf -D 2.5 
ABC: + &put 
ABC: + write_blif <abc-temp-dir>/output.blif 

22.1.2. Re-integrating ABC results.
ABC RESULTS:           AND2_X1 cells:        8
ABC RESULTS:           AND3_X1 cells:        4
ABC RESULTS:           AND4_X1 cells:        1
ABC RESULTS:         AOI211_X1 cells:        8
ABC RESULTS:          AOI21_X1 cells:       34
ABC RESULTS:          AOI22_X1 cells:        4
ABC RESULTS:            INV_X1 cells:       39
ABC RESULTS:           MUX2_X1 cells:        4
ABC RESULTS:          NAND2_X1 cells:       27
ABC RESULTS:          NAND3_X1 cells:       12
ABC RESULTS:           NOR2_X1 cells:       20
ABC RESULTS:           NOR3_X1 cells:        7
ABC RESULTS:         OAI211_X1 cells:        5
ABC RESULTS:          OAI21_X1 cells:       10
ABC RESULTS:          OAI22_X1 cells:        2
ABC RESULTS:          OAI33_X1 cells:        2
ABC RESULTS:            OR2_X1 cells:        6
ABC RESULTS:          XNOR2_X1 cells:       14
ABC RESULTS:           XOR2_X1 cells:        4
ABC RESULTS:        internal signals:      629
ABC RESULTS:           input signals:       71
ABC RESULTS:          output signals:       52
Removing temp directory.

22.2. Extracting gate netlist of module `\VX_cp_arbiter_top' to `<abc-temp-dir>/input.blif'..
Extracted 0 gates and 0 wires to a netlist network with 0 inputs and 0 outputs.
Don't call ABC as there is nothing to map.
Removing temp directory.

23. Printing statistics.

=== $paramod\VX_cp_arbiter\N=4\ENABLE_PRIORITY=1'1\ENABLE_AGING=1'1 ===

   Number of wires:                733
   Number of wire bits:           2163
   Number of public wires:          32
   Number of public wire bits:     250
   Number of memories:               0
   Number of memory bits:            0
   Number of processes:              0
   Number of cells:                241
     AND2_X1                         8
     AND3_X1                         4
     AND4_X1                         1
     AOI211_X1                       8
     AOI21_X1                       34
     AOI22_X1                        4
     DFF_X1                         30
     INV_X1                         39
     MUX2_X1                         4
     NAND2_X1                       27
     NAND3_X1                       12
     NOR2_X1                        20
     NOR3_X1                         7
     OAI211_X1                       5
     OAI21_X1                       10
     OAI22_X1                        2
     OAI33_X1                        2
     OR2_X1                          6
     XNOR2_X1                       14
     XOR2_X1                         4

   Chip area for module '$paramod\VX_cp_arbiter\N=4\ENABLE_PRIORITY=1'1\ENABLE_AGING=1'1': 347.928000

=== VX_cp_arbiter_top ===

   Number of wires:                 16
   Number of wire bits:            126
   Number of public wires:          16
   Number of public wire bits:     126
   Number of memories:               0
   Number of memory bits:            0
   Number of processes:              0
   Number of cells:                  1
     $paramod\VX_cp_arbiter\N=4\ENABLE_PRIORITY=1'1\ENABLE_AGING=1'1      1

   Area for cell type $paramod\VX_cp_arbiter\N=4\ENABLE_PRIORITY=1'1\ENABLE_AGING=1'1 is unknown!

=== design hierarchy ===

   VX_cp_arbiter_top                 1
     $paramod\VX_cp_arbiter\N=4\ENABLE_PRIORITY=1'1\ENABLE_AGING=1'1      1

   Number of wires:                749
   Number of wire bits:           2289
   Number of public wires:          48
   Number of public wire bits:     376
   Number of memories:               0
   Number of memory bits:            0
   Number of processes:              0
   Number of cells:                241
     AND2_X1                         8
     AND3_X1                         4
     AND4_X1                         1
     AOI211_X1                       8
     AOI21_X1                       34
     AOI22_X1                        4
     DFF_X1                         30
     INV_X1                         39
     MUX2_X1                         4
     NAND2_X1                       27
     NAND3_X1                       12
     NOR2_X1                        20
     NOR3_X1                         7
     OAI211_X1                       5
     OAI21_X1                       10
     OAI22_X1                        2
     OAI33_X1                        2
     OR2_X1                          6
     XNOR2_X1                       14
     XOR2_X1                         4

   Chip area for top module '\VX_cp_arbiter_top': 347.928000

24. Executing Verilog backend.
Dumping module `$paramod\VX_cp_arbiter\N=4\ENABLE_PRIORITY=1'1\ENABLE_AGING=1'1'.
Dumping module `\VX_cp_arbiter_top'.

Warnings: 11 unique messages, 75 total
End of script. Logfile hash: a50430554f
CPU: user 0.59s system 0.02s, MEM: 46.41 MB total, 37.23 MB resident
Yosys 0.9 (git sha1 1979e0b)
Time spent: 12% 1x techmap (0 sec), 10% 20x opt_expr (0 sec), ...
