
 /----------------------------------------------------------------------------\
 |                                                                            |
 |  yosys -- Yosys Open SYnthesis Suite                                       |
 |                                                                            |
 |  Copyright (C) 2012 - 2019  Clifford Wolf <clifford@clifford.at>           |
 |                                                                            |
 |  Permission to use, copy, modify, and/or distribute this software for any  |
 |  purpose with or without fee is hereby granted, provided that the above    |
 |  copyright notice and this permission notice appear in all copies.         |
 |                                                                            |
 |  THE SOFTWARE IS PROVIDED "AS IS" AND THE AUTHOR DISCLAIMS ALL WARRANTIES  |
 |  WITH REGARD TO THIS SOFTWARE INCLUDING ALL IMPLIED WARRANTIES OF          |
 |  MERCHANTABILITY AND FITNESS. IN NO EVENT SHALL THE AUTHOR BE LIABLE FOR   |
 |  ANY SPECIAL, DIRECT, INDIRECT, OR CONSEQUENTIAL DAMAGES OR ANY DAMAGES    |
 |  WHATSOEVER RESULTING FROM LOSS OF USE, DATA OR PROFITS, WHETHER IN AN     |
 |  ACTION OF CONTRACT, NEGLIGENCE OR OTHER TORTIOUS ACTION, ARISING OUT OF   |
 |  OR IN CONNECTION WITH THE USE OR PERFORMANCE OF THIS SOFTWARE.            |
 |                                                                            |
 \----------------------------------------------------------------------------/

 Yosys 0.9 (git sha1 1979e0b)


-- Executing script file `results/exp06/ppa/prefetch/asic400_out/synth.ys' --

1. Executing Liberty frontend.
Imported 135 cell types from liberty file.

2. Executing Verilog-2005 frontend: results/exp06/ppa/prefetch/cp_fetch_input.v
Parsing SystemVerilog input from `results/exp06/ppa/prefetch/cp_fetch_input.v' to AST representation.
Storing AST representation for module `$abstract\VX_cp_unpack'.
Storing AST representation for module `$abstract\VX_cp_fetch_top'.
Successfully finished Verilog frontend.

3. Executing HIERARCHY pass (managing design hierarchy).

4. Executing AST frontend in derive mode using pre-parsed AST for module `\VX_cp_fetch_top'.
Generating RTLIL representation for module `\VX_cp_fetch_top'.

4.1. Analyzing design hierarchy..
Top module:  \VX_cp_fetch_top

4.2. Executing AST frontend in derive mode using pre-parsed AST for module `\VX_cp_unpack'.
Generating RTLIL representation for module `\VX_cp_unpack'.
Note: Assuming pure combinatorial block at results/exp06/ppa/prefetch/cp_fetch_input.v:161 in
compliance with IEC 62142(E):2005 / IEEE Std. 1364.1(E):2002. Recommending
use of @* instead of @(...) for better match of synthesis and simulation.

4.3. Analyzing design hierarchy..
Top module:  \VX_cp_fetch_top
Used module:     \VX_cp_unpack

4.4. Analyzing design hierarchy..
Top module:  \VX_cp_fetch_top
Used module:     \VX_cp_unpack
Removing unused module `$abstract\VX_cp_fetch_top'.
Removing unused module `$abstract\VX_cp_unpack'.
Removed 2 unused modules.

5. Executing PROC pass (convert processes to netlists).

5.1. Executing PROC_CLEAN pass (remove empty switches from decision trees).
Found and cleaned up 1 empty switch in `\VX_cp_unpack.$proc$results/exp06/ppa/prefetch/cp_fetch_input.v:161$134'.
Found and cleaned up 1 empty switch in `\VX_cp_fetch_top.$proc$results/exp06/ppa/prefetch/cp_fetch_input.v:600$45'.
Found and cleaned up 1 empty switch in `\VX_cp_fetch_top.$proc$results/exp06/ppa/prefetch/cp_fetch_input.v:518$21'.
Cleaned up 3 empty switches.

5.2. Executing PROC_RMDEAD pass (remove dead branches from decision trees).
Marked 41 switch rules as full_case in process $proc$results/exp06/ppa/prefetch/cp_fetch_input.v:161$134 in module VX_cp_unpack.
Marked 4 switch rules as full_case in process $proc$results/exp06/ppa/prefetch/cp_fetch_input.v:536$24 in module VX_cp_fetch_top.
Marked 3 switch rules as full_case in process $proc$results/exp06/ppa/prefetch/cp_fetch_input.v:518$21 in module VX_cp_fetch_top.
Removed a total of 0 dead cases.

5.3. Executing PROC_INIT pass (extract init attributes).

5.4. Executing PROC_ARST pass (detect async resets in processes).

5.5. Executing PROC_MUX pass (convert decision trees to multiplexers).
Creating decoders for process `\VX_cp_unpack.$proc$results/exp06/ppa/prefetch/cp_fetch_input.v:213$864'.
     1/1: $0\_sv2v_0[0:0]
Creating decoders for process `\VX_cp_unpack.$proc$results/exp06/ppa/prefetch/cp_fetch_input.v:161$134'.
     1/553: $1$func$\read_hdr$results/exp06/ppa/prefetch/cp_fetch_input.v:184$55$\h[31:0]$246 [31:24]
     2/553: $4$func$\cl_byte$results/exp06/ppa/prefetch/cp_fetch_input.v:56$132$\cl_byte[7:0]$857
     3/553: $4$func$\cl_byte$results/exp06/ppa/prefetch/cp_fetch_input.v:56$132$\idx[31:0]$858
     4/553: $10$func$\read64$results/exp06/ppa/prefetch/cp_fetch_input.v:204$116$\v[55:48]$847
     5/553: $4$func$\cl_byte$results/exp06/ppa/prefetch/cp_fetch_input.v:56$131$\cl_byte[7:0]$848
     6/553: $4$func$\cl_byte$results/exp06/ppa/prefetch/cp_fetch_input.v:56$131$\idx[31:0]$849
     7/553: $9$func$\read64$results/exp06/ppa/prefetch/cp_fetch_input.v:204$116$\v[47:40]$838
     8/553: $4$func$\cl_byte$results/exp06/ppa/prefetch/cp_fetch_input.v:56$130$\cl_byte[7:0]$839
     9/553: $4$func$\cl_byte$results/exp06/ppa/prefetch/cp_fetch_input.v:56$130$\idx[31:0]$840
    10/553: $8$func$\read64$results/exp06/ppa/prefetch/cp_fetch_input.v:204$116$\v[39:32]$829
    11/553: $4$func$\cl_byte$results/exp06/ppa/prefetch/cp_fetch_input.v:56$129$\cl_byte[7:0]$830
    12/553: $4$func$\cl_byte$results/exp06/ppa/prefetch/cp_fetch_input.v:56$129$\idx[31:0]$831
    13/553: $7$func$\read64$results/exp06/ppa/prefetch/cp_fetch_input.v:204$116$\v[31:24]$820
    14/553: $4$func$\cl_byte$results/exp06/ppa/prefetch/cp_fetch_input.v:56$128$\cl_byte[7:0]$821
    15/553: $4$func$\cl_byte$results/exp06/ppa/prefetch/cp_fetch_input.v:56$128$\idx[31:0]$822
    16/553: $6$func$\read64$results/exp06/ppa/prefetch/cp_fetch_input.v:204$116$\v[23:16]$811
    17/553: $4$func$\cl_byte$results/exp06/ppa/prefetch/cp_fetch_input.v:56$127$\cl_byte[7:0]$812
    18/553: $4$func$\cl_byte$results/exp06/ppa/prefetch/cp_fetch_input.v:56$127$\idx[31:0]$813
    19/553: $5$func$\read64$results/exp06/ppa/prefetch/cp_fetch_input.v:204$116$\v[15:8]$802
    20/553: $4$func$\cl_byte$results/exp06/ppa/prefetch/cp_fetch_input.v:56$126$\cl_byte[7:0]$803
    21/553: $4$func$\cl_byte$results/exp06/ppa/prefetch/cp_fetch_input.v:56$126$\idx[31:0]$804
    22/553: $4$func$\read64$results/exp06/ppa/prefetch/cp_fetch_input.v:204$116$\v[7:0]$793
    23/553: $4$func$\cl_byte$results/exp06/ppa/prefetch/cp_fetch_input.v:56$125$\cl_byte[7:0]$794
    24/553: $4$func$\cl_byte$results/exp06/ppa/prefetch/cp_fetch_input.v:56$125$\idx[31:0]$795
    25/553: $11$func$\read64$results/exp06/ppa/prefetch/cp_fetch_input.v:202$98$\v[63:56]$782
    26/553: $4$func$\cl_byte$results/exp06/ppa/prefetch/cp_fetch_input.v:56$114$\cl_byte[7:0]$783
    27/553: $4$func$\cl_byte$results/exp06/ppa/prefetch/cp_fetch_input.v:56$114$\idx[31:0]$784
    28/553: $10$func$\read64$results/exp06/ppa/prefetch/cp_fetch_input.v:202$98$\v[55:48]$773
    29/553: $4$func$\cl_byte$results/exp06/ppa/prefetch/cp_fetch_input.v:56$113$\cl_byte[7:0]$774
    30/553: $4$func$\cl_byte$results/exp06/ppa/prefetch/cp_fetch_input.v:56$113$\idx[31:0]$775
    31/553: $9$func$\read64$results/exp06/ppa/prefetch/cp_fetch_input.v:202$98$\v[47:40]$764
    32/553: $4$func$\cl_byte$results/exp06/ppa/prefetch/cp_fetch_input.v:56$112$\cl_byte[7:0]$765
    33/553: $4$func$\cl_byte$results/exp06/ppa/prefetch/cp_fetch_input.v:56$112$\idx[31:0]$766
    34/553: $8$func$\read64$results/exp06/ppa/prefetch/cp_fetch_input.v:202$98$\v[39:32]$755
    35/553: $4$func$\cl_byte$results/exp06/ppa/prefetch/cp_fetch_input.v:56$111$\cl_byte[7:0]$756
    36/553: $4$func$\cl_byte$results/exp06/ppa/prefetch/cp_fetch_input.v:56$111$\idx[31:0]$757
    37/553: $7$func$\read64$results/exp06/ppa/prefetch/cp_fetch_input.v:202$98$\v[31:24]$746
    38/553: $4$func$\cl_byte$results/exp06/ppa/prefetch/cp_fetch_input.v:56$110$\cl_byte[7:0]$747
    39/553: $4$func$\cl_byte$results/exp06/ppa/prefetch/cp_fetch_input.v:56$110$\idx[31:0]$748
    40/553: $6$func$\read64$results/exp06/ppa/prefetch/cp_fetch_input.v:202$98$\v[23:16]$737
    41/553: $4$func$\cl_byte$results/exp06/ppa/prefetch/cp_fetch_input.v:56$109$\cl_byte[7:0]$738
    42/553: $4$func$\cl_byte$results/exp06/ppa/prefetch/cp_fetch_input.v:56$109$\idx[31:0]$739
    43/553: $5$func$\read64$results/exp06/ppa/prefetch/cp_fetch_input.v:202$98$\v[15:8]$728
    44/553: $4$func$\cl_byte$results/exp06/ppa/prefetch/cp_fetch_input.v:56$108$\cl_byte[7:0]$729
    45/553: $4$func$\cl_byte$results/exp06/ppa/prefetch/cp_fetch_input.v:56$108$\idx[31:0]$730
    46/553: $4$func$\read64$results/exp06/ppa/prefetch/cp_fetch_input.v:202$98$\v[7:0]$719
    47/553: $4$func$\cl_byte$results/exp06/ppa/prefetch/cp_fetch_input.v:56$107$\cl_byte[7:0]$720
    48/553: $4$func$\cl_byte$results/exp06/ppa/prefetch/cp_fetch_input.v:56$107$\idx[31:0]$721
    49/553: $11$func$\read64$results/exp06/ppa/prefetch/cp_fetch_input.v:200$81$\v[63:56]$709
    50/553: $4$func$\cl_byte$results/exp06/ppa/prefetch/cp_fetch_input.v:56$97$\cl_byte[7:0]$710
    51/553: $4$func$\cl_byte$results/exp06/ppa/prefetch/cp_fetch_input.v:56$97$\idx[31:0]$711
    52/553: $10$func$\read64$results/exp06/ppa/prefetch/cp_fetch_input.v:200$81$\v[55:48]$700
    53/553: $4$func$\cl_byte$results/exp06/ppa/prefetch/cp_fetch_input.v:56$96$\cl_byte[7:0]$701
    54/553: $4$func$\cl_byte$results/exp06/ppa/prefetch/cp_fetch_input.v:56$96$\idx[31:0]$702
    55/553: $9$func$\read64$results/exp06/ppa/prefetch/cp_fetch_input.v:200$81$\v[47:40]$691
    56/553: $4$func$\cl_byte$results/exp06/ppa/prefetch/cp_fetch_input.v:56$95$\cl_byte[7:0]$692
    57/553: $4$func$\cl_byte$results/exp06/ppa/prefetch/cp_fetch_input.v:56$95$\idx[31:0]$693
    58/553: $8$func$\read64$results/exp06/ppa/prefetch/cp_fetch_input.v:200$81$\v[39:32]$682
    59/553: $4$func$\cl_byte$results/exp06/ppa/prefetch/cp_fetch_input.v:56$94$\cl_byte[7:0]$683
    60/553: $4$func$\cl_byte$results/exp06/ppa/prefetch/cp_fetch_input.v:56$94$\idx[31:0]$684
    61/553: $7$func$\read64$results/exp06/ppa/prefetch/cp_fetch_input.v:200$81$\v[31:24]$673
    62/553: $4$func$\cl_byte$results/exp06/ppa/prefetch/cp_fetch_input.v:56$93$\cl_byte[7:0]$674
    63/553: $4$func$\cl_byte$results/exp06/ppa/prefetch/cp_fetch_input.v:56$93$\idx[31:0]$675
    64/553: $6$func$\read64$results/exp06/ppa/prefetch/cp_fetch_input.v:200$81$\v[23:16]$664
    65/553: $4$func$\cl_byte$results/exp06/ppa/prefetch/cp_fetch_input.v:56$92$\cl_byte[7:0]$665
    66/553: $4$func$\cl_byte$results/exp06/ppa/prefetch/cp_fetch_input.v:56$92$\idx[31:0]$666
    67/553: $5$func$\read64$results/exp06/ppa/prefetch/cp_fetch_input.v:200$81$\v[15:8]$655
    68/553: $4$func$\cl_byte$results/exp06/ppa/prefetch/cp_fetch_input.v:56$91$\cl_byte[7:0]$656
    69/553: $4$func$\cl_byte$results/exp06/ppa/prefetch/cp_fetch_input.v:56$91$\idx[31:0]$657
    70/553: $4$func$\read64$results/exp06/ppa/prefetch/cp_fetch_input.v:200$81$\v[7:0]$646
    71/553: $4$func$\cl_byte$results/exp06/ppa/prefetch/cp_fetch_input.v:56$90$\cl_byte[7:0]$647
    72/553: $4$func$\cl_byte$results/exp06/ppa/prefetch/cp_fetch_input.v:56$90$\idx[31:0]$648
    73/553: $11$func$\read64$results/exp06/ppa/prefetch/cp_fetch_input.v:198$64$\v[63:56]$636
    74/553: $4$func$\cl_byte$results/exp06/ppa/prefetch/cp_fetch_input.v:56$80$\cl_byte[7:0]$637
    75/553: $4$func$\cl_byte$results/exp06/ppa/prefetch/cp_fetch_input.v:56$80$\idx[31:0]$638
    76/553: $10$func$\read64$results/exp06/ppa/prefetch/cp_fetch_input.v:198$64$\v[55:48]$627
    77/553: $4$func$\cl_byte$results/exp06/ppa/prefetch/cp_fetch_input.v:56$79$\cl_byte[7:0]$628
    78/553: $4$func$\cl_byte$results/exp06/ppa/prefetch/cp_fetch_input.v:56$79$\idx[31:0]$629
    79/553: $9$func$\read64$results/exp06/ppa/prefetch/cp_fetch_input.v:198$64$\v[47:40]$618
    80/553: $4$func$\cl_byte$results/exp06/ppa/prefetch/cp_fetch_input.v:56$78$\cl_byte[7:0]$619
    81/553: $4$func$\cl_byte$results/exp06/ppa/prefetch/cp_fetch_input.v:56$78$\idx[31:0]$620
    82/553: $8$func$\read64$results/exp06/ppa/prefetch/cp_fetch_input.v:198$64$\v[39:32]$609
    83/553: $4$func$\cl_byte$results/exp06/ppa/prefetch/cp_fetch_input.v:56$77$\cl_byte[7:0]$610
    84/553: $4$func$\cl_byte$results/exp06/ppa/prefetch/cp_fetch_input.v:56$77$\idx[31:0]$611
    85/553: $7$func$\read64$results/exp06/ppa/prefetch/cp_fetch_input.v:198$64$\v[31:24]$600
    86/553: $4$func$\cl_byte$results/exp06/ppa/prefetch/cp_fetch_input.v:56$76$\cl_byte[7:0]$601
    87/553: $4$func$\cl_byte$results/exp06/ppa/prefetch/cp_fetch_input.v:56$76$\idx[31:0]$602
    88/553: $6$func$\read64$results/exp06/ppa/prefetch/cp_fetch_input.v:198$64$\v[23:16]$591
    89/553: $4$func$\cl_byte$results/exp06/ppa/prefetch/cp_fetch_input.v:56$75$\cl_byte[7:0]$592
    90/553: $4$func$\cl_byte$results/exp06/ppa/prefetch/cp_fetch_input.v:56$75$\idx[31:0]$593
    91/553: $5$func$\read64$results/exp06/ppa/prefetch/cp_fetch_input.v:198$64$\v[15:8]$582
    92/553: $4$func$\cl_byte$results/exp06/ppa/prefetch/cp_fetch_input.v:56$74$\cl_byte[7:0]$583
    93/553: $4$func$\cl_byte$results/exp06/ppa/prefetch/cp_fetch_input.v:56$74$\idx[31:0]$584
    94/553: $4$func$\read64$results/exp06/ppa/prefetch/cp_fetch_input.v:198$64$\v[7:0]$573
    95/553: $4$func$\cl_byte$results/exp06/ppa/prefetch/cp_fetch_input.v:56$73$\cl_byte[7:0]$574
    96/553: $4$func$\cl_byte$results/exp06/ppa/prefetch/cp_fetch_input.v:56$73$\idx[31:0]$575
    97/553: $3\has_cmd[0:0]
    98/553: $3\cmd_size[6:0]
    99/553: $3$func$\sv2v_cast_06687$results/exp06/ppa/prefetch/cp_fetch_input.v:206$133$\sv2v_cast_06687[6:0]$568
   100/553: $3$func$\sv2v_cast_06687$results/exp06/ppa/prefetch/cp_fetch_input.v:206$133$\inp[6:0]$569
   101/553: $11$func$\read64$results/exp06/ppa/prefetch/cp_fetch_input.v:204$116$\v[63:56]$856
   102/553: $3$func$\read64$results/exp06/ppa/prefetch/cp_fetch_input.v:204$116$\read64[63:0]$548
   103/553: $3$func$\read64$results/exp06/ppa/prefetch/cp_fetch_input.sv2v_autoblock_1.v:204$116$\sv2v_autoblock_1\i[31:0]$551
   104/553: $3$func$\cl_byte$results/exp06/ppa/prefetch/cp_fetch_input.v:56$132$\idx[31:0]$567
   105/553: $3$func$\cl_byte$results/exp06/ppa/prefetch/cp_fetch_input.v:56$132$\cl_byte[7:0]$566
   106/553: $3$func$\read64$results/exp06/ppa/prefetch/cp_fetch_input.v:204$116$\v[63:0]$550 [55:48]
   107/553: $3$func$\cl_byte$results/exp06/ppa/prefetch/cp_fetch_input.v:56$131$\idx[31:0]$565
   108/553: $3$func$\cl_byte$results/exp06/ppa/prefetch/cp_fetch_input.v:56$131$\cl_byte[7:0]$564
   109/553: $3$func$\read64$results/exp06/ppa/prefetch/cp_fetch_input.v:204$116$\v[63:0]$550 [47:40]
   110/553: $3$func$\cl_byte$results/exp06/ppa/prefetch/cp_fetch_input.v:56$130$\idx[31:0]$563
   111/553: $3$func$\cl_byte$results/exp06/ppa/prefetch/cp_fetch_input.v:56$130$\cl_byte[7:0]$562
   112/553: $3$func$\read64$results/exp06/ppa/prefetch/cp_fetch_input.v:204$116$\v[63:0]$550 [39:32]
   113/553: $3$func$\cl_byte$results/exp06/ppa/prefetch/cp_fetch_input.v:56$129$\idx[31:0]$561
   114/553: $3$func$\cl_byte$results/exp06/ppa/prefetch/cp_fetch_input.v:56$129$\cl_byte[7:0]$560
   115/553: $3$func$\read64$results/exp06/ppa/prefetch/cp_fetch_input.v:204$116$\v[63:0]$550 [31:24]
   116/553: $3$func$\cl_byte$results/exp06/ppa/prefetch/cp_fetch_input.v:56$128$\idx[31:0]$559
   117/553: $3$func$\cl_byte$results/exp06/ppa/prefetch/cp_fetch_input.v:56$128$\cl_byte[7:0]$558
   118/553: $3$func$\read64$results/exp06/ppa/prefetch/cp_fetch_input.v:204$116$\v[63:0]$550 [23:16]
   119/553: $3$func$\cl_byte$results/exp06/ppa/prefetch/cp_fetch_input.v:56$127$\idx[31:0]$557
   120/553: $3$func$\cl_byte$results/exp06/ppa/prefetch/cp_fetch_input.v:56$127$\cl_byte[7:0]$556
   121/553: $3$func$\read64$results/exp06/ppa/prefetch/cp_fetch_input.v:204$116$\v[63:0]$550 [15:8]
   122/553: $3$func$\cl_byte$results/exp06/ppa/prefetch/cp_fetch_input.v:56$126$\idx[31:0]$555
   123/553: $3$func$\cl_byte$results/exp06/ppa/prefetch/cp_fetch_input.v:56$126$\cl_byte[7:0]$554
   124/553: $3$func$\read64$results/exp06/ppa/prefetch/cp_fetch_input.v:204$116$\v[63:0]$550 [7:0]
   125/553: $3$func$\cl_byte$results/exp06/ppa/prefetch/cp_fetch_input.v:56$125$\idx[31:0]$553
   126/553: $3$func$\cl_byte$results/exp06/ppa/prefetch/cp_fetch_input.v:56$125$\cl_byte[7:0]$552
   127/553: $3$func$\read64$results/exp06/ppa/prefetch/cp_fetch_input.v:202$98$\v[63:0]$528 [63:56]
   128/553: $3$func$\read64$results/exp06/ppa/prefetch/cp_fetch_input.v:204$116$\off[31:0]$549
   129/553: $3$func$\sv2v_cast_32_signed$results/exp06/ppa/prefetch/cp_fetch_input.v:204$115$\sv2v_cast_32_signed[31:0]$546
   130/553: $3$func$\sv2v_cast_32_signed$results/exp06/ppa/prefetch/cp_fetch_input.v:204$115$\inp[31:0]$547
   131/553: $3\cmd[287:0] [63:0]
   132/553: $3$func$\read64$results/exp06/ppa/prefetch/cp_fetch_input.v:202$98$\read64[63:0]$526
   133/553: $3$func$\read64$results/exp06/ppa/prefetch/cp_fetch_input.sv2v_autoblock_1.v:202$98$\sv2v_autoblock_1\i[31:0]$529
   134/553: $3$func$\cl_byte$results/exp06/ppa/prefetch/cp_fetch_input.v:56$114$\idx[31:0]$545
   135/553: $3$func$\cl_byte$results/exp06/ppa/prefetch/cp_fetch_input.v:56$114$\cl_byte[7:0]$544
   136/553: $3$func$\read64$results/exp06/ppa/prefetch/cp_fetch_input.v:202$98$\v[63:0]$528 [55:48]
   137/553: $3$func$\cl_byte$results/exp06/ppa/prefetch/cp_fetch_input.v:56$113$\idx[31:0]$543
   138/553: $3$func$\cl_byte$results/exp06/ppa/prefetch/cp_fetch_input.v:56$113$\cl_byte[7:0]$542
   139/553: $3$func$\read64$results/exp06/ppa/prefetch/cp_fetch_input.v:202$98$\v[63:0]$528 [47:40]
   140/553: $3$func$\cl_byte$results/exp06/ppa/prefetch/cp_fetch_input.v:56$112$\idx[31:0]$541
   141/553: $3$func$\cl_byte$results/exp06/ppa/prefetch/cp_fetch_input.v:56$112$\cl_byte[7:0]$540
   142/553: $3$func$\read64$results/exp06/ppa/prefetch/cp_fetch_input.v:202$98$\v[63:0]$528 [39:32]
   143/553: $3$func$\cl_byte$results/exp06/ppa/prefetch/cp_fetch_input.v:56$111$\idx[31:0]$539
   144/553: $3$func$\cl_byte$results/exp06/ppa/prefetch/cp_fetch_input.v:56$111$\cl_byte[7:0]$538
   145/553: $3$func$\read64$results/exp06/ppa/prefetch/cp_fetch_input.v:202$98$\v[63:0]$528 [31:24]
   146/553: $3$func$\cl_byte$results/exp06/ppa/prefetch/cp_fetch_input.v:56$110$\idx[31:0]$537
   147/553: $3$func$\cl_byte$results/exp06/ppa/prefetch/cp_fetch_input.v:56$110$\cl_byte[7:0]$536
   148/553: $3$func$\read64$results/exp06/ppa/prefetch/cp_fetch_input.v:202$98$\v[63:0]$528 [23:16]
   149/553: $3$func$\cl_byte$results/exp06/ppa/prefetch/cp_fetch_input.v:56$109$\idx[31:0]$535
   150/553: $3$func$\cl_byte$results/exp06/ppa/prefetch/cp_fetch_input.v:56$109$\cl_byte[7:0]$534
   151/553: $3$func$\read64$results/exp06/ppa/prefetch/cp_fetch_input.v:202$98$\v[63:0]$528 [15:8]
   152/553: $3$func$\cl_byte$results/exp06/ppa/prefetch/cp_fetch_input.v:56$108$\idx[31:0]$533
   153/553: $3$func$\cl_byte$results/exp06/ppa/prefetch/cp_fetch_input.v:56$108$\cl_byte[7:0]$532
   154/553: $3$func$\read64$results/exp06/ppa/prefetch/cp_fetch_input.v:202$98$\v[63:0]$528 [7:0]
   155/553: $3$func$\cl_byte$results/exp06/ppa/prefetch/cp_fetch_input.v:56$107$\idx[31:0]$531
   156/553: $3$func$\cl_byte$results/exp06/ppa/prefetch/cp_fetch_input.v:56$107$\cl_byte[7:0]$530
   157/553: $3$func$\read64$results/exp06/ppa/prefetch/cp_fetch_input.v:200$81$\v[63:0]$508 [63:56]
   158/553: $3$func$\read64$results/exp06/ppa/prefetch/cp_fetch_input.v:202$98$\off[31:0]$527
   159/553: $3\cmd[287:0] [127:64]
   160/553: $3$func$\read64$results/exp06/ppa/prefetch/cp_fetch_input.v:200$81$\read64[63:0]$506
   161/553: $3$func$\read64$results/exp06/ppa/prefetch/cp_fetch_input.sv2v_autoblock_1.v:200$81$\sv2v_autoblock_1\i[31:0]$509
   162/553: $3$func$\cl_byte$results/exp06/ppa/prefetch/cp_fetch_input.v:56$97$\idx[31:0]$525
   163/553: $3$func$\cl_byte$results/exp06/ppa/prefetch/cp_fetch_input.v:56$97$\cl_byte[7:0]$524
   164/553: $3$func$\read64$results/exp06/ppa/prefetch/cp_fetch_input.v:200$81$\v[63:0]$508 [55:48]
   165/553: $3$func$\cl_byte$results/exp06/ppa/prefetch/cp_fetch_input.v:56$96$\idx[31:0]$523
   166/553: $3$func$\cl_byte$results/exp06/ppa/prefetch/cp_fetch_input.v:56$96$\cl_byte[7:0]$522
   167/553: $3$func$\read64$results/exp06/ppa/prefetch/cp_fetch_input.v:200$81$\v[63:0]$508 [47:40]
   168/553: $3$func$\cl_byte$results/exp06/ppa/prefetch/cp_fetch_input.v:56$95$\idx[31:0]$521
   169/553: $3$func$\cl_byte$results/exp06/ppa/prefetch/cp_fetch_input.v:56$95$\cl_byte[7:0]$520
   170/553: $3$func$\read64$results/exp06/ppa/prefetch/cp_fetch_input.v:200$81$\v[63:0]$508 [39:32]
   171/553: $3$func$\cl_byte$results/exp06/ppa/prefetch/cp_fetch_input.v:56$94$\idx[31:0]$519
   172/553: $3$func$\cl_byte$results/exp06/ppa/prefetch/cp_fetch_input.v:56$94$\cl_byte[7:0]$518
   173/553: $3$func$\read64$results/exp06/ppa/prefetch/cp_fetch_input.v:200$81$\v[63:0]$508 [31:24]
   174/553: $3$func$\cl_byte$results/exp06/ppa/prefetch/cp_fetch_input.v:56$93$\idx[31:0]$517
   175/553: $3$func$\cl_byte$results/exp06/ppa/prefetch/cp_fetch_input.v:56$93$\cl_byte[7:0]$516
   176/553: $3$func$\read64$results/exp06/ppa/prefetch/cp_fetch_input.v:200$81$\v[63:0]$508 [23:16]
   177/553: $3$func$\cl_byte$results/exp06/ppa/prefetch/cp_fetch_input.v:56$92$\idx[31:0]$515
   178/553: $3$func$\cl_byte$results/exp06/ppa/prefetch/cp_fetch_input.v:56$92$\cl_byte[7:0]$514
   179/553: $3$func$\read64$results/exp06/ppa/prefetch/cp_fetch_input.v:200$81$\v[63:0]$508 [15:8]
   180/553: $3$func$\cl_byte$results/exp06/ppa/prefetch/cp_fetch_input.v:56$91$\idx[31:0]$513
   181/553: $3$func$\cl_byte$results/exp06/ppa/prefetch/cp_fetch_input.v:56$91$\cl_byte[7:0]$512
   182/553: $3$func$\read64$results/exp06/ppa/prefetch/cp_fetch_input.v:200$81$\v[63:0]$508 [7:0]
   183/553: $3$func$\cl_byte$results/exp06/ppa/prefetch/cp_fetch_input.v:56$90$\idx[31:0]$511
   184/553: $3$func$\cl_byte$results/exp06/ppa/prefetch/cp_fetch_input.v:56$90$\cl_byte[7:0]$510
   185/553: $3$func$\read64$results/exp06/ppa/prefetch/cp_fetch_input.v:198$64$\v[63:0]$488 [63:56]
   186/553: $3$func$\read64$results/exp06/ppa/prefetch/cp_fetch_input.v:200$81$\off[31:0]$507
   187/553: $3\cmd[287:0] [191:128]
   188/553: $3$func$\read64$results/exp06/ppa/prefetch/cp_fetch_input.v:198$64$\read64[63:0]$486
   189/553: $3$func$\read64$results/exp06/ppa/prefetch/cp_fetch_input.sv2v_autoblock_1.v:198$64$\sv2v_autoblock_1\i[31:0]$489
   190/553: $3$func$\cl_byte$results/exp06/ppa/prefetch/cp_fetch_input.v:56$80$\idx[31:0]$505
   191/553: $3$func$\cl_byte$results/exp06/ppa/prefetch/cp_fetch_input.v:56$80$\cl_byte[7:0]$504
   192/553: $3$func$\read64$results/exp06/ppa/prefetch/cp_fetch_input.v:198$64$\v[63:0]$488 [55:48]
   193/553: $3$func$\cl_byte$results/exp06/ppa/prefetch/cp_fetch_input.v:56$79$\idx[31:0]$503
   194/553: $3$func$\cl_byte$results/exp06/ppa/prefetch/cp_fetch_input.v:56$79$\cl_byte[7:0]$502
   195/553: $3$func$\read64$results/exp06/ppa/prefetch/cp_fetch_input.v:198$64$\v[63:0]$488 [47:40]
   196/553: $3$func$\cl_byte$results/exp06/ppa/prefetch/cp_fetch_input.v:56$78$\idx[31:0]$501
   197/553: $3$func$\cl_byte$results/exp06/ppa/prefetch/cp_fetch_input.v:56$78$\cl_byte[7:0]$500
   198/553: $3$func$\read64$results/exp06/ppa/prefetch/cp_fetch_input.v:198$64$\v[63:0]$488 [39:32]
   199/553: $3$func$\cl_byte$results/exp06/ppa/prefetch/cp_fetch_input.v:56$77$\idx[31:0]$499
   200/553: $3$func$\cl_byte$results/exp06/ppa/prefetch/cp_fetch_input.v:56$77$\cl_byte[7:0]$498
   201/553: $3$func$\read64$results/exp06/ppa/prefetch/cp_fetch_input.v:198$64$\v[63:0]$488 [31:24]
   202/553: $3$func$\cl_byte$results/exp06/ppa/prefetch/cp_fetch_input.v:56$76$\idx[31:0]$497
   203/553: $3$func$\cl_byte$results/exp06/ppa/prefetch/cp_fetch_input.v:56$76$\cl_byte[7:0]$496
   204/553: $3$func$\read64$results/exp06/ppa/prefetch/cp_fetch_input.v:198$64$\v[63:0]$488 [23:16]
   205/553: $3$func$\cl_byte$results/exp06/ppa/prefetch/cp_fetch_input.v:56$75$\idx[31:0]$495
   206/553: $3$func$\cl_byte$results/exp06/ppa/prefetch/cp_fetch_input.v:56$75$\cl_byte[7:0]$494
   207/553: $3$func$\read64$results/exp06/ppa/prefetch/cp_fetch_input.v:198$64$\v[63:0]$488 [15:8]
   208/553: $3$func$\cl_byte$results/exp06/ppa/prefetch/cp_fetch_input.v:56$74$\idx[31:0]$493
   209/553: $3$func$\cl_byte$results/exp06/ppa/prefetch/cp_fetch_input.v:56$74$\cl_byte[7:0]$492
   210/553: $3$func$\read64$results/exp06/ppa/prefetch/cp_fetch_input.v:198$64$\v[63:0]$488 [7:0]
   211/553: $3$func$\cl_byte$results/exp06/ppa/prefetch/cp_fetch_input.v:56$73$\idx[31:0]$491
   212/553: $3$func$\cl_byte$results/exp06/ppa/prefetch/cp_fetch_input.v:56$73$\cl_byte[7:0]$490
   213/553: $3\cmd[287:0] [287:256]
   214/553: $3$func$\read64$results/exp06/ppa/prefetch/cp_fetch_input.v:198$64$\off[31:0]$487
   215/553: $3\cmd[287:0] [255:192]
   216/553: $3$func$\VX_cp_pkg_cmd_size_bytes$results/exp06/ppa/prefetch/cp_fetch_input.v:192$62$\base[31:0]$481
   217/553: $2$func$\sv2v_cast_06687$results/exp06/ppa/prefetch/cp_fetch_input.v:206$133$\inp[6:0]$480
   218/553: $2$func$\sv2v_cast_06687$results/exp06/ppa/prefetch/cp_fetch_input.v:206$133$\sv2v_cast_06687[6:0]$479
   219/553: $2$func$\cl_byte$results/exp06/ppa/prefetch/cp_fetch_input.v:56$132$\idx[31:0]$478
   220/553: $2$func$\cl_byte$results/exp06/ppa/prefetch/cp_fetch_input.v:56$132$\cl_byte[7:0]$477
   221/553: $2$func$\cl_byte$results/exp06/ppa/prefetch/cp_fetch_input.v:56$131$\idx[31:0]$476
   222/553: $2$func$\cl_byte$results/exp06/ppa/prefetch/cp_fetch_input.v:56$131$\cl_byte[7:0]$475
   223/553: $2$func$\cl_byte$results/exp06/ppa/prefetch/cp_fetch_input.v:56$130$\idx[31:0]$474
   224/553: $2$func$\cl_byte$results/exp06/ppa/prefetch/cp_fetch_input.v:56$130$\cl_byte[7:0]$473
   225/553: $2$func$\cl_byte$results/exp06/ppa/prefetch/cp_fetch_input.v:56$129$\idx[31:0]$472
   226/553: $2$func$\cl_byte$results/exp06/ppa/prefetch/cp_fetch_input.v:56$129$\cl_byte[7:0]$471
   227/553: $2$func$\cl_byte$results/exp06/ppa/prefetch/cp_fetch_input.v:56$128$\idx[31:0]$470
   228/553: $2$func$\cl_byte$results/exp06/ppa/prefetch/cp_fetch_input.v:56$128$\cl_byte[7:0]$469
   229/553: $2$func$\cl_byte$results/exp06/ppa/prefetch/cp_fetch_input.v:56$127$\idx[31:0]$468
   230/553: $2$func$\cl_byte$results/exp06/ppa/prefetch/cp_fetch_input.v:56$127$\cl_byte[7:0]$467
   231/553: $2$func$\cl_byte$results/exp06/ppa/prefetch/cp_fetch_input.v:56$126$\idx[31:0]$466
   232/553: $2$func$\cl_byte$results/exp06/ppa/prefetch/cp_fetch_input.v:56$126$\cl_byte[7:0]$465
   233/553: $2$func$\cl_byte$results/exp06/ppa/prefetch/cp_fetch_input.v:56$125$\idx[31:0]$464
   234/553: $2$func$\cl_byte$results/exp06/ppa/prefetch/cp_fetch_input.v:56$125$\cl_byte[7:0]$463
   235/553: $2$func$\read64$results/exp06/ppa/prefetch/cp_fetch_input.sv2v_autoblock_1.v:204$116$\sv2v_autoblock_1\i[31:0]$462
   236/553: $2$func$\read64$results/exp06/ppa/prefetch/cp_fetch_input.v:204$116$\v[63:0]$461
   237/553: $2$func$\read64$results/exp06/ppa/prefetch/cp_fetch_input.v:204$116$\off[31:0]$460
   238/553: $2$func$\read64$results/exp06/ppa/prefetch/cp_fetch_input.v:204$116$\read64[63:0]$459
   239/553: $2$func$\sv2v_cast_32_signed$results/exp06/ppa/prefetch/cp_fetch_input.v:204$115$\inp[31:0]$458
   240/553: $2$func$\sv2v_cast_32_signed$results/exp06/ppa/prefetch/cp_fetch_input.v:204$115$\sv2v_cast_32_signed[31:0]$457
   241/553: $2$func$\cl_byte$results/exp06/ppa/prefetch/cp_fetch_input.v:56$114$\idx[31:0]$456
   242/553: $2$func$\cl_byte$results/exp06/ppa/prefetch/cp_fetch_input.v:56$114$\cl_byte[7:0]$455
   243/553: $2$func$\cl_byte$results/exp06/ppa/prefetch/cp_fetch_input.v:56$113$\idx[31:0]$454
   244/553: $2$func$\cl_byte$results/exp06/ppa/prefetch/cp_fetch_input.v:56$113$\cl_byte[7:0]$453
   245/553: $2$func$\cl_byte$results/exp06/ppa/prefetch/cp_fetch_input.v:56$112$\idx[31:0]$452
   246/553: $2$func$\cl_byte$results/exp06/ppa/prefetch/cp_fetch_input.v:56$112$\cl_byte[7:0]$451
   247/553: $2$func$\cl_byte$results/exp06/ppa/prefetch/cp_fetch_input.v:56$111$\idx[31:0]$450
   248/553: $2$func$\cl_byte$results/exp06/ppa/prefetch/cp_fetch_input.v:56$111$\cl_byte[7:0]$449
   249/553: $2$func$\cl_byte$results/exp06/ppa/prefetch/cp_fetch_input.v:56$110$\idx[31:0]$448
   250/553: $2$func$\cl_byte$results/exp06/ppa/prefetch/cp_fetch_input.v:56$110$\cl_byte[7:0]$447
   251/553: $2$func$\cl_byte$results/exp06/ppa/prefetch/cp_fetch_input.v:56$109$\idx[31:0]$446
   252/553: $2$func$\cl_byte$results/exp06/ppa/prefetch/cp_fetch_input.v:56$109$\cl_byte[7:0]$445
   253/553: $2$func$\cl_byte$results/exp06/ppa/prefetch/cp_fetch_input.v:56$108$\idx[31:0]$444
   254/553: $2$func$\cl_byte$results/exp06/ppa/prefetch/cp_fetch_input.v:56$108$\cl_byte[7:0]$443
   255/553: $2$func$\cl_byte$results/exp06/ppa/prefetch/cp_fetch_input.v:56$107$\idx[31:0]$442
   256/553: $2$func$\cl_byte$results/exp06/ppa/prefetch/cp_fetch_input.v:56$107$\cl_byte[7:0]$441
   257/553: $2$func$\read64$results/exp06/ppa/prefetch/cp_fetch_input.sv2v_autoblock_1.v:202$98$\sv2v_autoblock_1\i[31:0]$440
   258/553: $2$func$\read64$results/exp06/ppa/prefetch/cp_fetch_input.v:202$98$\v[63:0]$439
   259/553: $2$func$\read64$results/exp06/ppa/prefetch/cp_fetch_input.v:202$98$\off[31:0]$438
   260/553: $2$func$\read64$results/exp06/ppa/prefetch/cp_fetch_input.v:202$98$\read64[63:0]$437
   261/553: $2$func$\cl_byte$results/exp06/ppa/prefetch/cp_fetch_input.v:56$97$\idx[31:0]$436
   262/553: $2$func$\cl_byte$results/exp06/ppa/prefetch/cp_fetch_input.v:56$97$\cl_byte[7:0]$435
   263/553: $2$func$\cl_byte$results/exp06/ppa/prefetch/cp_fetch_input.v:56$96$\idx[31:0]$434
   264/553: $2$func$\cl_byte$results/exp06/ppa/prefetch/cp_fetch_input.v:56$96$\cl_byte[7:0]$433
   265/553: $2$func$\cl_byte$results/exp06/ppa/prefetch/cp_fetch_input.v:56$95$\idx[31:0]$432
   266/553: $2$func$\cl_byte$results/exp06/ppa/prefetch/cp_fetch_input.v:56$95$\cl_byte[7:0]$431
   267/553: $2$func$\cl_byte$results/exp06/ppa/prefetch/cp_fetch_input.v:56$94$\idx[31:0]$430
   268/553: $2$func$\cl_byte$results/exp06/ppa/prefetch/cp_fetch_input.v:56$94$\cl_byte[7:0]$429
   269/553: $2$func$\cl_byte$results/exp06/ppa/prefetch/cp_fetch_input.v:56$93$\idx[31:0]$428
   270/553: $2$func$\cl_byte$results/exp06/ppa/prefetch/cp_fetch_input.v:56$93$\cl_byte[7:0]$427
   271/553: $2$func$\cl_byte$results/exp06/ppa/prefetch/cp_fetch_input.v:56$92$\idx[31:0]$426
   272/553: $2$func$\cl_byte$results/exp06/ppa/prefetch/cp_fetch_input.v:56$92$\cl_byte[7:0]$425
   273/553: $2$func$\cl_byte$results/exp06/ppa/prefetch/cp_fetch_input.v:56$91$\idx[31:0]$424
   274/553: $2$func$\cl_byte$results/exp06/ppa/prefetch/cp_fetch_input.v:56$91$\cl_byte[7:0]$423
   275/553: $2$func$\cl_byte$results/exp06/ppa/prefetch/cp_fetch_input.v:56$90$\idx[31:0]$422
   276/553: $2$func$\cl_byte$results/exp06/ppa/prefetch/cp_fetch_input.v:56$90$\cl_byte[7:0]$421
   277/553: $2$func$\read64$results/exp06/ppa/prefetch/cp_fetch_input.sv2v_autoblock_1.v:200$81$\sv2v_autoblock_1\i[31:0]$420
   278/553: $2$func$\read64$results/exp06/ppa/prefetch/cp_fetch_input.v:200$81$\v[63:0]$419
   279/553: $2$func$\read64$results/exp06/ppa/prefetch/cp_fetch_input.v:200$81$\off[31:0]$418
   280/553: $2$func$\read64$results/exp06/ppa/prefetch/cp_fetch_input.v:200$81$\read64[63:0]$417
   281/553: $2$func$\cl_byte$results/exp06/ppa/prefetch/cp_fetch_input.v:56$80$\idx[31:0]$416
   282/553: $2$func$\cl_byte$results/exp06/ppa/prefetch/cp_fetch_input.v:56$80$\cl_byte[7:0]$415
   283/553: $2$func$\cl_byte$results/exp06/ppa/prefetch/cp_fetch_input.v:56$79$\idx[31:0]$414
   284/553: $2$func$\cl_byte$results/exp06/ppa/prefetch/cp_fetch_input.v:56$79$\cl_byte[7:0]$413
   285/553: $2$func$\cl_byte$results/exp06/ppa/prefetch/cp_fetch_input.v:56$78$\idx[31:0]$412
   286/553: $2$func$\cl_byte$results/exp06/ppa/prefetch/cp_fetch_input.v:56$78$\cl_byte[7:0]$411
   287/553: $2$func$\cl_byte$results/exp06/ppa/prefetch/cp_fetch_input.v:56$77$\idx[31:0]$410
   288/553: $2$func$\cl_byte$results/exp06/ppa/prefetch/cp_fetch_input.v:56$77$\cl_byte[7:0]$409
   289/553: $2$func$\cl_byte$results/exp06/ppa/prefetch/cp_fetch_input.v:56$76$\idx[31:0]$408
   290/553: $2$func$\cl_byte$results/exp06/ppa/prefetch/cp_fetch_input.v:56$76$\cl_byte[7:0]$407
   291/553: $2$func$\cl_byte$results/exp06/ppa/prefetch/cp_fetch_input.v:56$75$\idx[31:0]$406
   292/553: $2$func$\cl_byte$results/exp06/ppa/prefetch/cp_fetch_input.v:56$75$\cl_byte[7:0]$405
   293/553: $2$func$\cl_byte$results/exp06/ppa/prefetch/cp_fetch_input.v:56$74$\idx[31:0]$404
   294/553: $2$func$\cl_byte$results/exp06/ppa/prefetch/cp_fetch_input.v:56$74$\cl_byte[7:0]$403
   295/553: $2$func$\cl_byte$results/exp06/ppa/prefetch/cp_fetch_input.v:56$73$\idx[31:0]$402
   296/553: $2$func$\cl_byte$results/exp06/ppa/prefetch/cp_fetch_input.v:56$73$\cl_byte[7:0]$401
   297/553: $2$func$\read64$results/exp06/ppa/prefetch/cp_fetch_input.sv2v_autoblock_1.v:198$64$\sv2v_autoblock_1\i[31:0]$400
   298/553: $2$func$\read64$results/exp06/ppa/prefetch/cp_fetch_input.v:198$64$\v[63:0]$399
   299/553: $2$func$\read64$results/exp06/ppa/prefetch/cp_fetch_input.v:198$64$\off[31:0]$398
   300/553: $2$func$\read64$results/exp06/ppa/prefetch/cp_fetch_input.v:198$64$\read64[63:0]$397
   301/553: $2\cmd_size[6:0]
   302/553: $2\cmd[287:0]
   303/553: $2\has_cmd[0:0]
   304/553: $2$func$\sv2v_cast_32_signed$results/exp06/ppa/prefetch/cp_fetch_input.v:194$63$\sv2v_cast_32_signed[31:0]$395
   305/553: $2$func$\sv2v_cast_32_signed$results/exp06/ppa/prefetch/cp_fetch_input.v:194$63$\inp[31:0]$396
   306/553: $2\sv2v_autoblock_2.sz[31:0]
   307/553: $2$func$\VX_cp_pkg_cmd_size_bytes$results/exp06/ppa/prefetch/cp_fetch_input.v:192$62$\VX_cp_pkg_cmd_size_bytes[31:0]$391
   308/553: $2$func$\VX_cp_pkg_cmd_size_bytes$results/exp06/ppa/prefetch/cp_fetch_input.v:192$62$\base[31:0]$394
   309/553: $2$func$\VX_cp_pkg_cmd_size_bytes$results/exp06/ppa/prefetch/cp_fetch_input.v:192$62$\profiled[0:0]$393
   310/553: $2$func$\VX_cp_pkg_cmd_size_bytes$results/exp06/ppa/prefetch/cp_fetch_input.v:192$62$\op[7:0]$392
   311/553: $2$func$\VX_cp_pkg_cmd_opcode_valid$results/exp06/ppa/prefetch/cp_fetch_input.v:190$61$\VX_cp_pkg_cmd_opcode_valid[0:0]$385
   312/553: $5$func$\read_hdr$results/exp06/ppa/prefetch/cp_fetch_input.v:184$55$\h[31:24]$378
   313/553: $2$func$\cl_byte$results/exp06/ppa/prefetch/cp_fetch_input.v:83$59$\cl_byte[7:0]$379
   314/553: $2$func$\cl_byte$results/exp06/ppa/prefetch/cp_fetch_input.v:83$59$\idx[31:0]$380
   315/553: $4$func$\read_hdr$results/exp06/ppa/prefetch/cp_fetch_input.v:184$55$\h[23:16]$369
   316/553: $2$func$\cl_byte$results/exp06/ppa/prefetch/cp_fetch_input.v:80$58$\cl_byte[7:0]$370
   317/553: $2$func$\cl_byte$results/exp06/ppa/prefetch/cp_fetch_input.v:80$58$\idx[31:0]$371
   318/553: $3$func$\read_hdr$results/exp06/ppa/prefetch/cp_fetch_input.v:184$55$\h[15:8]$360
   319/553: $2$func$\cl_byte$results/exp06/ppa/prefetch/cp_fetch_input.v:77$57$\cl_byte[7:0]$361
   320/553: $2$func$\cl_byte$results/exp06/ppa/prefetch/cp_fetch_input.v:77$57$\idx[31:0]$362
   321/553: $2$func$\read_hdr$results/exp06/ppa/prefetch/cp_fetch_input.v:184$55$\h[7:0]$351
   322/553: $2$func$\cl_byte$results/exp06/ppa/prefetch/cp_fetch_input.v:74$56$\cl_byte[7:0]$352
   323/553: $2$func$\cl_byte$results/exp06/ppa/prefetch/cp_fetch_input.v:74$56$\idx[31:0]$353
   324/553: $1$func$\sv2v_cast_06687$results/exp06/ppa/prefetch/cp_fetch_input.v:206$133$\inp[6:0]$348
   325/553: $1$func$\sv2v_cast_06687$results/exp06/ppa/prefetch/cp_fetch_input.v:206$133$\sv2v_cast_06687[6:0]$347
   326/553: $1$func$\cl_byte$results/exp06/ppa/prefetch/cp_fetch_input.v:56$132$\idx[31:0]$346
   327/553: $1$func$\cl_byte$results/exp06/ppa/prefetch/cp_fetch_input.v:56$132$\cl_byte[7:0]$345
   328/553: $1$func$\cl_byte$results/exp06/ppa/prefetch/cp_fetch_input.v:56$131$\idx[31:0]$344
   329/553: $1$func$\cl_byte$results/exp06/ppa/prefetch/cp_fetch_input.v:56$131$\cl_byte[7:0]$343
   330/553: $1$func$\cl_byte$results/exp06/ppa/prefetch/cp_fetch_input.v:56$130$\idx[31:0]$342
   331/553: $1$func$\cl_byte$results/exp06/ppa/prefetch/cp_fetch_input.v:56$130$\cl_byte[7:0]$341
   332/553: $1$func$\cl_byte$results/exp06/ppa/prefetch/cp_fetch_input.v:56$129$\idx[31:0]$340
   333/553: $1$func$\cl_byte$results/exp06/ppa/prefetch/cp_fetch_input.v:56$129$\cl_byte[7:0]$339
   334/553: $1$func$\cl_byte$results/exp06/ppa/prefetch/cp_fetch_input.v:56$128$\idx[31:0]$338
   335/553: $1$func$\cl_byte$results/exp06/ppa/prefetch/cp_fetch_input.v:56$128$\cl_byte[7:0]$337
   336/553: $1$func$\cl_byte$results/exp06/ppa/prefetch/cp_fetch_input.v:56$127$\idx[31:0]$336
   337/553: $1$func$\cl_byte$results/exp06/ppa/prefetch/cp_fetch_input.v:56$127$\cl_byte[7:0]$335
   338/553: $1$func$\cl_byte$results/exp06/ppa/prefetch/cp_fetch_input.v:56$126$\idx[31:0]$334
   339/553: $1$func$\cl_byte$results/exp06/ppa/prefetch/cp_fetch_input.v:56$126$\cl_byte[7:0]$333
   340/553: $1$func$\cl_byte$results/exp06/ppa/prefetch/cp_fetch_input.v:56$125$\idx[31:0]$332
   341/553: $1$func$\cl_byte$results/exp06/ppa/prefetch/cp_fetch_input.v:56$125$\cl_byte[7:0]$331
   342/553: $1$func$\read64$results/exp06/ppa/prefetch/cp_fetch_input.sv2v_autoblock_1.v:204$116$\sv2v_autoblock_1\i[31:0]$330
   343/553: $1$func$\read64$results/exp06/ppa/prefetch/cp_fetch_input.v:204$116$\v[63:0]$329
   344/553: $1$func$\read64$results/exp06/ppa/prefetch/cp_fetch_input.v:204$116$\off[31:0]$328
   345/553: $1$func$\read64$results/exp06/ppa/prefetch/cp_fetch_input.v:204$116$\read64[63:0]$327
   346/553: $1$func$\sv2v_cast_32_signed$results/exp06/ppa/prefetch/cp_fetch_input.v:204$115$\inp[31:0]$326
   347/553: $1$func$\sv2v_cast_32_signed$results/exp06/ppa/prefetch/cp_fetch_input.v:204$115$\sv2v_cast_32_signed[31:0]$325
   348/553: $1$func$\cl_byte$results/exp06/ppa/prefetch/cp_fetch_input.v:56$114$\idx[31:0]$324
   349/553: $1$func$\cl_byte$results/exp06/ppa/prefetch/cp_fetch_input.v:56$114$\cl_byte[7:0]$323
   350/553: $1$func$\cl_byte$results/exp06/ppa/prefetch/cp_fetch_input.v:56$113$\idx[31:0]$322
   351/553: $1$func$\cl_byte$results/exp06/ppa/prefetch/cp_fetch_input.v:56$113$\cl_byte[7:0]$321
   352/553: $1$func$\cl_byte$results/exp06/ppa/prefetch/cp_fetch_input.v:56$112$\idx[31:0]$320
   353/553: $1$func$\cl_byte$results/exp06/ppa/prefetch/cp_fetch_input.v:56$112$\cl_byte[7:0]$319
   354/553: $1$func$\cl_byte$results/exp06/ppa/prefetch/cp_fetch_input.v:56$111$\idx[31:0]$318
   355/553: $1$func$\cl_byte$results/exp06/ppa/prefetch/cp_fetch_input.v:56$111$\cl_byte[7:0]$317
   356/553: $1$func$\cl_byte$results/exp06/ppa/prefetch/cp_fetch_input.v:56$110$\idx[31:0]$316
   357/553: $1$func$\cl_byte$results/exp06/ppa/prefetch/cp_fetch_input.v:56$110$\cl_byte[7:0]$315
   358/553: $1$func$\cl_byte$results/exp06/ppa/prefetch/cp_fetch_input.v:56$109$\idx[31:0]$314
   359/553: $1$func$\cl_byte$results/exp06/ppa/prefetch/cp_fetch_input.v:56$109$\cl_byte[7:0]$313
   360/553: $1$func$\cl_byte$results/exp06/ppa/prefetch/cp_fetch_input.v:56$108$\idx[31:0]$312
   361/553: $1$func$\cl_byte$results/exp06/ppa/prefetch/cp_fetch_input.v:56$108$\cl_byte[7:0]$311
   362/553: $1$func$\cl_byte$results/exp06/ppa/prefetch/cp_fetch_input.v:56$107$\idx[31:0]$310
   363/553: $1$func$\cl_byte$results/exp06/ppa/prefetch/cp_fetch_input.v:56$107$\cl_byte[7:0]$309
   364/553: $1$func$\read64$results/exp06/ppa/prefetch/cp_fetch_input.sv2v_autoblock_1.v:202$98$\sv2v_autoblock_1\i[31:0]$308
   365/553: $1$func$\read64$results/exp06/ppa/prefetch/cp_fetch_input.v:202$98$\v[63:0]$307
   366/553: $1$func$\read64$results/exp06/ppa/prefetch/cp_fetch_input.v:202$98$\off[31:0]$306
   367/553: $1$func$\read64$results/exp06/ppa/prefetch/cp_fetch_input.v:202$98$\read64[63:0]$305
   368/553: $1$func$\cl_byte$results/exp06/ppa/prefetch/cp_fetch_input.v:56$97$\idx[31:0]$304
   369/553: $1$func$\cl_byte$results/exp06/ppa/prefetch/cp_fetch_input.v:56$97$\cl_byte[7:0]$303
   370/553: $1$func$\cl_byte$results/exp06/ppa/prefetch/cp_fetch_input.v:56$96$\idx[31:0]$302
   371/553: $1$func$\cl_byte$results/exp06/ppa/prefetch/cp_fetch_input.v:56$96$\cl_byte[7:0]$301
   372/553: $1$func$\cl_byte$results/exp06/ppa/prefetch/cp_fetch_input.v:56$95$\idx[31:0]$300
   373/553: $1$func$\cl_byte$results/exp06/ppa/prefetch/cp_fetch_input.v:56$95$\cl_byte[7:0]$299
   374/553: $1$func$\cl_byte$results/exp06/ppa/prefetch/cp_fetch_input.v:56$94$\idx[31:0]$298
   375/553: $1$func$\cl_byte$results/exp06/ppa/prefetch/cp_fetch_input.v:56$94$\cl_byte[7:0]$297
   376/553: $1$func$\cl_byte$results/exp06/ppa/prefetch/cp_fetch_input.v:56$93$\idx[31:0]$296
   377/553: $1$func$\cl_byte$results/exp06/ppa/prefetch/cp_fetch_input.v:56$93$\cl_byte[7:0]$295
   378/553: $1$func$\cl_byte$results/exp06/ppa/prefetch/cp_fetch_input.v:56$92$\idx[31:0]$294
   379/553: $1$func$\cl_byte$results/exp06/ppa/prefetch/cp_fetch_input.v:56$92$\cl_byte[7:0]$293
   380/553: $1$func$\cl_byte$results/exp06/ppa/prefetch/cp_fetch_input.v:56$91$\idx[31:0]$292
   381/553: $1$func$\cl_byte$results/exp06/ppa/prefetch/cp_fetch_input.v:56$91$\cl_byte[7:0]$291
   382/553: $1$func$\cl_byte$results/exp06/ppa/prefetch/cp_fetch_input.v:56$90$\idx[31:0]$290
   383/553: $1$func$\cl_byte$results/exp06/ppa/prefetch/cp_fetch_input.v:56$90$\cl_byte[7:0]$289
   384/553: $1$func$\read64$results/exp06/ppa/prefetch/cp_fetch_input.sv2v_autoblock_1.v:200$81$\sv2v_autoblock_1\i[31:0]$288
   385/553: $1$func$\read64$results/exp06/ppa/prefetch/cp_fetch_input.v:200$81$\v[63:0]$287
   386/553: $1$func$\read64$results/exp06/ppa/prefetch/cp_fetch_input.v:200$81$\off[31:0]$286
   387/553: $1$func$\read64$results/exp06/ppa/prefetch/cp_fetch_input.v:200$81$\read64[63:0]$285
   388/553: $1$func$\cl_byte$results/exp06/ppa/prefetch/cp_fetch_input.v:56$80$\idx[31:0]$284
   389/553: $1$func$\cl_byte$results/exp06/ppa/prefetch/cp_fetch_input.v:56$80$\cl_byte[7:0]$283
   390/553: $1$func$\cl_byte$results/exp06/ppa/prefetch/cp_fetch_input.v:56$79$\idx[31:0]$282
   391/553: $1$func$\cl_byte$results/exp06/ppa/prefetch/cp_fetch_input.v:56$79$\cl_byte[7:0]$281
   392/553: $1$func$\cl_byte$results/exp06/ppa/prefetch/cp_fetch_input.v:56$78$\idx[31:0]$280
   393/553: $1$func$\cl_byte$results/exp06/ppa/prefetch/cp_fetch_input.v:56$78$\cl_byte[7:0]$279
   394/553: $1$func$\cl_byte$results/exp06/ppa/prefetch/cp_fetch_input.v:56$77$\idx[31:0]$278
   395/553: $1$func$\cl_byte$results/exp06/ppa/prefetch/cp_fetch_input.v:56$77$\cl_byte[7:0]$277
   396/553: $1$func$\cl_byte$results/exp06/ppa/prefetch/cp_fetch_input.v:56$76$\idx[31:0]$276
   397/553: $1$func$\cl_byte$results/exp06/ppa/prefetch/cp_fetch_input.v:56$76$\cl_byte[7:0]$275
   398/553: $1$func$\cl_byte$results/exp06/ppa/prefetch/cp_fetch_input.v:56$75$\idx[31:0]$274
   399/553: $1$func$\cl_byte$results/exp06/ppa/prefetch/cp_fetch_input.v:56$75$\cl_byte[7:0]$273
   400/553: $1$func$\cl_byte$results/exp06/ppa/prefetch/cp_fetch_input.v:56$74$\idx[31:0]$272
   401/553: $1$func$\cl_byte$results/exp06/ppa/prefetch/cp_fetch_input.v:56$74$\cl_byte[7:0]$271
   402/553: $1$func$\cl_byte$results/exp06/ppa/prefetch/cp_fetch_input.v:56$73$\idx[31:0]$270
   403/553: $1$func$\cl_byte$results/exp06/ppa/prefetch/cp_fetch_input.v:56$73$\cl_byte[7:0]$269
   404/553: $1$func$\read64$results/exp06/ppa/prefetch/cp_fetch_input.sv2v_autoblock_1.v:198$64$\sv2v_autoblock_1\i[31:0]$268
   405/553: $1$func$\read64$results/exp06/ppa/prefetch/cp_fetch_input.v:198$64$\v[63:0]$267
   406/553: $1$func$\read64$results/exp06/ppa/prefetch/cp_fetch_input.v:198$64$\off[31:0]$266
   407/553: $1$func$\read64$results/exp06/ppa/prefetch/cp_fetch_input.v:198$64$\read64[63:0]$265
   408/553: $1$func$\sv2v_cast_32_signed$results/exp06/ppa/prefetch/cp_fetch_input.v:194$63$\inp[31:0]$264
   409/553: $1$func$\sv2v_cast_32_signed$results/exp06/ppa/prefetch/cp_fetch_input.v:194$63$\sv2v_cast_32_signed[31:0]$263
   410/553: $1$func$\VX_cp_pkg_cmd_size_bytes$results/exp06/ppa/prefetch/cp_fetch_input.v:192$62$\base[31:0]$262
   411/553: $1$func$\VX_cp_pkg_cmd_size_bytes$results/exp06/ppa/prefetch/cp_fetch_input.v:192$62$\profiled[0:0]$261
   412/553: $1$func$\VX_cp_pkg_cmd_size_bytes$results/exp06/ppa/prefetch/cp_fetch_input.v:192$62$\op[7:0]$260
   413/553: $1$func$\VX_cp_pkg_cmd_size_bytes$results/exp06/ppa/prefetch/cp_fetch_input.v:192$62$\VX_cp_pkg_cmd_size_bytes[31:0]$259
   414/553: $1\sv2v_autoblock_2.sz[31:0]
   415/553: $1\cmd_size[6:0]
   416/553: $1\cmd[287:0]
   417/553: $1\has_cmd[0:0]
   418/553: $1$func$\VX_cp_pkg_cmd_opcode_valid$results/exp06/ppa/prefetch/cp_fetch_input.v:190$61$\VX_cp_pkg_cmd_opcode_valid[0:0]$257
   419/553: $1$func$\VX_cp_pkg_cmd_opcode_valid$results/exp06/ppa/prefetch/cp_fetch_input.v:190$61$\op[7:0]$258
   420/553: $1\sv2v_autoblock_2.profiled[0:0]
   421/553: $1\sv2v_autoblock_2.op[7:0]
   422/553: $1$func$\sv2v_cast_8$results/exp06/ppa/prefetch/cp_fetch_input.v:186$60$\sv2v_cast_8[7:0]$255
   423/553: $1$func$\sv2v_cast_8$results/exp06/ppa/prefetch/cp_fetch_input.v:186$60$\inp[7:0]$256
   424/553: $1\sv2v_autoblock_2.hdr[31:0]
   425/553: $1$func$\read_hdr$results/exp06/ppa/prefetch/cp_fetch_input.v:184$55$\read_hdr[31:0]$244
   426/553: $1$func$\cl_byte$results/exp06/ppa/prefetch/cp_fetch_input.v:83$59$\idx[31:0]$254
   427/553: $1$func$\cl_byte$results/exp06/ppa/prefetch/cp_fetch_input.v:83$59$\cl_byte[7:0]$253
   428/553: $1$func$\read_hdr$results/exp06/ppa/prefetch/cp_fetch_input.v:184$55$\h[31:0]$246 [23:16]
   429/553: $1$func$\cl_byte$results/exp06/ppa/prefetch/cp_fetch_input.v:80$58$\idx[31:0]$252
   430/553: $1$func$\cl_byte$results/exp06/ppa/prefetch/cp_fetch_input.v:80$58$\cl_byte[7:0]$251
   431/553: $1$func$\read_hdr$results/exp06/ppa/prefetch/cp_fetch_input.v:184$55$\h[31:0]$246 [15:8]
   432/553: $1$func$\cl_byte$results/exp06/ppa/prefetch/cp_fetch_input.v:77$57$\idx[31:0]$250
   433/553: $1$func$\cl_byte$results/exp06/ppa/prefetch/cp_fetch_input.v:77$57$\cl_byte[7:0]$249
   434/553: $1$func$\read_hdr$results/exp06/ppa/prefetch/cp_fetch_input.v:184$55$\h[31:0]$246 [7:0]
   435/553: $1$func$\cl_byte$results/exp06/ppa/prefetch/cp_fetch_input.v:74$56$\idx[31:0]$248
   436/553: $1$func$\cl_byte$results/exp06/ppa/prefetch/cp_fetch_input.v:74$56$\cl_byte[7:0]$247
   437/553: $3$func$\read64$results/exp06/ppa/prefetch/cp_fetch_input.v:204$116$\v[63:0]$550 [63:56]
   438/553: $1$func$\read_hdr$results/exp06/ppa/prefetch/cp_fetch_input.v:184$55$\off[31:0]$245
   439/553: $0$func$\sv2v_cast_06687$results/exp06/ppa/prefetch/cp_fetch_input.v:206$133$\inp[6:0]$241
   440/553: $0$func$\sv2v_cast_06687$results/exp06/ppa/prefetch/cp_fetch_input.v:206$133$\sv2v_cast_06687[6:0]$240
   441/553: $0$func$\cl_byte$results/exp06/ppa/prefetch/cp_fetch_input.v:56$132$\idx[31:0]$239
   442/553: $0$func$\cl_byte$results/exp06/ppa/prefetch/cp_fetch_input.v:56$132$\cl_byte[7:0]$238
   443/553: $0$func$\cl_byte$results/exp06/ppa/prefetch/cp_fetch_input.v:56$131$\idx[31:0]$237
   444/553: $0$func$\cl_byte$results/exp06/ppa/prefetch/cp_fetch_input.v:56$131$\cl_byte[7:0]$236
   445/553: $0$func$\cl_byte$results/exp06/ppa/prefetch/cp_fetch_input.v:56$130$\idx[31:0]$235
   446/553: $0$func$\cl_byte$results/exp06/ppa/prefetch/cp_fetch_input.v:56$130$\cl_byte[7:0]$234
   447/553: $0$func$\cl_byte$results/exp06/ppa/prefetch/cp_fetch_input.v:56$129$\idx[31:0]$233
   448/553: $0$func$\cl_byte$results/exp06/ppa/prefetch/cp_fetch_input.v:56$129$\cl_byte[7:0]$232
   449/553: $0$func$\cl_byte$results/exp06/ppa/prefetch/cp_fetch_input.v:56$128$\idx[31:0]$231
   450/553: $0$func$\cl_byte$results/exp06/ppa/prefetch/cp_fetch_input.v:56$128$\cl_byte[7:0]$230
   451/553: $0$func$\cl_byte$results/exp06/ppa/prefetch/cp_fetch_input.v:56$127$\idx[31:0]$229
   452/553: $0$func$\cl_byte$results/exp06/ppa/prefetch/cp_fetch_input.v:56$127$\cl_byte[7:0]$228
   453/553: $0$func$\cl_byte$results/exp06/ppa/prefetch/cp_fetch_input.v:56$126$\idx[31:0]$227
   454/553: $0$func$\cl_byte$results/exp06/ppa/prefetch/cp_fetch_input.v:56$126$\cl_byte[7:0]$226
   455/553: $0$func$\cl_byte$results/exp06/ppa/prefetch/cp_fetch_input.v:56$125$\idx[31:0]$225
   456/553: $0$func$\cl_byte$results/exp06/ppa/prefetch/cp_fetch_input.v:56$125$\cl_byte[7:0]$224
   457/553: $0$func$\read64$results/exp06/ppa/prefetch/cp_fetch_input.sv2v_autoblock_1.v:204$116$\sv2v_autoblock_1\i[31:0]$223
   458/553: $0$func$\read64$results/exp06/ppa/prefetch/cp_fetch_input.v:204$116$\v[63:0]$222
   459/553: $0$func$\read64$results/exp06/ppa/prefetch/cp_fetch_input.v:204$116$\off[31:0]$221
   460/553: $0$func$\read64$results/exp06/ppa/prefetch/cp_fetch_input.v:204$116$\read64[63:0]$220
   461/553: $0$func$\sv2v_cast_32_signed$results/exp06/ppa/prefetch/cp_fetch_input.v:204$115$\inp[31:0]$219
   462/553: $0$func$\sv2v_cast_32_signed$results/exp06/ppa/prefetch/cp_fetch_input.v:204$115$\sv2v_cast_32_signed[31:0]$218
   463/553: $0$func$\cl_byte$results/exp06/ppa/prefetch/cp_fetch_input.v:56$114$\idx[31:0]$217
   464/553: $0$func$\cl_byte$results/exp06/ppa/prefetch/cp_fetch_input.v:56$114$\cl_byte[7:0]$216
   465/553: $0$func$\cl_byte$results/exp06/ppa/prefetch/cp_fetch_input.v:56$113$\idx[31:0]$215
   466/553: $0$func$\cl_byte$results/exp06/ppa/prefetch/cp_fetch_input.v:56$113$\cl_byte[7:0]$214
   467/553: $0$func$\cl_byte$results/exp06/ppa/prefetch/cp_fetch_input.v:56$112$\idx[31:0]$213
   468/553: $0$func$\cl_byte$results/exp06/ppa/prefetch/cp_fetch_input.v:56$112$\cl_byte[7:0]$212
   469/553: $0$func$\cl_byte$results/exp06/ppa/prefetch/cp_fetch_input.v:56$111$\idx[31:0]$211
   470/553: $0$func$\cl_byte$results/exp06/ppa/prefetch/cp_fetch_input.v:56$111$\cl_byte[7:0]$210
   471/553: $0$func$\cl_byte$results/exp06/ppa/prefetch/cp_fetch_input.v:56$110$\idx[31:0]$209
   472/553: $0$func$\cl_byte$results/exp06/ppa/prefetch/cp_fetch_input.v:56$110$\cl_byte[7:0]$208
   473/553: $0$func$\cl_byte$results/exp06/ppa/prefetch/cp_fetch_input.v:56$109$\idx[31:0]$207
   474/553: $0$func$\cl_byte$results/exp06/ppa/prefetch/cp_fetch_input.v:56$109$\cl_byte[7:0]$206
   475/553: $0$func$\cl_byte$results/exp06/ppa/prefetch/cp_fetch_input.v:56$108$\idx[31:0]$205
   476/553: $0$func$\cl_byte$results/exp06/ppa/prefetch/cp_fetch_input.v:56$108$\cl_byte[7:0]$204
   477/553: $0$func$\cl_byte$results/exp06/ppa/prefetch/cp_fetch_input.v:56$107$\idx[31:0]$203
   478/553: $0$func$\cl_byte$results/exp06/ppa/prefetch/cp_fetch_input.v:56$107$\cl_byte[7:0]$202
   479/553: $0$func$\read64$results/exp06/ppa/prefetch/cp_fetch_input.sv2v_autoblock_1.v:202$98$\sv2v_autoblock_1\i[31:0]$201
   480/553: $0$func$\read64$results/exp06/ppa/prefetch/cp_fetch_input.v:202$98$\v[63:0]$200
   481/553: $0$func$\read64$results/exp06/ppa/prefetch/cp_fetch_input.v:202$98$\off[31:0]$199
   482/553: $0$func$\read64$results/exp06/ppa/prefetch/cp_fetch_input.v:202$98$\read64[63:0]$198
   483/553: $0$func$\cl_byte$results/exp06/ppa/prefetch/cp_fetch_input.v:56$97$\idx[31:0]$197
   484/553: $0$func$\cl_byte$results/exp06/ppa/prefetch/cp_fetch_input.v:56$97$\cl_byte[7:0]$196
   485/553: $0$func$\cl_byte$results/exp06/ppa/prefetch/cp_fetch_input.v:56$96$\idx[31:0]$195
   486/553: $0$func$\cl_byte$results/exp06/ppa/prefetch/cp_fetch_input.v:56$96$\cl_byte[7:0]$194
   487/553: $0$func$\cl_byte$results/exp06/ppa/prefetch/cp_fetch_input.v:56$95$\idx[31:0]$193
   488/553: $0$func$\cl_byte$results/exp06/ppa/prefetch/cp_fetch_input.v:56$95$\cl_byte[7:0]$192
   489/553: $0$func$\cl_byte$results/exp06/ppa/prefetch/cp_fetch_input.v:56$94$\idx[31:0]$191
   490/553: $0$func$\cl_byte$results/exp06/ppa/prefetch/cp_fetch_input.v:56$94$\cl_byte[7:0]$190
   491/553: $0$func$\cl_byte$results/exp06/ppa/prefetch/cp_fetch_input.v:56$93$\idx[31:0]$189
   492/553: $0$func$\cl_byte$results/exp06/ppa/prefetch/cp_fetch_input.v:56$93$\cl_byte[7:0]$188
   493/553: $0$func$\cl_byte$results/exp06/ppa/prefetch/cp_fetch_input.v:56$92$\idx[31:0]$187
   494/553: $0$func$\cl_byte$results/exp06/ppa/prefetch/cp_fetch_input.v:56$92$\cl_byte[7:0]$186
   495/553: $0$func$\cl_byte$results/exp06/ppa/prefetch/cp_fetch_input.v:56$91$\idx[31:0]$185
   496/553: $0$func$\cl_byte$results/exp06/ppa/prefetch/cp_fetch_input.v:56$91$\cl_byte[7:0]$184
   497/553: $0$func$\cl_byte$results/exp06/ppa/prefetch/cp_fetch_input.v:56$90$\idx[31:0]$183
   498/553: $0$func$\cl_byte$results/exp06/ppa/prefetch/cp_fetch_input.v:56$90$\cl_byte[7:0]$182
   499/553: $0$func$\read64$results/exp06/ppa/prefetch/cp_fetch_input.sv2v_autoblock_1.v:200$81$\sv2v_autoblock_1\i[31:0]$181
   500/553: $0$func$\read64$results/exp06/ppa/prefetch/cp_fetch_input.v:200$81$\v[63:0]$180
   501/553: $0$func$\read64$results/exp06/ppa/prefetch/cp_fetch_input.v:200$81$\off[31:0]$179
   502/553: $0$func$\read64$results/exp06/ppa/prefetch/cp_fetch_input.v:200$81$\read64[63:0]$178
   503/553: $0$func$\cl_byte$results/exp06/ppa/prefetch/cp_fetch_input.v:56$80$\idx[31:0]$177
   504/553: $0$func$\cl_byte$results/exp06/ppa/prefetch/cp_fetch_input.v:56$80$\cl_byte[7:0]$176
   505/553: $0$func$\cl_byte$results/exp06/ppa/prefetch/cp_fetch_input.v:56$79$\idx[31:0]$175
   506/553: $0$func$\cl_byte$results/exp06/ppa/prefetch/cp_fetch_input.v:56$79$\cl_byte[7:0]$174
   507/553: $0$func$\cl_byte$results/exp06/ppa/prefetch/cp_fetch_input.v:56$78$\idx[31:0]$173
   508/553: $0$func$\cl_byte$results/exp06/ppa/prefetch/cp_fetch_input.v:56$78$\cl_byte[7:0]$172
   509/553: $0$func$\cl_byte$results/exp06/ppa/prefetch/cp_fetch_input.v:56$77$\idx[31:0]$171
   510/553: $0$func$\cl_byte$results/exp06/ppa/prefetch/cp_fetch_input.v:56$77$\cl_byte[7:0]$170
   511/553: $0$func$\cl_byte$results/exp06/ppa/prefetch/cp_fetch_input.v:56$76$\idx[31:0]$169
   512/553: $0$func$\cl_byte$results/exp06/ppa/prefetch/cp_fetch_input.v:56$76$\cl_byte[7:0]$168
   513/553: $0$func$\cl_byte$results/exp06/ppa/prefetch/cp_fetch_input.v:56$75$\idx[31:0]$167
   514/553: $0$func$\cl_byte$results/exp06/ppa/prefetch/cp_fetch_input.v:56$75$\cl_byte[7:0]$166
   515/553: $0$func$\cl_byte$results/exp06/ppa/prefetch/cp_fetch_input.v:56$74$\idx[31:0]$165
   516/553: $0$func$\cl_byte$results/exp06/ppa/prefetch/cp_fetch_input.v:56$74$\cl_byte[7:0]$164
   517/553: $0$func$\cl_byte$results/exp06/ppa/prefetch/cp_fetch_input.v:56$73$\idx[31:0]$163
   518/553: $0$func$\cl_byte$results/exp06/ppa/prefetch/cp_fetch_input.v:56$73$\cl_byte[7:0]$162
   519/553: $0$func$\read64$results/exp06/ppa/prefetch/cp_fetch_input.sv2v_autoblock_1.v:198$64$\sv2v_autoblock_1\i[31:0]$161
   520/553: $0$func$\read64$results/exp06/ppa/prefetch/cp_fetch_input.v:198$64$\v[63:0]$160
   521/553: $0$func$\read64$results/exp06/ppa/prefetch/cp_fetch_input.v:198$64$\off[31:0]$159
   522/553: $0$func$\read64$results/exp06/ppa/prefetch/cp_fetch_input.v:198$64$\read64[63:0]$158
   523/553: $0$func$\sv2v_cast_32_signed$results/exp06/ppa/prefetch/cp_fetch_input.v:194$63$\inp[31:0]$157
   524/553: $0$func$\sv2v_cast_32_signed$results/exp06/ppa/prefetch/cp_fetch_input.v:194$63$\sv2v_cast_32_signed[31:0]$156
   525/553: $0$func$\VX_cp_pkg_cmd_size_bytes$results/exp06/ppa/prefetch/cp_fetch_input.v:192$62$\base[31:0]$155
   526/553: $0$func$\VX_cp_pkg_cmd_size_bytes$results/exp06/ppa/prefetch/cp_fetch_input.v:192$62$\profiled[0:0]$154
   527/553: $0$func$\VX_cp_pkg_cmd_size_bytes$results/exp06/ppa/prefetch/cp_fetch_input.v:192$62$\op[7:0]$153
   528/553: $0$func$\VX_cp_pkg_cmd_size_bytes$results/exp06/ppa/prefetch/cp_fetch_input.v:192$62$\VX_cp_pkg_cmd_size_bytes[31:0]$152
   529/553: $0$func$\VX_cp_pkg_cmd_opcode_valid$results/exp06/ppa/prefetch/cp_fetch_input.v:190$61$\op[7:0]$151
   530/553: $0$func$\VX_cp_pkg_cmd_opcode_valid$results/exp06/ppa/prefetch/cp_fetch_input.v:190$61$\VX_cp_pkg_cmd_opcode_valid[0:0]$150
   531/553: $0$func$\sv2v_cast_8$results/exp06/ppa/prefetch/cp_fetch_input.v:186$60$\inp[7:0]$149
   532/553: $0$func$\sv2v_cast_8$results/exp06/ppa/prefetch/cp_fetch_input.v:186$60$\sv2v_cast_8[7:0]$148
   533/553: $0$func$\cl_byte$results/exp06/ppa/prefetch/cp_fetch_input.v:83$59$\idx[31:0]$147
   534/553: $0$func$\cl_byte$results/exp06/ppa/prefetch/cp_fetch_input.v:83$59$\cl_byte[7:0]$146
   535/553: $0$func$\cl_byte$results/exp06/ppa/prefetch/cp_fetch_input.v:80$58$\idx[31:0]$145
   536/553: $0$func$\cl_byte$results/exp06/ppa/prefetch/cp_fetch_input.v:80$58$\cl_byte[7:0]$144
   537/553: $0$func$\cl_byte$results/exp06/ppa/prefetch/cp_fetch_input.v:77$57$\idx[31:0]$143
   538/553: $0$func$\cl_byte$results/exp06/ppa/prefetch/cp_fetch_input.v:77$57$\cl_byte[7:0]$142
   539/553: $0$func$\cl_byte$results/exp06/ppa/prefetch/cp_fetch_input.v:74$56$\idx[31:0]$141
   540/553: $0$func$\cl_byte$results/exp06/ppa/prefetch/cp_fetch_input.v:74$56$\cl_byte[7:0]$140
   541/553: $0$func$\read_hdr$results/exp06/ppa/prefetch/cp_fetch_input.v:184$55$\h[31:0]$139
   542/553: $0$func$\read_hdr$results/exp06/ppa/prefetch/cp_fetch_input.v:184$55$\off[31:0]$138
   543/553: $0\sv2v_autoblock_2.sz[31:0]
   544/553: $0\sv2v_autoblock_2.profiled[0:0]
   545/553: $0\sv2v_autoblock_2.op[7:0]
   546/553: $0\sv2v_autoblock_2.hdr[31:0]
   547/553: $0$func$\read_hdr$results/exp06/ppa/prefetch/cp_fetch_input.v:184$55$\read_hdr[31:0]$135
   548/553: $0\cmd_size[6:0]
   549/553: $0\cmd[287:0]
   550/553: $0\has_cmd[0:0]
   551/553: $0\sv2v_autoblock_2.off[31:0]
   552/553: $0$func$\sv2v_cast_32_signed$results/exp06/ppa/prefetch/cp_fetch_input.v:172$54$\sv2v_cast_32_signed[31:0]$136
   553/553: $0$func$\sv2v_cast_32_signed$results/exp06/ppa/prefetch/cp_fetch_input.v:172$54$\inp[31:0]$137
Creating decoders for process `\VX_cp_fetch_top.$proc$results/exp06/ppa/prefetch/cp_fetch_input.v:645$53'.
     1/1: $0\u_fetch._sv2v_0[0:0]
Creating decoders for process `\VX_cp_fetch_top.$proc$results/exp06/ppa/prefetch/cp_fetch_input.v:600$45'.
     1/20: $0\u_fetch.cmd_out[287:0]
     2/20: $0\u_fetch.cmd_out_valid[0:0]
     3/20: $0\axi_if.arburst[1:0]
     4/20: $0\axi_if.arsize[2:0]
     5/20: $0\axi_if.arlen[7:0]
     6/20: $0\axi_if.arid[5:0]
     7/20: $0\axi_if.araddr[63:0]
     8/20: $0\axi_if.arvalid[0:0]
     9/20: $0\axi_if.rready[0:0]
    10/20: $0\axi_if.bready[0:0]
    11/20: $0\axi_if.wlast[0:0]
    12/20: $0\axi_if.wstrb[63:0]
    13/20: $0\axi_if.wdata[511:0]
    14/20: $0\axi_if.wvalid[0:0]
    15/20: $0\axi_if.awburst[1:0]
    16/20: $0\axi_if.awsize[2:0]
    17/20: $0\axi_if.awlen[7:0]
    18/20: $0\axi_if.awid[5:0]
    19/20: $0\axi_if.awaddr[63:0]
    20/20: $0\axi_if.awvalid[0:0]
Creating decoders for process `\VX_cp_fetch_top.$proc$results/exp06/ppa/prefetch/cp_fetch_input.v:536$24'.
     1/10: $0$memwr$\u_fetch.cl_fifo$results/exp06/ppa/prefetch/cp_fetch_input.v:561$3_EN[511:0]$27
     2/10: $0$memwr$\u_fetch.cl_fifo$results/exp06/ppa/prefetch/cp_fetch_input.v:561$3_DATA[511:0]$26
     3/10: $0$memwr$\u_fetch.cl_fifo$results/exp06/ppa/prefetch/cp_fetch_input.v:561$3_ADDR[0:0]$25
     4/10: $0\u_fetch.offset_r[6:0]
     5/10: $0\u_fetch.request_count_r[1:0]
     6/10: $0\u_fetch.fifo_count_r[1:0]
     7/10: $0\u_fetch.write_ptr_r[0:0]
     8/10: $0\u_fetch.read_ptr_r[0:0]
     9/10: $0\u_fetch.fetch_head_r[63:0]
    10/10: $0\u_fetch.head_r[63:0]
Creating decoders for process `\VX_cp_fetch_top.$proc$results/exp06/ppa/prefetch/cp_fetch_input.v:518$21'.
     1/4: $3\u_fetch.state[1:0]
     2/4: $2\u_fetch.state[1:0]
     3/4: $1\u_fetch.state[1:0]
     4/4: $0\u_fetch.state[1:0]
Creating decoders for process `\VX_cp_fetch_top.$proc$results/exp06/ppa/prefetch/cp_fetch_input.v:372$4'.
     1/3: $0$func$\sv2v_cast_842CE$results/exp06/ppa/prefetch/cp_fetch_input.v:376$1$\sv2v_cast_842CE[403:0]$5
     2/3: $0$func$\sv2v_cast_842CE$results/exp06/ppa/prefetch/cp_fetch_input.v:376$2$\sv2v_cast_842CE[403:0]$6
     3/3: $0$func$\sv2v_cast_842CE$results/exp06/ppa/prefetch/cp_fetch_input.v:376$2$\inp[403:0]$7

5.6. Executing PROC_DLATCH pass (convert process syncs to latches).
No latch inferred for signal `\VX_cp_unpack.\_sv2v_0' from process `\VX_cp_unpack.$proc$results/exp06/ppa/prefetch/cp_fetch_input.v:213$864'.
No latch inferred for signal `\VX_cp_unpack.\has_cmd' from process `\VX_cp_unpack.$proc$results/exp06/ppa/prefetch/cp_fetch_input.v:161$134'.
No latch inferred for signal `\VX_cp_unpack.\cmd' from process `\VX_cp_unpack.$proc$results/exp06/ppa/prefetch/cp_fetch_input.v:161$134'.
No latch inferred for signal `\VX_cp_unpack.\cmd_size' from process `\VX_cp_unpack.$proc$results/exp06/ppa/prefetch/cp_fetch_input.v:161$134'.
No latch inferred for signal `\VX_cp_unpack.$func$\read_hdr$results/exp06/ppa/prefetch/cp_fetch_input.v:184$55$\read_hdr' from process `\VX_cp_unpack.$proc$results/exp06/ppa/prefetch/cp_fetch_input.v:161$134'.
No latch inferred for signal `\VX_cp_unpack.$func$\sv2v_cast_32_signed$results/exp06/ppa/prefetch/cp_fetch_input.v:172$54$\sv2v_cast_32_signed' from process `\VX_cp_unpack.$proc$results/exp06/ppa/prefetch/cp_fetch_input.v:161$134'.
No latch inferred for signal `\VX_cp_unpack.$func$\sv2v_cast_32_signed$results/exp06/ppa/prefetch/cp_fetch_input.v:172$54$\inp' from process `\VX_cp_unpack.$proc$results/exp06/ppa/prefetch/cp_fetch_input.v:161$134'.
No latch inferred for signal `\VX_cp_unpack.\sv2v_autoblock_2.off' from process `\VX_cp_unpack.$proc$results/exp06/ppa/prefetch/cp_fetch_input.v:161$134'.
No latch inferred for signal `\VX_cp_unpack.$func$\read_hdr$results/exp06/ppa/prefetch/cp_fetch_input.v:184$55$\off' from process `\VX_cp_unpack.$proc$results/exp06/ppa/prefetch/cp_fetch_input.v:161$134'.
No latch inferred for signal `\VX_cp_unpack.$func$\read_hdr$results/exp06/ppa/prefetch/cp_fetch_input.v:184$55$\h' from process `\VX_cp_unpack.$proc$results/exp06/ppa/prefetch/cp_fetch_input.v:161$134'.
No latch inferred for signal `\VX_cp_unpack.$func$\cl_byte$results/exp06/ppa/prefetch/cp_fetch_input.v:74$56$\cl_byte' from process `\VX_cp_unpack.$proc$results/exp06/ppa/prefetch/cp_fetch_input.v:161$134'.
No latch inferred for signal `\VX_cp_unpack.$func$\cl_byte$results/exp06/ppa/prefetch/cp_fetch_input.v:74$56$\idx' from process `\VX_cp_unpack.$proc$results/exp06/ppa/prefetch/cp_fetch_input.v:161$134'.
No latch inferred for signal `\VX_cp_unpack.$func$\cl_byte$results/exp06/ppa/prefetch/cp_fetch_input.v:77$57$\cl_byte' from process `\VX_cp_unpack.$proc$results/exp06/ppa/prefetch/cp_fetch_input.v:161$134'.
No latch inferred for signal `\VX_cp_unpack.$func$\cl_byte$results/exp06/ppa/prefetch/cp_fetch_input.v:77$57$\idx' from process `\VX_cp_unpack.$proc$results/exp06/ppa/prefetch/cp_fetch_input.v:161$134'.
No latch inferred for signal `\VX_cp_unpack.$func$\cl_byte$results/exp06/ppa/prefetch/cp_fetch_input.v:80$58$\cl_byte' from process `\VX_cp_unpack.$proc$results/exp06/ppa/prefetch/cp_fetch_input.v:161$134'.
No latch inferred for signal `\VX_cp_unpack.$func$\cl_byte$results/exp06/ppa/prefetch/cp_fetch_input.v:80$58$\idx' from process `\VX_cp_unpack.$proc$results/exp06/ppa/prefetch/cp_fetch_input.v:161$134'.
No latch inferred for signal `\VX_cp_unpack.$func$\cl_byte$results/exp06/ppa/prefetch/cp_fetch_input.v:83$59$\cl_byte' from process `\VX_cp_unpack.$proc$results/exp06/ppa/prefetch/cp_fetch_input.v:161$134'.
No latch inferred for signal `\VX_cp_unpack.$func$\cl_byte$results/exp06/ppa/prefetch/cp_fetch_input.v:83$59$\idx' from process `\VX_cp_unpack.$proc$results/exp06/ppa/prefetch/cp_fetch_input.v:161$134'.
No latch inferred for signal `\VX_cp_unpack.$func$\sv2v_cast_8$results/exp06/ppa/prefetch/cp_fetch_input.v:186$60$\sv2v_cast_8' from process `\VX_cp_unpack.$proc$results/exp06/ppa/prefetch/cp_fetch_input.v:161$134'.
No latch inferred for signal `\VX_cp_unpack.$func$\sv2v_cast_8$results/exp06/ppa/prefetch/cp_fetch_input.v:186$60$\inp' from process `\VX_cp_unpack.$proc$results/exp06/ppa/prefetch/cp_fetch_input.v:161$134'.
No latch inferred for signal `\VX_cp_unpack.$func$\VX_cp_pkg_cmd_opcode_valid$results/exp06/ppa/prefetch/cp_fetch_input.v:190$61$\VX_cp_pkg_cmd_opcode_valid' from process `\VX_cp_unpack.$proc$results/exp06/ppa/prefetch/cp_fetch_input.v:161$134'.
No latch inferred for signal `\VX_cp_unpack.$func$\VX_cp_pkg_cmd_opcode_valid$results/exp06/ppa/prefetch/cp_fetch_input.v:190$61$\op' from process `\VX_cp_unpack.$proc$results/exp06/ppa/prefetch/cp_fetch_input.v:161$134'.
No latch inferred for signal `\VX_cp_unpack.$func$\VX_cp_pkg_cmd_size_bytes$results/exp06/ppa/prefetch/cp_fetch_input.v:192$62$\VX_cp_pkg_cmd_size_bytes' from process `\VX_cp_unpack.$proc$results/exp06/ppa/prefetch/cp_fetch_input.v:161$134'.
No latch inferred for signal `\VX_cp_unpack.$func$\VX_cp_pkg_cmd_size_bytes$results/exp06/ppa/prefetch/cp_fetch_input.v:192$62$\op' from process `\VX_cp_unpack.$proc$results/exp06/ppa/prefetch/cp_fetch_input.v:161$134'.
No latch inferred for signal `\VX_cp_unpack.$func$\VX_cp_pkg_cmd_size_bytes$results/exp06/ppa/prefetch/cp_fetch_input.v:192$62$\profiled' from process `\VX_cp_unpack.$proc$results/exp06/ppa/prefetch/cp_fetch_input.v:161$134'.
No latch inferred for signal `\VX_cp_unpack.$func$\VX_cp_pkg_cmd_size_bytes$results/exp06/ppa/prefetch/cp_fetch_input.v:192$62$\base' from process `\VX_cp_unpack.$proc$results/exp06/ppa/prefetch/cp_fetch_input.v:161$134'.
No latch inferred for signal `\VX_cp_unpack.$func$\sv2v_cast_32_signed$results/exp06/ppa/prefetch/cp_fetch_input.v:194$63$\sv2v_cast_32_signed' from process `\VX_cp_unpack.$proc$results/exp06/ppa/prefetch/cp_fetch_input.v:161$134'.
No latch inferred for signal `\VX_cp_unpack.$func$\sv2v_cast_32_signed$results/exp06/ppa/prefetch/cp_fetch_input.v:194$63$\inp' from process `\VX_cp_unpack.$proc$results/exp06/ppa/prefetch/cp_fetch_input.v:161$134'.
No latch inferred for signal `\VX_cp_unpack.$func$\read64$results/exp06/ppa/prefetch/cp_fetch_input.v:198$64$\read64' from process `\VX_cp_unpack.$proc$results/exp06/ppa/prefetch/cp_fetch_input.v:161$134'.
No latch inferred for signal `\VX_cp_unpack.$func$\read64$results/exp06/ppa/prefetch/cp_fetch_input.v:198$64$\off' from process `\VX_cp_unpack.$proc$results/exp06/ppa/prefetch/cp_fetch_input.v:161$134'.
No latch inferred for signal `\VX_cp_unpack.$func$\read64$results/exp06/ppa/prefetch/cp_fetch_input.v:198$64$\v' from process `\VX_cp_unpack.$proc$results/exp06/ppa/prefetch/cp_fetch_input.v:161$134'.
No latch inferred for signal `\VX_cp_unpack.$func$\cl_byte$results/exp06/ppa/prefetch/cp_fetch_input.v:56$73$\cl_byte' from process `\VX_cp_unpack.$proc$results/exp06/ppa/prefetch/cp_fetch_input.v:161$134'.
No latch inferred for signal `\VX_cp_unpack.$func$\cl_byte$results/exp06/ppa/prefetch/cp_fetch_input.v:56$73$\idx' from process `\VX_cp_unpack.$proc$results/exp06/ppa/prefetch/cp_fetch_input.v:161$134'.
No latch inferred for signal `\VX_cp_unpack.$func$\cl_byte$results/exp06/ppa/prefetch/cp_fetch_input.v:56$74$\cl_byte' from process `\VX_cp_unpack.$proc$results/exp06/ppa/prefetch/cp_fetch_input.v:161$134'.
No latch inferred for signal `\VX_cp_unpack.$func$\cl_byte$results/exp06/ppa/prefetch/cp_fetch_input.v:56$74$\idx' from process `\VX_cp_unpack.$proc$results/exp06/ppa/prefetch/cp_fetch_input.v:161$134'.
No latch inferred for signal `\VX_cp_unpack.$func$\cl_byte$results/exp06/ppa/prefetch/cp_fetch_input.v:56$75$\cl_byte' from process `\VX_cp_unpack.$proc$results/exp06/ppa/prefetch/cp_fetch_input.v:161$134'.
No latch inferred for signal `\VX_cp_unpack.$func$\cl_byte$results/exp06/ppa/prefetch/cp_fetch_input.v:56$75$\idx' from process `\VX_cp_unpack.$proc$results/exp06/ppa/prefetch/cp_fetch_input.v:161$134'.
No latch inferred for signal `\VX_cp_unpack.$func$\cl_byte$results/exp06/ppa/prefetch/cp_fetch_input.v:56$76$\cl_byte' from process `\VX_cp_unpack.$proc$results/exp06/ppa/prefetch/cp_fetch_input.v:161$134'.
No latch inferred for signal `\VX_cp_unpack.$func$\cl_byte$results/exp06/ppa/prefetch/cp_fetch_input.v:56$76$\idx' from process `\VX_cp_unpack.$proc$results/exp06/ppa/prefetch/cp_fetch_input.v:161$134'.
No latch inferred for signal `\VX_cp_unpack.$func$\cl_byte$results/exp06/ppa/prefetch/cp_fetch_input.v:56$77$\cl_byte' from process `\VX_cp_unpack.$proc$results/exp06/ppa/prefetch/cp_fetch_input.v:161$134'.
No latch inferred for signal `\VX_cp_unpack.$func$\cl_byte$results/exp06/ppa/prefetch/cp_fetch_input.v:56$77$\idx' from process `\VX_cp_unpack.$proc$results/exp06/ppa/prefetch/cp_fetch_input.v:161$134'.
No latch inferred for signal `\VX_cp_unpack.$func$\cl_byte$results/exp06/ppa/prefetch/cp_fetch_input.v:56$78$\cl_byte' from process `\VX_cp_unpack.$proc$results/exp06/ppa/prefetch/cp_fetch_input.v:161$134'.
No latch inferred for signal `\VX_cp_unpack.$func$\cl_byte$results/exp06/ppa/prefetch/cp_fetch_input.v:56$78$\idx' from process `\VX_cp_unpack.$proc$results/exp06/ppa/prefetch/cp_fetch_input.v:161$134'.
No latch inferred for signal `\VX_cp_unpack.$func$\cl_byte$results/exp06/ppa/prefetch/cp_fetch_input.v:56$79$\cl_byte' from process `\VX_cp_unpack.$proc$results/exp06/ppa/prefetch/cp_fetch_input.v:161$134'.
No latch inferred for signal `\VX_cp_unpack.$func$\cl_byte$results/exp06/ppa/prefetch/cp_fetch_input.v:56$79$\idx' from process `\VX_cp_unpack.$proc$results/exp06/ppa/prefetch/cp_fetch_input.v:161$134'.
No latch inferred for signal `\VX_cp_unpack.$func$\cl_byte$results/exp06/ppa/prefetch/cp_fetch_input.v:56$80$\cl_byte' from process `\VX_cp_unpack.$proc$results/exp06/ppa/prefetch/cp_fetch_input.v:161$134'.
No latch inferred for signal `\VX_cp_unpack.$func$\cl_byte$results/exp06/ppa/prefetch/cp_fetch_input.v:56$80$\idx' from process `\VX_cp_unpack.$proc$results/exp06/ppa/prefetch/cp_fetch_input.v:161$134'.
No latch inferred for signal `\VX_cp_unpack.$func$\read64$results/exp06/ppa/prefetch/cp_fetch_input.v:200$81$\read64' from process `\VX_cp_unpack.$proc$results/exp06/ppa/prefetch/cp_fetch_input.v:161$134'.
No latch inferred for signal `\VX_cp_unpack.$func$\read64$results/exp06/ppa/prefetch/cp_fetch_input.v:200$81$\off' from process `\VX_cp_unpack.$proc$results/exp06/ppa/prefetch/cp_fetch_input.v:161$134'.
No latch inferred for signal `\VX_cp_unpack.$func$\read64$results/exp06/ppa/prefetch/cp_fetch_input.v:200$81$\v' from process `\VX_cp_unpack.$proc$results/exp06/ppa/prefetch/cp_fetch_input.v:161$134'.
No latch inferred for signal `\VX_cp_unpack.$func$\cl_byte$results/exp06/ppa/prefetch/cp_fetch_input.v:56$90$\cl_byte' from process `\VX_cp_unpack.$proc$results/exp06/ppa/prefetch/cp_fetch_input.v:161$134'.
No latch inferred for signal `\VX_cp_unpack.$func$\cl_byte$results/exp06/ppa/prefetch/cp_fetch_input.v:56$90$\idx' from process `\VX_cp_unpack.$proc$results/exp06/ppa/prefetch/cp_fetch_input.v:161$134'.
No latch inferred for signal `\VX_cp_unpack.$func$\cl_byte$results/exp06/ppa/prefetch/cp_fetch_input.v:56$91$\cl_byte' from process `\VX_cp_unpack.$proc$results/exp06/ppa/prefetch/cp_fetch_input.v:161$134'.
No latch inferred for signal `\VX_cp_unpack.$func$\cl_byte$results/exp06/ppa/prefetch/cp_fetch_input.v:56$91$\idx' from process `\VX_cp_unpack.$proc$results/exp06/ppa/prefetch/cp_fetch_input.v:161$134'.
No latch inferred for signal `\VX_cp_unpack.$func$\cl_byte$results/exp06/ppa/prefetch/cp_fetch_input.v:56$92$\cl_byte' from process `\VX_cp_unpack.$proc$results/exp06/ppa/prefetch/cp_fetch_input.v:161$134'.
No latch inferred for signal `\VX_cp_unpack.$func$\cl_byte$results/exp06/ppa/prefetch/cp_fetch_input.v:56$92$\idx' from process `\VX_cp_unpack.$proc$results/exp06/ppa/prefetch/cp_fetch_input.v:161$134'.
No latch inferred for signal `\VX_cp_unpack.$func$\cl_byte$results/exp06/ppa/prefetch/cp_fetch_input.v:56$93$\cl_byte' from process `\VX_cp_unpack.$proc$results/exp06/ppa/prefetch/cp_fetch_input.v:161$134'.
No latch inferred for signal `\VX_cp_unpack.$func$\cl_byte$results/exp06/ppa/prefetch/cp_fetch_input.v:56$93$\idx' from process `\VX_cp_unpack.$proc$results/exp06/ppa/prefetch/cp_fetch_input.v:161$134'.
No latch inferred for signal `\VX_cp_unpack.$func$\cl_byte$results/exp06/ppa/prefetch/cp_fetch_input.v:56$94$\cl_byte' from process `\VX_cp_unpack.$proc$results/exp06/ppa/prefetch/cp_fetch_input.v:161$134'.
No latch inferred for signal `\VX_cp_unpack.$func$\cl_byte$results/exp06/ppa/prefetch/cp_fetch_input.v:56$94$\idx' from process `\VX_cp_unpack.$proc$results/exp06/ppa/prefetch/cp_fetch_input.v:161$134'.
No latch inferred for signal `\VX_cp_unpack.$func$\cl_byte$results/exp06/ppa/prefetch/cp_fetch_input.v:56$95$\cl_byte' from process `\VX_cp_unpack.$proc$results/exp06/ppa/prefetch/cp_fetch_input.v:161$134'.
No latch inferred for signal `\VX_cp_unpack.$func$\cl_byte$results/exp06/ppa/prefetch/cp_fetch_input.v:56$95$\idx' from process `\VX_cp_unpack.$proc$results/exp06/ppa/prefetch/cp_fetch_input.v:161$134'.
No latch inferred for signal `\VX_cp_unpack.$func$\cl_byte$results/exp06/ppa/prefetch/cp_fetch_input.v:56$96$\cl_byte' from process `\VX_cp_unpack.$proc$results/exp06/ppa/prefetch/cp_fetch_input.v:161$134'.
No latch inferred for signal `\VX_cp_unpack.$func$\cl_byte$results/exp06/ppa/prefetch/cp_fetch_input.v:56$96$\idx' from process `\VX_cp_unpack.$proc$results/exp06/ppa/prefetch/cp_fetch_input.v:161$134'.
No latch inferred for signal `\VX_cp_unpack.$func$\cl_byte$results/exp06/ppa/prefetch/cp_fetch_input.v:56$97$\cl_byte' from process `\VX_cp_unpack.$proc$results/exp06/ppa/prefetch/cp_fetch_input.v:161$134'.
No latch inferred for signal `\VX_cp_unpack.$func$\cl_byte$results/exp06/ppa/prefetch/cp_fetch_input.v:56$97$\idx' from process `\VX_cp_unpack.$proc$results/exp06/ppa/prefetch/cp_fetch_input.v:161$134'.
No latch inferred for signal `\VX_cp_unpack.$func$\read64$results/exp06/ppa/prefetch/cp_fetch_input.v:202$98$\read64' from process `\VX_cp_unpack.$proc$results/exp06/ppa/prefetch/cp_fetch_input.v:161$134'.
No latch inferred for signal `\VX_cp_unpack.$func$\read64$results/exp06/ppa/prefetch/cp_fetch_input.v:202$98$\off' from process `\VX_cp_unpack.$proc$results/exp06/ppa/prefetch/cp_fetch_input.v:161$134'.
No latch inferred for signal `\VX_cp_unpack.$func$\read64$results/exp06/ppa/prefetch/cp_fetch_input.v:202$98$\v' from process `\VX_cp_unpack.$proc$results/exp06/ppa/prefetch/cp_fetch_input.v:161$134'.
No latch inferred for signal `\VX_cp_unpack.$func$\cl_byte$results/exp06/ppa/prefetch/cp_fetch_input.v:56$107$\cl_byte' from process `\VX_cp_unpack.$proc$results/exp06/ppa/prefetch/cp_fetch_input.v:161$134'.
No latch inferred for signal `\VX_cp_unpack.$func$\cl_byte$results/exp06/ppa/prefetch/cp_fetch_input.v:56$107$\idx' from process `\VX_cp_unpack.$proc$results/exp06/ppa/prefetch/cp_fetch_input.v:161$134'.
No latch inferred for signal `\VX_cp_unpack.$func$\cl_byte$results/exp06/ppa/prefetch/cp_fetch_input.v:56$108$\cl_byte' from process `\VX_cp_unpack.$proc$results/exp06/ppa/prefetch/cp_fetch_input.v:161$134'.
No latch inferred for signal `\VX_cp_unpack.$func$\cl_byte$results/exp06/ppa/prefetch/cp_fetch_input.v:56$108$\idx' from process `\VX_cp_unpack.$proc$results/exp06/ppa/prefetch/cp_fetch_input.v:161$134'.
No latch inferred for signal `\VX_cp_unpack.$func$\cl_byte$results/exp06/ppa/prefetch/cp_fetch_input.v:56$109$\cl_byte' from process `\VX_cp_unpack.$proc$results/exp06/ppa/prefetch/cp_fetch_input.v:161$134'.
No latch inferred for signal `\VX_cp_unpack.$func$\cl_byte$results/exp06/ppa/prefetch/cp_fetch_input.v:56$109$\idx' from process `\VX_cp_unpack.$proc$results/exp06/ppa/prefetch/cp_fetch_input.v:161$134'.
No latch inferred for signal `\VX_cp_unpack.$func$\cl_byte$results/exp06/ppa/prefetch/cp_fetch_input.v:56$110$\cl_byte' from process `\VX_cp_unpack.$proc$results/exp06/ppa/prefetch/cp_fetch_input.v:161$134'.
No latch inferred for signal `\VX_cp_unpack.$func$\cl_byte$results/exp06/ppa/prefetch/cp_fetch_input.v:56$110$\idx' from process `\VX_cp_unpack.$proc$results/exp06/ppa/prefetch/cp_fetch_input.v:161$134'.
No latch inferred for signal `\VX_cp_unpack.$func$\cl_byte$results/exp06/ppa/prefetch/cp_fetch_input.v:56$111$\cl_byte' from process `\VX_cp_unpack.$proc$results/exp06/ppa/prefetch/cp_fetch_input.v:161$134'.
No latch inferred for signal `\VX_cp_unpack.$func$\cl_byte$results/exp06/ppa/prefetch/cp_fetch_input.v:56$111$\idx' from process `\VX_cp_unpack.$proc$results/exp06/ppa/prefetch/cp_fetch_input.v:161$134'.
No latch inferred for signal `\VX_cp_unpack.$func$\cl_byte$results/exp06/ppa/prefetch/cp_fetch_input.v:56$112$\cl_byte' from process `\VX_cp_unpack.$proc$results/exp06/ppa/prefetch/cp_fetch_input.v:161$134'.
No latch inferred for signal `\VX_cp_unpack.$func$\cl_byte$results/exp06/ppa/prefetch/cp_fetch_input.v:56$112$\idx' from process `\VX_cp_unpack.$proc$results/exp06/ppa/prefetch/cp_fetch_input.v:161$134'.
No latch inferred for signal `\VX_cp_unpack.$func$\cl_byte$results/exp06/ppa/prefetch/cp_fetch_input.v:56$113$\cl_byte' from process `\VX_cp_unpack.$proc$results/exp06/ppa/prefetch/cp_fetch_input.v:161$134'.
No latch inferred for signal `\VX_cp_unpack.$func$\cl_byte$results/exp06/ppa/prefetch/cp_fetch_input.v:56$113$\idx' from process `\VX_cp_unpack.$proc$results/exp06/ppa/prefetch/cp_fetch_input.v:161$134'.
No latch inferred for signal `\VX_cp_unpack.$func$\cl_byte$results/exp06/ppa/prefetch/cp_fetch_input.v:56$114$\cl_byte' from process `\VX_cp_unpack.$proc$results/exp06/ppa/prefetch/cp_fetch_input.v:161$134'.
No latch inferred for signal `\VX_cp_unpack.$func$\cl_byte$results/exp06/ppa/prefetch/cp_fetch_input.v:56$114$\idx' from process `\VX_cp_unpack.$proc$results/exp06/ppa/prefetch/cp_fetch_input.v:161$134'.
No latch inferred for signal `\VX_cp_unpack.$func$\sv2v_cast_32_signed$results/exp06/ppa/prefetch/cp_fetch_input.v:204$115$\sv2v_cast_32_signed' from process `\VX_cp_unpack.$proc$results/exp06/ppa/prefetch/cp_fetch_input.v:161$134'.
No latch inferred for signal `\VX_cp_unpack.$func$\sv2v_cast_32_signed$results/exp06/ppa/prefetch/cp_fetch_input.v:204$115$\inp' from process `\VX_cp_unpack.$proc$results/exp06/ppa/prefetch/cp_fetch_input.v:161$134'.
No latch inferred for signal `\VX_cp_unpack.$func$\read64$results/exp06/ppa/prefetch/cp_fetch_input.v:204$116$\read64' from process `\VX_cp_unpack.$proc$results/exp06/ppa/prefetch/cp_fetch_input.v:161$134'.
No latch inferred for signal `\VX_cp_unpack.$func$\read64$results/exp06/ppa/prefetch/cp_fetch_input.v:204$116$\off' from process `\VX_cp_unpack.$proc$results/exp06/ppa/prefetch/cp_fetch_input.v:161$134'.
No latch inferred for signal `\VX_cp_unpack.$func$\read64$results/exp06/ppa/prefetch/cp_fetch_input.v:204$116$\v' from process `\VX_cp_unpack.$proc$results/exp06/ppa/prefetch/cp_fetch_input.v:161$134'.
No latch inferred for signal `\VX_cp_unpack.$func$\cl_byte$results/exp06/ppa/prefetch/cp_fetch_input.v:56$125$\cl_byte' from process `\VX_cp_unpack.$proc$results/exp06/ppa/prefetch/cp_fetch_input.v:161$134'.
No latch inferred for signal `\VX_cp_unpack.$func$\cl_byte$results/exp06/ppa/prefetch/cp_fetch_input.v:56$125$\idx' from process `\VX_cp_unpack.$proc$results/exp06/ppa/prefetch/cp_fetch_input.v:161$134'.
No latch inferred for signal `\VX_cp_unpack.$func$\cl_byte$results/exp06/ppa/prefetch/cp_fetch_input.v:56$126$\cl_byte' from process `\VX_cp_unpack.$proc$results/exp06/ppa/prefetch/cp_fetch_input.v:161$134'.
No latch inferred for signal `\VX_cp_unpack.$func$\cl_byte$results/exp06/ppa/prefetch/cp_fetch_input.v:56$126$\idx' from process `\VX_cp_unpack.$proc$results/exp06/ppa/prefetch/cp_fetch_input.v:161$134'.
No latch inferred for signal `\VX_cp_unpack.$func$\cl_byte$results/exp06/ppa/prefetch/cp_fetch_input.v:56$127$\cl_byte' from process `\VX_cp_unpack.$proc$results/exp06/ppa/prefetch/cp_fetch_input.v:161$134'.
No latch inferred for signal `\VX_cp_unpack.$func$\cl_byte$results/exp06/ppa/prefetch/cp_fetch_input.v:56$127$\idx' from process `\VX_cp_unpack.$proc$results/exp06/ppa/prefetch/cp_fetch_input.v:161$134'.
No latch inferred for signal `\VX_cp_unpack.$func$\cl_byte$results/exp06/ppa/prefetch/cp_fetch_input.v:56$128$\cl_byte' from process `\VX_cp_unpack.$proc$results/exp06/ppa/prefetch/cp_fetch_input.v:161$134'.
No latch inferred for signal `\VX_cp_unpack.$func$\cl_byte$results/exp06/ppa/prefetch/cp_fetch_input.v:56$128$\idx' from process `\VX_cp_unpack.$proc$results/exp06/ppa/prefetch/cp_fetch_input.v:161$134'.
No latch inferred for signal `\VX_cp_unpack.$func$\cl_byte$results/exp06/ppa/prefetch/cp_fetch_input.v:56$129$\cl_byte' from process `\VX_cp_unpack.$proc$results/exp06/ppa/prefetch/cp_fetch_input.v:161$134'.
No latch inferred for signal `\VX_cp_unpack.$func$\cl_byte$results/exp06/ppa/prefetch/cp_fetch_input.v:56$129$\idx' from process `\VX_cp_unpack.$proc$results/exp06/ppa/prefetch/cp_fetch_input.v:161$134'.
No latch inferred for signal `\VX_cp_unpack.$func$\cl_byte$results/exp06/ppa/prefetch/cp_fetch_input.v:56$130$\cl_byte' from process `\VX_cp_unpack.$proc$results/exp06/ppa/prefetch/cp_fetch_input.v:161$134'.
No latch inferred for signal `\VX_cp_unpack.$func$\cl_byte$results/exp06/ppa/prefetch/cp_fetch_input.v:56$130$\idx' from process `\VX_cp_unpack.$proc$results/exp06/ppa/prefetch/cp_fetch_input.v:161$134'.
No latch inferred for signal `\VX_cp_unpack.$func$\cl_byte$results/exp06/ppa/prefetch/cp_fetch_input.v:56$131$\cl_byte' from process `\VX_cp_unpack.$proc$results/exp06/ppa/prefetch/cp_fetch_input.v:161$134'.
No latch inferred for signal `\VX_cp_unpack.$func$\cl_byte$results/exp06/ppa/prefetch/cp_fetch_input.v:56$131$\idx' from process `\VX_cp_unpack.$proc$results/exp06/ppa/prefetch/cp_fetch_input.v:161$134'.
No latch inferred for signal `\VX_cp_unpack.$func$\cl_byte$results/exp06/ppa/prefetch/cp_fetch_input.v:56$132$\cl_byte' from process `\VX_cp_unpack.$proc$results/exp06/ppa/prefetch/cp_fetch_input.v:161$134'.
No latch inferred for signal `\VX_cp_unpack.$func$\cl_byte$results/exp06/ppa/prefetch/cp_fetch_input.v:56$132$\idx' from process `\VX_cp_unpack.$proc$results/exp06/ppa/prefetch/cp_fetch_input.v:161$134'.
No latch inferred for signal `\VX_cp_unpack.$func$\sv2v_cast_06687$results/exp06/ppa/prefetch/cp_fetch_input.v:206$133$\sv2v_cast_06687' from process `\VX_cp_unpack.$proc$results/exp06/ppa/prefetch/cp_fetch_input.v:161$134'.
No latch inferred for signal `\VX_cp_unpack.$func$\sv2v_cast_06687$results/exp06/ppa/prefetch/cp_fetch_input.v:206$133$\inp' from process `\VX_cp_unpack.$proc$results/exp06/ppa/prefetch/cp_fetch_input.v:161$134'.
Latch inferred for signal `\VX_cp_unpack.\sv2v_autoblock_2.hdr' from process `\VX_cp_unpack.$proc$results/exp06/ppa/prefetch/cp_fetch_input.v:161$134': $auto$proc_dlatch.cc:409:proc_dlatch$4180
Latch inferred for signal `\VX_cp_unpack.\sv2v_autoblock_2.op' from process `\VX_cp_unpack.$proc$results/exp06/ppa/prefetch/cp_fetch_input.v:161$134': $auto$proc_dlatch.cc:409:proc_dlatch$4183
Latch inferred for signal `\VX_cp_unpack.\sv2v_autoblock_2.profiled' from process `\VX_cp_unpack.$proc$results/exp06/ppa/prefetch/cp_fetch_input.v:161$134': $auto$proc_dlatch.cc:409:proc_dlatch$4186
Latch inferred for signal `\VX_cp_unpack.\sv2v_autoblock_2.sz' from process `\VX_cp_unpack.$proc$results/exp06/ppa/prefetch/cp_fetch_input.v:161$134': $auto$proc_dlatch.cc:409:proc_dlatch$4209
Latch inferred for signal `\VX_cp_unpack.$func$\read64$results/exp06/ppa/prefetch/cp_fetch_input.sv2v_autoblock_1.v:198$64$\sv2v_autoblock_1\i' from process `\VX_cp_unpack.$proc$results/exp06/ppa/prefetch/cp_fetch_input.v:161$134': $auto$proc_dlatch.cc:409:proc_dlatch$4250
Latch inferred for signal `\VX_cp_unpack.$func$\read64$results/exp06/ppa/prefetch/cp_fetch_input.sv2v_autoblock_1.v:200$81$\sv2v_autoblock_1\i' from process `\VX_cp_unpack.$proc$results/exp06/ppa/prefetch/cp_fetch_input.v:161$134': $auto$proc_dlatch.cc:409:proc_dlatch$4253
Latch inferred for signal `\VX_cp_unpack.$func$\read64$results/exp06/ppa/prefetch/cp_fetch_input.sv2v_autoblock_1.v:202$98$\sv2v_autoblock_1\i' from process `\VX_cp_unpack.$proc$results/exp06/ppa/prefetch/cp_fetch_input.v:161$134': $auto$proc_dlatch.cc:409:proc_dlatch$4256
Latch inferred for signal `\VX_cp_unpack.$func$\read64$results/exp06/ppa/prefetch/cp_fetch_input.sv2v_autoblock_1.v:204$116$\sv2v_autoblock_1\i' from process `\VX_cp_unpack.$proc$results/exp06/ppa/prefetch/cp_fetch_input.v:161$134': $auto$proc_dlatch.cc:409:proc_dlatch$4259
No latch inferred for signal `\VX_cp_fetch_top.\u_fetch._sv2v_0' from process `\VX_cp_fetch_top.$proc$results/exp06/ppa/prefetch/cp_fetch_input.v:645$53'.
No latch inferred for signal `\VX_cp_fetch_top.\axi_if.awvalid' from process `\VX_cp_fetch_top.$proc$results/exp06/ppa/prefetch/cp_fetch_input.v:600$45'.
No latch inferred for signal `\VX_cp_fetch_top.\axi_if.awaddr' from process `\VX_cp_fetch_top.$proc$results/exp06/ppa/prefetch/cp_fetch_input.v:600$45'.
No latch inferred for signal `\VX_cp_fetch_top.\axi_if.awid' from process `\VX_cp_fetch_top.$proc$results/exp06/ppa/prefetch/cp_fetch_input.v:600$45'.
No latch inferred for signal `\VX_cp_fetch_top.\axi_if.awlen' from process `\VX_cp_fetch_top.$proc$results/exp06/ppa/prefetch/cp_fetch_input.v:600$45'.
No latch inferred for signal `\VX_cp_fetch_top.\axi_if.awsize' from process `\VX_cp_fetch_top.$proc$results/exp06/ppa/prefetch/cp_fetch_input.v:600$45'.
No latch inferred for signal `\VX_cp_fetch_top.\axi_if.awburst' from process `\VX_cp_fetch_top.$proc$results/exp06/ppa/prefetch/cp_fetch_input.v:600$45'.
No latch inferred for signal `\VX_cp_fetch_top.\axi_if.wvalid' from process `\VX_cp_fetch_top.$proc$results/exp06/ppa/prefetch/cp_fetch_input.v:600$45'.
No latch inferred for signal `\VX_cp_fetch_top.\axi_if.wdata' from process `\VX_cp_fetch_top.$proc$results/exp06/ppa/prefetch/cp_fetch_input.v:600$45'.
No latch inferred for signal `\VX_cp_fetch_top.\axi_if.wstrb' from process `\VX_cp_fetch_top.$proc$results/exp06/ppa/prefetch/cp_fetch_input.v:600$45'.
No latch inferred for signal `\VX_cp_fetch_top.\axi_if.wlast' from process `\VX_cp_fetch_top.$proc$results/exp06/ppa/prefetch/cp_fetch_input.v:600$45'.
No latch inferred for signal `\VX_cp_fetch_top.\axi_if.bready' from process `\VX_cp_fetch_top.$proc$results/exp06/ppa/prefetch/cp_fetch_input.v:600$45'.
No latch inferred for signal `\VX_cp_fetch_top.\axi_if.arvalid' from process `\VX_cp_fetch_top.$proc$results/exp06/ppa/prefetch/cp_fetch_input.v:600$45'.
No latch inferred for signal `\VX_cp_fetch_top.\axi_if.araddr' from process `\VX_cp_fetch_top.$proc$results/exp06/ppa/prefetch/cp_fetch_input.v:600$45'.
No latch inferred for signal `\VX_cp_fetch_top.\axi_if.arid' from process `\VX_cp_fetch_top.$proc$results/exp06/ppa/prefetch/cp_fetch_input.v:600$45'.
No latch inferred for signal `\VX_cp_fetch_top.\axi_if.arlen' from process `\VX_cp_fetch_top.$proc$results/exp06/ppa/prefetch/cp_fetch_input.v:600$45'.
No latch inferred for signal `\VX_cp_fetch_top.\axi_if.arsize' from process `\VX_cp_fetch_top.$proc$results/exp06/ppa/prefetch/cp_fetch_input.v:600$45'.
No latch inferred for signal `\VX_cp_fetch_top.\axi_if.arburst' from process `\VX_cp_fetch_top.$proc$results/exp06/ppa/prefetch/cp_fetch_input.v:600$45'.
No latch inferred for signal `\VX_cp_fetch_top.\axi_if.rready' from process `\VX_cp_fetch_top.$proc$results/exp06/ppa/prefetch/cp_fetch_input.v:600$45'.
No latch inferred for signal `\VX_cp_fetch_top.\u_fetch.cmd_out_valid' from process `\VX_cp_fetch_top.$proc$results/exp06/ppa/prefetch/cp_fetch_input.v:600$45'.
No latch inferred for signal `\VX_cp_fetch_top.\u_fetch.cmd_out' from process `\VX_cp_fetch_top.$proc$results/exp06/ppa/prefetch/cp_fetch_input.v:600$45'.
No latch inferred for signal `\VX_cp_fetch_top.\u_fetch.state' from process `\VX_cp_fetch_top.$proc$results/exp06/ppa/prefetch/cp_fetch_input.v:518$21'.
No latch inferred for signal `\VX_cp_fetch_top.$func$\sv2v_cast_842CE$results/exp06/ppa/prefetch/cp_fetch_input.v:376$1$\sv2v_cast_842CE' from process `\VX_cp_fetch_top.$proc$results/exp06/ppa/prefetch/cp_fetch_input.v:372$4'.
No latch inferred for signal `\VX_cp_fetch_top.$func$\sv2v_cast_842CE$results/exp06/ppa/prefetch/cp_fetch_input.v:376$2$\sv2v_cast_842CE' from process `\VX_cp_fetch_top.$proc$results/exp06/ppa/prefetch/cp_fetch_input.v:372$4'.
No latch inferred for signal `\VX_cp_fetch_top.$func$\sv2v_cast_842CE$results/exp06/ppa/prefetch/cp_fetch_input.v:376$2$\inp' from process `\VX_cp_fetch_top.$proc$results/exp06/ppa/prefetch/cp_fetch_input.v:372$4'.

5.7. Executing PROC_DFF pass (convert process syncs to FFs).
Creating register for signal `\VX_cp_fetch_top.\u_fetch.head_r' using process `\VX_cp_fetch_top.$proc$results/exp06/ppa/prefetch/cp_fetch_input.v:536$24'.
  created $dff cell `$procdff$4260' with positive edge clock.
Creating register for signal `\VX_cp_fetch_top.\u_fetch.fetch_head_r' using process `\VX_cp_fetch_top.$proc$results/exp06/ppa/prefetch/cp_fetch_input.v:536$24'.
  created $dff cell `$procdff$4261' with positive edge clock.
Creating register for signal `\VX_cp_fetch_top.\u_fetch.read_ptr_r' using process `\VX_cp_fetch_top.$proc$results/exp06/ppa/prefetch/cp_fetch_input.v:536$24'.
  created $dff cell `$procdff$4262' with positive edge clock.
Creating register for signal `\VX_cp_fetch_top.\u_fetch.write_ptr_r' using process `\VX_cp_fetch_top.$proc$results/exp06/ppa/prefetch/cp_fetch_input.v:536$24'.
  created $dff cell `$procdff$4263' with positive edge clock.
Creating register for signal `\VX_cp_fetch_top.\u_fetch.fifo_count_r' using process `\VX_cp_fetch_top.$proc$results/exp06/ppa/prefetch/cp_fetch_input.v:536$24'.
  created $dff cell `$procdff$4264' with positive edge clock.
Creating register for signal `\VX_cp_fetch_top.\u_fetch.request_count_r' using process `\VX_cp_fetch_top.$proc$results/exp06/ppa/prefetch/cp_fetch_input.v:536$24'.
  created $dff cell `$procdff$4265' with positive edge clock.
Creating register for signal `\VX_cp_fetch_top.\u_fetch.offset_r' using process `\VX_cp_fetch_top.$proc$results/exp06/ppa/prefetch/cp_fetch_input.v:536$24'.
  created $dff cell `$procdff$4266' with positive edge clock.
Creating register for signal `\VX_cp_fetch_top.$memwr$\u_fetch.cl_fifo$results/exp06/ppa/prefetch/cp_fetch_input.v:561$3_ADDR' using process `\VX_cp_fetch_top.$proc$results/exp06/ppa/prefetch/cp_fetch_input.v:536$24'.
  created $dff cell `$procdff$4267' with positive edge clock.
Creating register for signal `\VX_cp_fetch_top.$memwr$\u_fetch.cl_fifo$results/exp06/ppa/prefetch/cp_fetch_input.v:561$3_DATA' using process `\VX_cp_fetch_top.$proc$results/exp06/ppa/prefetch/cp_fetch_input.v:536$24'.
  created $dff cell `$procdff$4268' with positive edge clock.
Creating register for signal `\VX_cp_fetch_top.$memwr$\u_fetch.cl_fifo$results/exp06/ppa/prefetch/cp_fetch_input.v:561$3_EN' using process `\VX_cp_fetch_top.$proc$results/exp06/ppa/prefetch/cp_fetch_input.v:536$24'.
  created $dff cell `$procdff$4269' with positive edge clock.

5.8. Executing PROC_CLEAN pass (remove empty switches from decision trees).
Removing empty process `VX_cp_unpack.$proc$results/exp06/ppa/prefetch/cp_fetch_input.v:213$864'.
Found and cleaned up 41 empty switches in `\VX_cp_unpack.$proc$results/exp06/ppa/prefetch/cp_fetch_input.v:161$134'.
Removing empty process `VX_cp_unpack.$proc$results/exp06/ppa/prefetch/cp_fetch_input.v:161$134'.
Removing empty process `VX_cp_fetch_top.$proc$results/exp06/ppa/prefetch/cp_fetch_input.v:645$53'.
Removing empty process `VX_cp_fetch_top.$proc$results/exp06/ppa/prefetch/cp_fetch_input.v:600$45'.
Found and cleaned up 7 empty switches in `\VX_cp_fetch_top.$proc$results/exp06/ppa/prefetch/cp_fetch_input.v:536$24'.
Removing empty process `VX_cp_fetch_top.$proc$results/exp06/ppa/prefetch/cp_fetch_input.v:536$24'.
Found and cleaned up 3 empty switches in `\VX_cp_fetch_top.$proc$results/exp06/ppa/prefetch/cp_fetch_input.v:518$21'.
Removing empty process `VX_cp_fetch_top.$proc$results/exp06/ppa/prefetch/cp_fetch_input.v:518$21'.
Removing empty process `VX_cp_fetch_top.$proc$results/exp06/ppa/prefetch/cp_fetch_input.v:372$4'.
Cleaned up 51 empty switches.

6. Executing OPT pass (performing simple optimizations).

6.1. Executing OPT_EXPR pass (perform const folding).
Optimizing module VX_cp_unpack.
<suppressed ~181 debug messages>
Optimizing module VX_cp_fetch_top.
<suppressed ~8 debug messages>

6.2. Executing OPT_MERGE pass (detect identical cells).
Finding identical cells in module `\VX_cp_unpack'.
<suppressed ~165 debug messages>
Finding identical cells in module `\VX_cp_fetch_top'.
<suppressed ~15 debug messages>
Removed a total of 60 cells.

6.3. Executing OPT_MUXTREE pass (detect dead branches in mux trees).
Running muxtree optimizer on module \VX_cp_unpack..
  Creating internal representation of mux trees.
  Evaluating internal representation of mux trees.
  Analyzing evaluation results.
    dead port 1/2 on $mux $procmux$3785.
    dead port 2/2 on $mux $procmux$3785.
    dead port 1/2 on $mux $procmux$3782.
    dead port 2/2 on $mux $procmux$3782.
    dead port 1/2 on $mux $procmux$3779.
    dead port 2/2 on $mux $procmux$3779.
    dead port 1/2 on $mux $procmux$3776.
    dead port 2/2 on $mux $procmux$3776.
    dead port 1/2 on $mux $procmux$3773.
    dead port 2/2 on $mux $procmux$3773.
    dead port 1/2 on $mux $procmux$3770.
    dead port 2/2 on $mux $procmux$3770.
    dead port 1/2 on $mux $procmux$3767.
    dead port 2/2 on $mux $procmux$3767.
    dead port 1/2 on $mux $procmux$3764.
    dead port 2/2 on $mux $procmux$3764.
    dead port 1/2 on $mux $procmux$3761.
    dead port 2/2 on $mux $procmux$3761.
    dead port 1/2 on $mux $procmux$3758.
    dead port 2/2 on $mux $procmux$3758.
    dead port 1/2 on $mux $procmux$3755.
    dead port 2/2 on $mux $procmux$3755.
    dead port 1/2 on $mux $procmux$3752.
    dead port 2/2 on $mux $procmux$3752.
    dead port 1/2 on $mux $procmux$3749.
    dead port 2/2 on $mux $procmux$3749.
    dead port 1/2 on $mux $procmux$3746.
    dead port 2/2 on $mux $procmux$3746.
    dead port 1/2 on $mux $procmux$3743.
    dead port 2/2 on $mux $procmux$3743.
    dead port 1/2 on $mux $procmux$3740.
    dead port 2/2 on $mux $procmux$3740.
    dead port 1/2 on $mux $procmux$3738.
    dead port 2/2 on $mux $procmux$3738.
    dead port 1/2 on $mux $procmux$3734.
    dead port 2/2 on $mux $procmux$3734.
    dead port 1/2 on $mux $procmux$3732.
    dead port 2/2 on $mux $procmux$3732.
    dead port 1/2 on $mux $procmux$3722.
    dead port 2/2 on $mux $procmux$3722.
    dead port 1/2 on $mux $procmux$3720.
    dead port 2/2 on $mux $procmux$3720.
    dead port 1/2 on $mux $procmux$3716.
    dead port 2/2 on $mux $procmux$3716.
    dead port 1/2 on $mux $procmux$3714.
    dead port 2/2 on $mux $procmux$3714.
    dead port 1/2 on $mux $procmux$3704.
    dead port 2/2 on $mux $procmux$3704.
    dead port 1/2 on $mux $procmux$3702.
    dead port 2/2 on $mux $procmux$3702.
    dead port 1/2 on $mux $procmux$3698.
    dead port 2/2 on $mux $procmux$3698.
    dead port 1/2 on $mux $procmux$3696.
    dead port 2/2 on $mux $procmux$3696.
    dead port 1/2 on $mux $procmux$3686.
    dead port 2/2 on $mux $procmux$3686.
    dead port 1/2 on $mux $procmux$3684.
    dead port 2/2 on $mux $procmux$3684.
    dead port 1/2 on $mux $procmux$3680.
    dead port 2/2 on $mux $procmux$3680.
    dead port 1/2 on $mux $procmux$3678.
    dead port 2/2 on $mux $procmux$3678.
    dead port 1/2 on $mux $procmux$3788.
    dead port 2/2 on $mux $procmux$3788.
    dead port 1/2 on $mux $procmux$3950.
    dead port 2/2 on $mux $procmux$3950.
    dead port 1/2 on $mux $procmux$3662.
    dead port 2/2 on $mux $procmux$3662.
    dead port 1/2 on $mux $procmux$3660.
    dead port 2/2 on $mux $procmux$3660.
    dead port 1/2 on $mux $procmux$3656.
    dead port 2/2 on $mux $procmux$3656.
    dead port 1/2 on $mux $procmux$3654.
    dead port 2/2 on $mux $procmux$3654.
    dead port 1/2 on $mux $procmux$3650.
    dead port 2/2 on $mux $procmux$3650.
    dead port 1/2 on $mux $procmux$3648.
    dead port 2/2 on $mux $procmux$3648.
    dead port 1/2 on $mux $procmux$3644.
    dead port 2/2 on $mux $procmux$3644.
    dead port 1/2 on $mux $procmux$3642.
    dead port 2/2 on $mux $procmux$3642.
    dead port 1/2 on $mux $procmux$3632.
    dead port 2/2 on $mux $procmux$3632.
    dead port 1/2 on $mux $procmux$3630.
    dead port 2/2 on $mux $procmux$3630.
    dead port 1/2 on $mux $procmux$3626.
    dead port 2/2 on $mux $procmux$3626.
    dead port 1/2 on $mux $procmux$3624.
    dead port 2/2 on $mux $procmux$3624.
    dead port 2/2 on $mux $procmux$3620.
    dead port 2/2 on $mux $procmux$3614.
    dead port 2/2 on $mux $procmux$3608.
    dead port 1/2 on $mux $procmux$3602.
    dead port 2/2 on $mux $procmux$3602.
    dead port 1/2 on $mux $procmux$3600.
    dead port 2/2 on $mux $procmux$3600.
    dead port 1/2 on $mux $procmux$3596.
    dead port 2/2 on $mux $procmux$3596.
    dead port 1/2 on $mux $procmux$3594.
    dead port 2/2 on $mux $procmux$3594.
    dead port 1/2 on $mux $procmux$3590.
    dead port 2/2 on $mux $procmux$3590.
    dead port 1/2 on $mux $procmux$3588.
    dead port 2/2 on $mux $procmux$3588.
    dead port 1/2 on $mux $procmux$4091.
    dead port 2/2 on $mux $procmux$4091.
    dead port 1/2 on $mux $procmux$3578.
    dead port 2/2 on $mux $procmux$3578.
    dead port 1/2 on $mux $procmux$3576.
    dead port 2/2 on $mux $procmux$3576.
    dead port 1/2 on $mux $procmux$3572.
    dead port 2/2 on $mux $procmux$3572.
    dead port 1/2 on $mux $procmux$3570.
    dead port 2/2 on $mux $procmux$3570.
    dead port 1/2 on $mux $procmux$3566.
    dead port 2/2 on $mux $procmux$3566.
    dead port 1/2 on $mux $procmux$3564.
    dead port 2/2 on $mux $procmux$3564.
    dead port 1/2 on $mux $procmux$3560.
    dead port 2/2 on $mux $procmux$3560.
    dead port 1/2 on $mux $procmux$3558.
    dead port 2/2 on $mux $procmux$3558.
    dead port 1/2 on $mux $procmux$3554.
    dead port 2/2 on $mux $procmux$3554.
    dead port 1/2 on $mux $procmux$3552.
    dead port 2/2 on $mux $procmux$3552.
    dead port 1/2 on $mux $procmux$3548.
    dead port 2/2 on $mux $procmux$3548.
    dead port 1/2 on $mux $procmux$3546.
    dead port 2/2 on $mux $procmux$3546.
    dead port 1/2 on $mux $procmux$3542.
    dead port 2/2 on $mux $procmux$3542.
    dead port 1/2 on $mux $procmux$3540.
    dead port 2/2 on $mux $procmux$3540.
    dead port 1/2 on $mux $procmux$3536.
    dead port 2/2 on $mux $procmux$3536.
    dead port 1/2 on $mux $procmux$3534.
    dead port 2/2 on $mux $procmux$3534.
    dead port 1/2 on $mux $procmux$3530.
    dead port 2/2 on $mux $procmux$3530.
    dead port 1/2 on $mux $procmux$3528.
    dead port 2/2 on $mux $procmux$3528.
    dead port 1/2 on $mux $procmux$3524.
    dead port 2/2 on $mux $procmux$3524.
    dead port 1/2 on $mux $procmux$3522.
    dead port 2/2 on $mux $procmux$3522.
    dead port 1/2 on $mux $procmux$3518.
    dead port 2/2 on $mux $procmux$3518.
    dead port 1/2 on $mux $procmux$3516.
    dead port 2/2 on $mux $procmux$3516.
    dead port 1/2 on $mux $procmux$3512.
    dead port 2/2 on $mux $procmux$3512.
    dead port 1/2 on $mux $procmux$3510.
    dead port 2/2 on $mux $procmux$3510.
    dead port 1/2 on $mux $procmux$3506.
    dead port 2/2 on $mux $procmux$3506.
    dead port 1/2 on $mux $procmux$3504.
    dead port 2/2 on $mux $procmux$3504.
    dead port 1/2 on $mux $procmux$3500.
    dead port 2/2 on $mux $procmux$3500.
    dead port 1/2 on $mux $procmux$3498.
    dead port 2/2 on $mux $procmux$3498.
    dead port 1/2 on $mux $procmux$3494.
    dead port 2/2 on $mux $procmux$3494.
    dead port 1/2 on $mux $procmux$3492.
    dead port 2/2 on $mux $procmux$3492.
    dead port 1/2 on $mux $procmux$3488.
    dead port 2/2 on $mux $procmux$3488.
    dead port 1/2 on $mux $procmux$3486.
    dead port 2/2 on $mux $procmux$3486.
    dead port 1/2 on $mux $procmux$3482.
    dead port 2/2 on $mux $procmux$3482.
    dead port 1/2 on $mux $procmux$3480.
    dead port 2/2 on $mux $procmux$3480.
    dead port 1/2 on $mux $procmux$3476.
    dead port 2/2 on $mux $procmux$3476.
    dead port 1/2 on $mux $procmux$3474.
    dead port 2/2 on $mux $procmux$3474.
    dead port 1/2 on $mux $procmux$3470.
    dead port 2/2 on $mux $procmux$3470.
    dead port 1/2 on $mux $procmux$3468.
    dead port 2/2 on $mux $procmux$3468.
    dead port 1/2 on $mux $procmux$4088.
    dead port 2/2 on $mux $procmux$4088.
    dead port 1/2 on $mux $procmux$4086.
    dead port 2/2 on $mux $procmux$4086.
    dead port 1/2 on $mux $procmux$3458.
    dead port 2/2 on $mux $procmux$3458.
    dead port 1/2 on $mux $procmux$3456.
    dead port 2/2 on $mux $procmux$3456.
    dead port 1/2 on $mux $procmux$3452.
    dead port 2/2 on $mux $procmux$3452.
    dead port 1/2 on $mux $procmux$3450.
    dead port 2/2 on $mux $procmux$3450.
    dead port 1/2 on $mux $procmux$3446.
    dead port 2/2 on $mux $procmux$3446.
    dead port 1/2 on $mux $procmux$3444.
    dead port 2/2 on $mux $procmux$3444.
    dead port 1/2 on $mux $procmux$3440.
    dead port 2/2 on $mux $procmux$3440.
    dead port 1/2 on $mux $procmux$3438.
    dead port 2/2 on $mux $procmux$3438.
    dead port 1/2 on $mux $procmux$3434.
    dead port 2/2 on $mux $procmux$3434.
    dead port 1/2 on $mux $procmux$3432.
    dead port 2/2 on $mux $procmux$3432.
    dead port 1/2 on $mux $procmux$3428.
    dead port 2/2 on $mux $procmux$3428.
    dead port 1/2 on $mux $procmux$3426.
    dead port 2/2 on $mux $procmux$3426.
    dead port 1/2 on $mux $procmux$3422.
    dead port 2/2 on $mux $procmux$3422.
    dead port 1/2 on $mux $procmux$3420.
    dead port 2/2 on $mux $procmux$3420.
    dead port 1/2 on $mux $procmux$3416.
    dead port 2/2 on $mux $procmux$3416.
    dead port 1/2 on $mux $procmux$3414.
    dead port 2/2 on $mux $procmux$3414.
    dead port 1/2 on $mux $procmux$3410.
    dead port 2/2 on $mux $procmux$3410.
    dead port 1/2 on $mux $procmux$3408.
    dead port 2/2 on $mux $procmux$3408.
    dead port 1/2 on $mux $procmux$3404.
    dead port 2/2 on $mux $procmux$3404.
    dead port 1/2 on $mux $procmux$3402.
    dead port 2/2 on $mux $procmux$3402.
    dead port 1/2 on $mux $procmux$3398.
    dead port 2/2 on $mux $procmux$3398.
    dead port 1/2 on $mux $procmux$3396.
    dead port 2/2 on $mux $procmux$3396.
    dead port 1/2 on $mux $procmux$3392.
    dead port 2/2 on $mux $procmux$3392.
    dead port 1/2 on $mux $procmux$3390.
    dead port 2/2 on $mux $procmux$3390.
    dead port 1/2 on $mux $procmux$3386.
    dead port 2/2 on $mux $procmux$3386.
    dead port 1/2 on $mux $procmux$3384.
    dead port 2/2 on $mux $procmux$3384.
    dead port 1/2 on $mux $procmux$3380.
    dead port 2/2 on $mux $procmux$3380.
    dead port 1/2 on $mux $procmux$3378.
    dead port 2/2 on $mux $procmux$3378.
    dead port 1/2 on $mux $procmux$3374.
    dead port 2/2 on $mux $procmux$3374.
    dead port 1/2 on $mux $procmux$3372.
    dead port 2/2 on $mux $procmux$3372.
    dead port 1/2 on $mux $procmux$3368.
    dead port 2/2 on $mux $procmux$3368.
    dead port 1/2 on $mux $procmux$3366.
    dead port 2/2 on $mux $procmux$3366.
    dead port 1/2 on $mux $procmux$3362.
    dead port 2/2 on $mux $procmux$3362.
    dead port 1/2 on $mux $procmux$3360.
    dead port 2/2 on $mux $procmux$3360.
    dead port 1/2 on $mux $procmux$3356.
    dead port 2/2 on $mux $procmux$3356.
    dead port 1/2 on $mux $procmux$3354.
    dead port 2/2 on $mux $procmux$3354.
    dead port 1/2 on $mux $procmux$3350.
    dead port 2/2 on $mux $procmux$3350.
    dead port 1/2 on $mux $procmux$3348.
    dead port 2/2 on $mux $procmux$3348.
    dead port 1/2 on $mux $procmux$4084.
    dead port 2/2 on $mux $procmux$4084.
    dead port 1/2 on $mux $procmux$3338.
    dead port 2/2 on $mux $procmux$3338.
    dead port 1/2 on $mux $procmux$3336.
    dead port 2/2 on $mux $procmux$3336.
    dead port 1/2 on $mux $procmux$3332.
    dead port 2/2 on $mux $procmux$3332.
    dead port 1/2 on $mux $procmux$3330.
    dead port 2/2 on $mux $procmux$3330.
    dead port 1/2 on $mux $procmux$3326.
    dead port 2/2 on $mux $procmux$3326.
    dead port 1/2 on $mux $procmux$3324.
    dead port 2/2 on $mux $procmux$3324.
    dead port 1/2 on $mux $procmux$3320.
    dead port 2/2 on $mux $procmux$3320.
    dead port 1/2 on $mux $procmux$3318.
    dead port 2/2 on $mux $procmux$3318.
    dead port 1/2 on $mux $procmux$3314.
    dead port 2/2 on $mux $procmux$3314.
    dead port 1/2 on $mux $procmux$3312.
    dead port 2/2 on $mux $procmux$3312.
    dead port 1/2 on $mux $procmux$3308.
    dead port 2/2 on $mux $procmux$3308.
    dead port 1/2 on $mux $procmux$3306.
    dead port 2/2 on $mux $procmux$3306.
    dead port 1/2 on $mux $procmux$3302.
    dead port 2/2 on $mux $procmux$3302.
    dead port 1/2 on $mux $procmux$3300.
    dead port 2/2 on $mux $procmux$3300.
    dead port 1/2 on $mux $procmux$3296.
    dead port 2/2 on $mux $procmux$3296.
    dead port 1/2 on $mux $procmux$3294.
    dead port 2/2 on $mux $procmux$3294.
    dead port 1/2 on $mux $procmux$3290.
    dead port 2/2 on $mux $procmux$3290.
    dead port 1/2 on $mux $procmux$3288.
    dead port 2/2 on $mux $procmux$3288.
    dead port 1/2 on $mux $procmux$3284.
    dead port 2/2 on $mux $procmux$3284.
    dead port 1/2 on $mux $procmux$3282.
    dead port 2/2 on $mux $procmux$3282.
    dead port 1/2 on $mux $procmux$3278.
    dead port 2/2 on $mux $procmux$3278.
    dead port 1/2 on $mux $procmux$3276.
    dead port 2/2 on $mux $procmux$3276.
    dead port 1/2 on $mux $procmux$3272.
    dead port 2/2 on $mux $procmux$3272.
    dead port 1/2 on $mux $procmux$3270.
    dead port 2/2 on $mux $procmux$3270.
    dead port 1/2 on $mux $procmux$3266.
    dead port 2/2 on $mux $procmux$3266.
    dead port 1/2 on $mux $procmux$3264.
    dead port 2/2 on $mux $procmux$3264.
    dead port 1/2 on $mux $procmux$3260.
    dead port 2/2 on $mux $procmux$3260.
    dead port 1/2 on $mux $procmux$3258.
    dead port 2/2 on $mux $procmux$3258.
    dead port 1/2 on $mux $procmux$3254.
    dead port 2/2 on $mux $procmux$3254.
    dead port 1/2 on $mux $procmux$3252.
    dead port 2/2 on $mux $procmux$3252.
    dead port 1/2 on $mux $procmux$3248.
    dead port 2/2 on $mux $procmux$3248.
    dead port 1/2 on $mux $procmux$3246.
    dead port 2/2 on $mux $procmux$3246.
    dead port 1/2 on $mux $procmux$3242.
    dead port 2/2 on $mux $procmux$3242.
    dead port 1/2 on $mux $procmux$3240.
    dead port 2/2 on $mux $procmux$3240.
    dead port 1/2 on $mux $procmux$3236.
    dead port 2/2 on $mux $procmux$3236.
    dead port 1/2 on $mux $procmux$3234.
    dead port 2/2 on $mux $procmux$3234.
    dead port 1/2 on $mux $procmux$3230.
    dead port 2/2 on $mux $procmux$3230.
    dead port 1/2 on $mux $procmux$3228.
    dead port 2/2 on $mux $procmux$3228.
    dead port 1/2 on $mux $procmux$3224.
    dead port 2/2 on $mux $procmux$3224.
    dead port 1/2 on $mux $procmux$3222.
    dead port 2/2 on $mux $procmux$3222.
    dead port 1/2 on $mux $procmux$3218.
    dead port 2/2 on $mux $procmux$3218.
    dead port 1/2 on $mux $procmux$3216.
    dead port 2/2 on $mux $procmux$3216.
    dead port 1/2 on $mux $procmux$4079.
    dead port 2/2 on $mux $procmux$4079.
    dead port 1/2 on $mux $procmux$4076.
    dead port 2/2 on $mux $procmux$4076.
    dead port 1/2 on $mux $procmux$3206.
    dead port 2/2 on $mux $procmux$3206.
    dead port 1/2 on $mux $procmux$3204.
    dead port 2/2 on $mux $procmux$3204.
    dead port 1/2 on $mux $procmux$3200.
    dead port 2/2 on $mux $procmux$3200.
    dead port 1/2 on $mux $procmux$3198.
    dead port 2/2 on $mux $procmux$3198.
    dead port 1/2 on $mux $procmux$3194.
    dead port 2/2 on $mux $procmux$3194.
    dead port 1/2 on $mux $procmux$3192.
    dead port 2/2 on $mux $procmux$3192.
    dead port 1/2 on $mux $procmux$3188.
    dead port 2/2 on $mux $procmux$3188.
    dead port 1/2 on $mux $procmux$3186.
    dead port 2/2 on $mux $procmux$3186.
    dead port 1/2 on $mux $procmux$3182.
    dead port 2/2 on $mux $procmux$3182.
    dead port 1/2 on $mux $procmux$3180.
    dead port 2/2 on $mux $procmux$3180.
    dead port 1/2 on $mux $procmux$3176.
    dead port 2/2 on $mux $procmux$3176.
    dead port 1/2 on $mux $procmux$3174.
    dead port 2/2 on $mux $procmux$3174.
    dead port 1/2 on $mux $procmux$3170.
    dead port 2/2 on $mux $procmux$3170.
    dead port 1/2 on $mux $procmux$3168.
    dead port 2/2 on $mux $procmux$3168.
    dead port 1/2 on $mux $procmux$3164.
    dead port 2/2 on $mux $procmux$3164.
    dead port 1/2 on $mux $procmux$3162.
    dead port 2/2 on $mux $procmux$3162.
    dead port 1/2 on $mux $procmux$3158.
    dead port 2/2 on $mux $procmux$3158.
    dead port 1/2 on $mux $procmux$3156.
    dead port 2/2 on $mux $procmux$3156.
    dead port 1/2 on $mux $procmux$3152.
    dead port 2/2 on $mux $procmux$3152.
    dead port 1/2 on $mux $procmux$3150.
    dead port 2/2 on $mux $procmux$3150.
    dead port 1/2 on $mux $procmux$3146.
    dead port 2/2 on $mux $procmux$3146.
    dead port 1/2 on $mux $procmux$3144.
    dead port 2/2 on $mux $procmux$3144.
    dead port 1/2 on $mux $procmux$3140.
    dead port 2/2 on $mux $procmux$3140.
    dead port 1/2 on $mux $procmux$3138.
    dead port 2/2 on $mux $procmux$3138.
    dead port 1/2 on $mux $procmux$3134.
    dead port 2/2 on $mux $procmux$3134.
    dead port 1/2 on $mux $procmux$3132.
    dead port 2/2 on $mux $procmux$3132.
    dead port 1/2 on $mux $procmux$3128.
    dead port 2/2 on $mux $procmux$3128.
    dead port 1/2 on $mux $procmux$3126.
    dead port 2/2 on $mux $procmux$3126.
    dead port 1/2 on $mux $procmux$3122.
    dead port 2/2 on $mux $procmux$3122.
    dead port 1/2 on $mux $procmux$3120.
    dead port 2/2 on $mux $procmux$3120.
    dead port 1/2 on $mux $procmux$3116.
    dead port 2/2 on $mux $procmux$3116.
    dead port 1/2 on $mux $procmux$3114.
    dead port 2/2 on $mux $procmux$3114.
    dead port 1/2 on $mux $procmux$3110.
    dead port 2/2 on $mux $procmux$3110.
    dead port 1/2 on $mux $procmux$3108.
    dead port 2/2 on $mux $procmux$3108.
    dead port 1/2 on $mux $procmux$3104.
    dead port 2/2 on $mux $procmux$3104.
    dead port 1/2 on $mux $procmux$3102.
    dead port 2/2 on $mux $procmux$3102.
    dead port 1/2 on $mux $procmux$3947.
    dead port 2/2 on $mux $procmux$3947.
    dead port 1/2 on $mux $procmux$3944.
    dead port 2/2 on $mux $procmux$3944.
    dead port 1/2 on $mux $procmux$3941.
    dead port 2/2 on $mux $procmux$3941.
    dead port 1/2 on $mux $procmux$3938.
    dead port 2/2 on $mux $procmux$3938.
    dead port 1/2 on $mux $procmux$3935.
    dead port 2/2 on $mux $procmux$3935.
    dead port 1/2 on $mux $procmux$3932.
    dead port 2/2 on $mux $procmux$3932.
    dead port 1/2 on $mux $procmux$3929.
    dead port 2/2 on $mux $procmux$3929.
    dead port 1/2 on $mux $procmux$3926.
    dead port 2/2 on $mux $procmux$3926.
    dead port 1/2 on $mux $procmux$3920.
    dead port 2/2 on $mux $procmux$3920.
    dead port 1/2 on $mux $procmux$3917.
    dead port 2/2 on $mux $procmux$3917.
    dead port 1/2 on $mux $procmux$3914.
    dead port 2/2 on $mux $procmux$3914.
    dead port 2/2 on $mux $procmux$3080.
    dead port 2/2 on $mux $procmux$3078.
    dead port 1/2 on $mux $procmux$3071.
    dead port 2/2 on $mux $procmux$3071.
    dead port 1/2 on $mux $procmux$3069.
    dead port 2/2 on $mux $procmux$3069.
    dead port 1/2 on $mux $procmux$3067.
    dead port 2/2 on $mux $procmux$3067.
    dead port 2/2 on $mux $procmux$3062.
    dead port 2/2 on $mux $procmux$3060.
    dead port 1/2 on $mux $procmux$3053.
    dead port 2/2 on $mux $procmux$3053.
    dead port 1/2 on $mux $procmux$3051.
    dead port 2/2 on $mux $procmux$3051.
    dead port 1/2 on $mux $procmux$3049.
    dead port 2/2 on $mux $procmux$3049.
    dead port 1/2 on $mux $procmux$3044.
    dead port 2/2 on $mux $procmux$3044.
    dead port 1/2 on $mux $procmux$3042.
    dead port 2/2 on $mux $procmux$3042.
    dead port 1/2 on $mux $procmux$3040.
    dead port 2/2 on $mux $procmux$3040.
    dead port 1/2 on $mux $procmux$3035.
    dead port 2/2 on $mux $procmux$3035.
    dead port 1/2 on $mux $procmux$3033.
    dead port 2/2 on $mux $procmux$3033.
    dead port 1/2 on $mux $procmux$3031.
    dead port 2/2 on $mux $procmux$3031.
    dead port 1/2 on $mux $procmux$3026.
    dead port 2/2 on $mux $procmux$3026.
    dead port 1/2 on $mux $procmux$3024.
    dead port 2/2 on $mux $procmux$3024.
    dead port 1/2 on $mux $procmux$3022.
    dead port 2/2 on $mux $procmux$3022.
    dead port 1/2 on $mux $procmux$3017.
    dead port 2/2 on $mux $procmux$3017.
    dead port 1/2 on $mux $procmux$3015.
    dead port 2/2 on $mux $procmux$3015.
    dead port 1/2 on $mux $procmux$3013.
    dead port 2/2 on $mux $procmux$3013.
    dead port 1/2 on $mux $procmux$3008.
    dead port 2/2 on $mux $procmux$3008.
    dead port 1/2 on $mux $procmux$3006.
    dead port 2/2 on $mux $procmux$3006.
    dead port 1/2 on $mux $procmux$3004.
    dead port 2/2 on $mux $procmux$3004.
    dead port 1/2 on $mux $procmux$2999.
    dead port 2/2 on $mux $procmux$2999.
    dead port 1/2 on $mux $procmux$2997.
    dead port 2/2 on $mux $procmux$2997.
    dead port 1/2 on $mux $procmux$2995.
    dead port 2/2 on $mux $procmux$2995.
    dead port 1/2 on $mux $procmux$2990.
    dead port 2/2 on $mux $procmux$2990.
    dead port 1/2 on $mux $procmux$2988.
    dead port 2/2 on $mux $procmux$2988.
    dead port 1/2 on $mux $procmux$2986.
    dead port 2/2 on $mux $procmux$2986.
    dead port 1/2 on $mux $procmux$2981.
    dead port 2/2 on $mux $procmux$2981.
    dead port 1/2 on $mux $procmux$2979.
    dead port 2/2 on $mux $procmux$2979.
    dead port 1/2 on $mux $procmux$2977.
    dead port 2/2 on $mux $procmux$2977.
    dead port 1/2 on $mux $procmux$2972.
    dead port 2/2 on $mux $procmux$2972.
    dead port 1/2 on $mux $procmux$2970.
    dead port 2/2 on $mux $procmux$2970.
    dead port 1/2 on $mux $procmux$2968.
    dead port 2/2 on $mux $procmux$2968.
    dead port 1/2 on $mux $procmux$2963.
    dead port 2/2 on $mux $procmux$2963.
    dead port 1/2 on $mux $procmux$2961.
    dead port 2/2 on $mux $procmux$2961.
    dead port 1/2 on $mux $procmux$2959.
    dead port 2/2 on $mux $procmux$2959.
    dead port 1/2 on $mux $procmux$2954.
    dead port 2/2 on $mux $procmux$2954.
    dead port 1/2 on $mux $procmux$2952.
    dead port 2/2 on $mux $procmux$2952.
    dead port 1/2 on $mux $procmux$2950.
    dead port 2/2 on $mux $procmux$2950.
    dead port 1/2 on $mux $procmux$2945.
    dead port 2/2 on $mux $procmux$2945.
    dead port 1/2 on $mux $procmux$2943.
    dead port 2/2 on $mux $procmux$2943.
    dead port 1/2 on $mux $procmux$2941.
    dead port 2/2 on $mux $procmux$2941.
    dead port 1/2 on $mux $procmux$2936.
    dead port 2/2 on $mux $procmux$2936.
    dead port 1/2 on $mux $procmux$2934.
    dead port 2/2 on $mux $procmux$2934.
    dead port 1/2 on $mux $procmux$2932.
    dead port 2/2 on $mux $procmux$2932.
    dead port 1/2 on $mux $procmux$2927.
    dead port 2/2 on $mux $procmux$2927.
    dead port 1/2 on $mux $procmux$2925.
    dead port 2/2 on $mux $procmux$2925.
    dead port 1/2 on $mux $procmux$2923.
    dead port 2/2 on $mux $procmux$2923.
    dead port 1/2 on $mux $procmux$2918.
    dead port 2/2 on $mux $procmux$2918.
    dead port 1/2 on $mux $procmux$2916.
    dead port 2/2 on $mux $procmux$2916.
    dead port 1/2 on $mux $procmux$2914.
    dead port 2/2 on $mux $procmux$2914.
    dead port 1/2 on $mux $procmux$2909.
    dead port 2/2 on $mux $procmux$2909.
    dead port 1/2 on $mux $procmux$2907.
    dead port 2/2 on $mux $procmux$2907.
    dead port 1/2 on $mux $procmux$2905.
    dead port 2/2 on $mux $procmux$2905.
    dead port 1/2 on $mux $procmux$2900.
    dead port 2/2 on $mux $procmux$2900.
    dead port 1/2 on $mux $procmux$2898.
    dead port 2/2 on $mux $procmux$2898.
    dead port 1/2 on $mux $procmux$2896.
    dead port 2/2 on $mux $procmux$2896.
    dead port 1/2 on $mux $procmux$2891.
    dead port 2/2 on $mux $procmux$2891.
    dead port 1/2 on $mux $procmux$2889.
    dead port 2/2 on $mux $procmux$2889.
    dead port 1/2 on $mux $procmux$2887.
    dead port 2/2 on $mux $procmux$2887.
    dead port 1/2 on $mux $procmux$2882.
    dead port 2/2 on $mux $procmux$2882.
    dead port 1/2 on $mux $procmux$2880.
    dead port 2/2 on $mux $procmux$2880.
    dead port 1/2 on $mux $procmux$2878.
    dead port 2/2 on $mux $procmux$2878.
    dead port 1/2 on $mux $procmux$2873.
    dead port 2/2 on $mux $procmux$2873.
    dead port 1/2 on $mux $procmux$2871.
    dead port 2/2 on $mux $procmux$2871.
    dead port 1/2 on $mux $procmux$2869.
    dead port 2/2 on $mux $procmux$2869.
    dead port 1/2 on $mux $procmux$2864.
    dead port 2/2 on $mux $procmux$2864.
    dead port 1/2 on $mux $procmux$2862.
    dead port 2/2 on $mux $procmux$2862.
    dead port 1/2 on $mux $procmux$2860.
    dead port 2/2 on $mux $procmux$2860.
    dead port 1/2 on $mux $procmux$2855.
    dead port 2/2 on $mux $procmux$2855.
    dead port 1/2 on $mux $procmux$2853.
    dead port 2/2 on $mux $procmux$2853.
    dead port 1/2 on $mux $procmux$2851.
    dead port 2/2 on $mux $procmux$2851.
    dead port 1/2 on $mux $procmux$4073.
    dead port 2/2 on $mux $procmux$4073.
    dead port 1/2 on $mux $procmux$4070.
    dead port 2/2 on $mux $procmux$4070.
    dead port 1/2 on $mux $procmux$2837.
    dead port 2/2 on $mux $procmux$2837.
    dead port 1/2 on $mux $procmux$2835.
    dead port 2/2 on $mux $procmux$2835.
    dead port 1/2 on $mux $procmux$2833.
    dead port 2/2 on $mux $procmux$2833.
    dead port 2/2 on $mux $procmux$2828.
    dead port 2/2 on $mux $procmux$2826.
    dead port 1/2 on $mux $procmux$2819.
    dead port 2/2 on $mux $procmux$2819.
    dead port 1/2 on $mux $procmux$2817.
    dead port 2/2 on $mux $procmux$2817.
    dead port 1/2 on $mux $procmux$2815.
    dead port 2/2 on $mux $procmux$2815.
    dead port 1/2 on $mux $procmux$2810.
    dead port 2/2 on $mux $procmux$2810.
    dead port 1/2 on $mux $procmux$2808.
    dead port 2/2 on $mux $procmux$2808.
    dead port 1/2 on $mux $procmux$2806.
    dead port 2/2 on $mux $procmux$2806.
    dead port 1/2 on $mux $procmux$2801.
    dead port 2/2 on $mux $procmux$2801.
    dead port 1/2 on $mux $procmux$2799.
    dead port 2/2 on $mux $procmux$2799.
    dead port 1/2 on $mux $procmux$2797.
    dead port 2/2 on $mux $procmux$2797.
    dead port 1/2 on $mux $procmux$2792.
    dead port 2/2 on $mux $procmux$2792.
    dead port 1/2 on $mux $procmux$2790.
    dead port 2/2 on $mux $procmux$2790.
    dead port 1/2 on $mux $procmux$2788.
    dead port 2/2 on $mux $procmux$2788.
    dead port 1/2 on $mux $procmux$2783.
    dead port 2/2 on $mux $procmux$2783.
    dead port 1/2 on $mux $procmux$2781.
    dead port 2/2 on $mux $procmux$2781.
    dead port 1/2 on $mux $procmux$2779.
    dead port 2/2 on $mux $procmux$2779.
    dead port 1/2 on $mux $procmux$2774.
    dead port 2/2 on $mux $procmux$2774.
    dead port 1/2 on $mux $procmux$2772.
    dead port 2/2 on $mux $procmux$2772.
    dead port 1/2 on $mux $procmux$2770.
    dead port 2/2 on $mux $procmux$2770.
    dead port 1/2 on $mux $procmux$2765.
    dead port 2/2 on $mux $procmux$2765.
    dead port 1/2 on $mux $procmux$2763.
    dead port 2/2 on $mux $procmux$2763.
    dead port 1/2 on $mux $procmux$2761.
    dead port 2/2 on $mux $procmux$2761.
    dead port 1/2 on $mux $procmux$2756.
    dead port 2/2 on $mux $procmux$2756.
    dead port 1/2 on $mux $procmux$2754.
    dead port 2/2 on $mux $procmux$2754.
    dead port 1/2 on $mux $procmux$2752.
    dead port 2/2 on $mux $procmux$2752.
    dead port 1/2 on $mux $procmux$2747.
    dead port 2/2 on $mux $procmux$2747.
    dead port 1/2 on $mux $procmux$2745.
    dead port 2/2 on $mux $procmux$2745.
    dead port 1/2 on $mux $procmux$2743.
    dead port 2/2 on $mux $procmux$2743.
    dead port 1/2 on $mux $procmux$2738.
    dead port 2/2 on $mux $procmux$2738.
    dead port 1/2 on $mux $procmux$2736.
    dead port 2/2 on $mux $procmux$2736.
    dead port 1/2 on $mux $procmux$2734.
    dead port 2/2 on $mux $procmux$2734.
    dead port 1/2 on $mux $procmux$2729.
    dead port 2/2 on $mux $procmux$2729.
    dead port 1/2 on $mux $procmux$2727.
    dead port 2/2 on $mux $procmux$2727.
    dead port 1/2 on $mux $procmux$2725.
    dead port 2/2 on $mux $procmux$2725.
    dead port 1/2 on $mux $procmux$2720.
    dead port 2/2 on $mux $procmux$2720.
    dead port 1/2 on $mux $procmux$2718.
    dead port 2/2 on $mux $procmux$2718.
    dead port 1/2 on $mux $procmux$2716.
    dead port 2/2 on $mux $procmux$2716.
    dead port 1/2 on $mux $procmux$2711.
    dead port 2/2 on $mux $procmux$2711.
    dead port 1/2 on $mux $procmux$2709.
    dead port 2/2 on $mux $procmux$2709.
    dead port 1/2 on $mux $procmux$2707.
    dead port 2/2 on $mux $procmux$2707.
    dead port 1/2 on $mux $procmux$2702.
    dead port 2/2 on $mux $procmux$2702.
    dead port 1/2 on $mux $procmux$2700.
    dead port 2/2 on $mux $procmux$2700.
    dead port 1/2 on $mux $procmux$2698.
    dead port 2/2 on $mux $procmux$2698.
    dead port 1/2 on $mux $procmux$2693.
    dead port 2/2 on $mux $procmux$2693.
    dead port 1/2 on $mux $procmux$2691.
    dead port 2/2 on $mux $procmux$2691.
    dead port 1/2 on $mux $procmux$2689.
    dead port 2/2 on $mux $procmux$2689.
    dead port 1/2 on $mux $procmux$2684.
    dead port 2/2 on $mux $procmux$2684.
    dead port 1/2 on $mux $procmux$2682.
    dead port 2/2 on $mux $procmux$2682.
    dead port 1/2 on $mux $procmux$2680.
    dead port 2/2 on $mux $procmux$2680.
    dead port 1/2 on $mux $procmux$2675.
    dead port 2/2 on $mux $procmux$2675.
    dead port 1/2 on $mux $procmux$2673.
    dead port 2/2 on $mux $procmux$2673.
    dead port 1/2 on $mux $procmux$2671.
    dead port 2/2 on $mux $procmux$2671.
    dead port 1/2 on $mux $procmux$2666.
    dead port 2/2 on $mux $procmux$2666.
    dead port 1/2 on $mux $procmux$2664.
    dead port 2/2 on $mux $procmux$2664.
    dead port 1/2 on $mux $procmux$2662.
    dead port 2/2 on $mux $procmux$2662.
    dead port 1/2 on $mux $procmux$2657.
    dead port 2/2 on $mux $procmux$2657.
    dead port 1/2 on $mux $procmux$2655.
    dead port 2/2 on $mux $procmux$2655.
    dead port 1/2 on $mux $procmux$2653.
    dead port 2/2 on $mux $procmux$2653.
    dead port 1/2 on $mux $procmux$2648.
    dead port 2/2 on $mux $procmux$2648.
    dead port 1/2 on $mux $procmux$2646.
    dead port 2/2 on $mux $procmux$2646.
    dead port 1/2 on $mux $procmux$2644.
    dead port 2/2 on $mux $procmux$2644.
    dead port 1/2 on $mux $procmux$2639.
    dead port 2/2 on $mux $procmux$2639.
    dead port 1/2 on $mux $procmux$2637.
    dead port 2/2 on $mux $procmux$2637.
    dead port 1/2 on $mux $procmux$2635.
    dead port 2/2 on $mux $procmux$2635.
    dead port 1/2 on $mux $procmux$2630.
    dead port 2/2 on $mux $procmux$2630.
    dead port 1/2 on $mux $procmux$2628.
    dead port 2/2 on $mux $procmux$2628.
    dead port 1/2 on $mux $procmux$2626.
    dead port 2/2 on $mux $procmux$2626.
    dead port 1/2 on $mux $procmux$2621.
    dead port 2/2 on $mux $procmux$2621.
    dead port 1/2 on $mux $procmux$2619.
    dead port 2/2 on $mux $procmux$2619.
    dead port 1/2 on $mux $procmux$2617.
    dead port 2/2 on $mux $procmux$2617.
    dead port 1/2 on $mux $procmux$2612.
    dead port 2/2 on $mux $procmux$2612.
    dead port 1/2 on $mux $procmux$2610.
    dead port 2/2 on $mux $procmux$2610.
    dead port 1/2 on $mux $procmux$2608.
    dead port 2/2 on $mux $procmux$2608.
    dead port 1/2 on $mux $procmux$2603.
    dead port 2/2 on $mux $procmux$2603.
    dead port 1/2 on $mux $procmux$2601.
    dead port 2/2 on $mux $procmux$2601.
    dead port 1/2 on $mux $procmux$2599.
    dead port 2/2 on $mux $procmux$2599.
    dead port 1/2 on $mux $procmux$4067.
    dead port 2/2 on $mux $procmux$4067.
    dead port 1/2 on $mux $procmux$2585.
    dead port 2/2 on $mux $procmux$2585.
    dead port 1/2 on $mux $procmux$2583.
    dead port 2/2 on $mux $procmux$2583.
    dead port 1/2 on $mux $procmux$2581.
    dead port 2/2 on $mux $procmux$2581.
    dead port 2/2 on $mux $procmux$2576.
    dead port 2/2 on $mux $procmux$2574.
    dead port 1/2 on $mux $procmux$2567.
    dead port 2/2 on $mux $procmux$2567.
    dead port 1/2 on $mux $procmux$2565.
    dead port 2/2 on $mux $procmux$2565.
    dead port 1/2 on $mux $procmux$2563.
    dead port 2/2 on $mux $procmux$2563.
    dead port 1/2 on $mux $procmux$2558.
    dead port 2/2 on $mux $procmux$2558.
    dead port 1/2 on $mux $procmux$2556.
    dead port 2/2 on $mux $procmux$2556.
    dead port 1/2 on $mux $procmux$2554.
    dead port 2/2 on $mux $procmux$2554.
    dead port 1/2 on $mux $procmux$2549.
    dead port 2/2 on $mux $procmux$2549.
    dead port 1/2 on $mux $procmux$2547.
    dead port 2/2 on $mux $procmux$2547.
    dead port 1/2 on $mux $procmux$2545.
    dead port 2/2 on $mux $procmux$2545.
    dead port 1/2 on $mux $procmux$2540.
    dead port 2/2 on $mux $procmux$2540.
    dead port 1/2 on $mux $procmux$2538.
    dead port 2/2 on $mux $procmux$2538.
    dead port 1/2 on $mux $procmux$2536.
    dead port 2/2 on $mux $procmux$2536.
    dead port 1/2 on $mux $procmux$2531.
    dead port 2/2 on $mux $procmux$2531.
    dead port 1/2 on $mux $procmux$2529.
    dead port 2/2 on $mux $procmux$2529.
    dead port 1/2 on $mux $procmux$2527.
    dead port 2/2 on $mux $procmux$2527.
    dead port 1/2 on $mux $procmux$2522.
    dead port 2/2 on $mux $procmux$2522.
    dead port 1/2 on $mux $procmux$2520.
    dead port 2/2 on $mux $procmux$2520.
    dead port 1/2 on $mux $procmux$2518.
    dead port 2/2 on $mux $procmux$2518.
    dead port 1/2 on $mux $procmux$2513.
    dead port 2/2 on $mux $procmux$2513.
    dead port 1/2 on $mux $procmux$2511.
    dead port 2/2 on $mux $procmux$2511.
    dead port 1/2 on $mux $procmux$2509.
    dead port 2/2 on $mux $procmux$2509.
    dead port 1/2 on $mux $procmux$2504.
    dead port 2/2 on $mux $procmux$2504.
    dead port 1/2 on $mux $procmux$2502.
    dead port 2/2 on $mux $procmux$2502.
    dead port 1/2 on $mux $procmux$2500.
    dead port 2/2 on $mux $procmux$2500.
    dead port 1/2 on $mux $procmux$2495.
    dead port 2/2 on $mux $procmux$2495.
    dead port 1/2 on $mux $procmux$2493.
    dead port 2/2 on $mux $procmux$2493.
    dead port 1/2 on $mux $procmux$2491.
    dead port 2/2 on $mux $procmux$2491.
    dead port 1/2 on $mux $procmux$2486.
    dead port 2/2 on $mux $procmux$2486.
    dead port 1/2 on $mux $procmux$2484.
    dead port 2/2 on $mux $procmux$2484.
    dead port 1/2 on $mux $procmux$2482.
    dead port 2/2 on $mux $procmux$2482.
    dead port 1/2 on $mux $procmux$2477.
    dead port 2/2 on $mux $procmux$2477.
    dead port 1/2 on $mux $procmux$2475.
    dead port 2/2 on $mux $procmux$2475.
    dead port 1/2 on $mux $procmux$2473.
    dead port 2/2 on $mux $procmux$2473.
    dead port 1/2 on $mux $procmux$2468.
    dead port 2/2 on $mux $procmux$2468.
    dead port 1/2 on $mux $procmux$2466.
    dead port 2/2 on $mux $procmux$2466.
    dead port 1/2 on $mux $procmux$2464.
    dead port 2/2 on $mux $procmux$2464.
    dead port 1/2 on $mux $procmux$2459.
    dead port 2/2 on $mux $procmux$2459.
    dead port 1/2 on $mux $procmux$2457.
    dead port 2/2 on $mux $procmux$2457.
    dead port 1/2 on $mux $procmux$2455.
    dead port 2/2 on $mux $procmux$2455.
    dead port 1/2 on $mux $procmux$2450.
    dead port 2/2 on $mux $procmux$2450.
    dead port 1/2 on $mux $procmux$2448.
    dead port 2/2 on $mux $procmux$2448.
    dead port 1/2 on $mux $procmux$2446.
    dead port 2/2 on $mux $procmux$2446.
    dead port 1/2 on $mux $procmux$2441.
    dead port 2/2 on $mux $procmux$2441.
    dead port 1/2 on $mux $procmux$2439.
    dead port 2/2 on $mux $procmux$2439.
    dead port 1/2 on $mux $procmux$2437.
    dead port 2/2 on $mux $procmux$2437.
    dead port 1/2 on $mux $procmux$2432.
    dead port 2/2 on $mux $procmux$2432.
    dead port 1/2 on $mux $procmux$2430.
    dead port 2/2 on $mux $procmux$2430.
    dead port 1/2 on $mux $procmux$2428.
    dead port 2/2 on $mux $procmux$2428.
    dead port 1/2 on $mux $procmux$2423.
    dead port 2/2 on $mux $procmux$2423.
    dead port 1/2 on $mux $procmux$2421.
    dead port 2/2 on $mux $procmux$2421.
    dead port 1/2 on $mux $procmux$2419.
    dead port 2/2 on $mux $procmux$2419.
    dead port 1/2 on $mux $procmux$2414.
    dead port 2/2 on $mux $procmux$2414.
    dead port 1/2 on $mux $procmux$2412.
    dead port 2/2 on $mux $procmux$2412.
    dead port 1/2 on $mux $procmux$2410.
    dead port 2/2 on $mux $procmux$2410.
    dead port 1/2 on $mux $procmux$2405.
    dead port 2/2 on $mux $procmux$2405.
    dead port 1/2 on $mux $procmux$2403.
    dead port 2/2 on $mux $procmux$2403.
    dead port 1/2 on $mux $procmux$2401.
    dead port 2/2 on $mux $procmux$2401.
    dead port 1/2 on $mux $procmux$2396.
    dead port 2/2 on $mux $procmux$2396.
    dead port 1/2 on $mux $procmux$2394.
    dead port 2/2 on $mux $procmux$2394.
    dead port 1/2 on $mux $procmux$2392.
    dead port 2/2 on $mux $procmux$2392.
    dead port 1/2 on $mux $procmux$2387.
    dead port 2/2 on $mux $procmux$2387.
    dead port 1/2 on $mux $procmux$2385.
    dead port 2/2 on $mux $procmux$2385.
    dead port 1/2 on $mux $procmux$2383.
    dead port 2/2 on $mux $procmux$2383.
    dead port 1/2 on $mux $procmux$2378.
    dead port 2/2 on $mux $procmux$2378.
    dead port 1/2 on $mux $procmux$2376.
    dead port 2/2 on $mux $procmux$2376.
    dead port 1/2 on $mux $procmux$2374.
    dead port 2/2 on $mux $procmux$2374.
    dead port 1/2 on $mux $procmux$2369.
    dead port 2/2 on $mux $procmux$2369.
    dead port 1/2 on $mux $procmux$2367.
    dead port 2/2 on $mux $procmux$2367.
    dead port 1/2 on $mux $procmux$2365.
    dead port 2/2 on $mux $procmux$2365.
    dead port 1/2 on $mux $procmux$2360.
    dead port 2/2 on $mux $procmux$2360.
    dead port 1/2 on $mux $procmux$2358.
    dead port 2/2 on $mux $procmux$2358.
    dead port 1/2 on $mux $procmux$2356.
    dead port 2/2 on $mux $procmux$2356.
    dead port 1/2 on $mux $procmux$2351.
    dead port 2/2 on $mux $procmux$2351.
    dead port 1/2 on $mux $procmux$2349.
    dead port 2/2 on $mux $procmux$2349.
    dead port 1/2 on $mux $procmux$2347.
    dead port 2/2 on $mux $procmux$2347.
    dead port 1/2 on $mux $procmux$4064.
    dead port 2/2 on $mux $procmux$4064.
    dead port 1/2 on $mux $procmux$4061.
    dead port 2/2 on $mux $procmux$4061.
    dead port 1/2 on $mux $procmux$2333.
    dead port 2/2 on $mux $procmux$2333.
    dead port 1/2 on $mux $procmux$2331.
    dead port 2/2 on $mux $procmux$2331.
    dead port 1/2 on $mux $procmux$2329.
    dead port 2/2 on $mux $procmux$2329.
    dead port 2/2 on $mux $procmux$2324.
    dead port 2/2 on $mux $procmux$2322.
    dead port 1/2 on $mux $procmux$2315.
    dead port 2/2 on $mux $procmux$2315.
    dead port 1/2 on $mux $procmux$2313.
    dead port 2/2 on $mux $procmux$2313.
    dead port 1/2 on $mux $procmux$2311.
    dead port 2/2 on $mux $procmux$2311.
    dead port 1/2 on $mux $procmux$2306.
    dead port 2/2 on $mux $procmux$2306.
    dead port 1/2 on $mux $procmux$2304.
    dead port 2/2 on $mux $procmux$2304.
    dead port 1/2 on $mux $procmux$2302.
    dead port 2/2 on $mux $procmux$2302.
    dead port 1/2 on $mux $procmux$2297.
    dead port 2/2 on $mux $procmux$2297.
    dead port 1/2 on $mux $procmux$2295.
    dead port 2/2 on $mux $procmux$2295.
    dead port 1/2 on $mux $procmux$2293.
    dead port 2/2 on $mux $procmux$2293.
    dead port 1/2 on $mux $procmux$2288.
    dead port 2/2 on $mux $procmux$2288.
    dead port 1/2 on $mux $procmux$2286.
    dead port 2/2 on $mux $procmux$2286.
    dead port 1/2 on $mux $procmux$2284.
    dead port 2/2 on $mux $procmux$2284.
    dead port 1/2 on $mux $procmux$2279.
    dead port 2/2 on $mux $procmux$2279.
    dead port 1/2 on $mux $procmux$2277.
    dead port 2/2 on $mux $procmux$2277.
    dead port 1/2 on $mux $procmux$2275.
    dead port 2/2 on $mux $procmux$2275.
    dead port 1/2 on $mux $procmux$2270.
    dead port 2/2 on $mux $procmux$2270.
    dead port 1/2 on $mux $procmux$2268.
    dead port 2/2 on $mux $procmux$2268.
    dead port 1/2 on $mux $procmux$2266.
    dead port 2/2 on $mux $procmux$2266.
    dead port 1/2 on $mux $procmux$2261.
    dead port 2/2 on $mux $procmux$2261.
    dead port 1/2 on $mux $procmux$2259.
    dead port 2/2 on $mux $procmux$2259.
    dead port 1/2 on $mux $procmux$2257.
    dead port 2/2 on $mux $procmux$2257.
    dead port 1/2 on $mux $procmux$2252.
    dead port 2/2 on $mux $procmux$2252.
    dead port 1/2 on $mux $procmux$2250.
    dead port 2/2 on $mux $procmux$2250.
    dead port 1/2 on $mux $procmux$2248.
    dead port 2/2 on $mux $procmux$2248.
    dead port 1/2 on $mux $procmux$2243.
    dead port 2/2 on $mux $procmux$2243.
    dead port 1/2 on $mux $procmux$2241.
    dead port 2/2 on $mux $procmux$2241.
    dead port 1/2 on $mux $procmux$2239.
    dead port 2/2 on $mux $procmux$2239.
    dead port 1/2 on $mux $procmux$2234.
    dead port 2/2 on $mux $procmux$2234.
    dead port 1/2 on $mux $procmux$2232.
    dead port 2/2 on $mux $procmux$2232.
    dead port 1/2 on $mux $procmux$2230.
    dead port 2/2 on $mux $procmux$2230.
    dead port 1/2 on $mux $procmux$2225.
    dead port 2/2 on $mux $procmux$2225.
    dead port 1/2 on $mux $procmux$2223.
    dead port 2/2 on $mux $procmux$2223.
    dead port 1/2 on $mux $procmux$2221.
    dead port 2/2 on $mux $procmux$2221.
    dead port 1/2 on $mux $procmux$2216.
    dead port 2/2 on $mux $procmux$2216.
    dead port 1/2 on $mux $procmux$2214.
    dead port 2/2 on $mux $procmux$2214.
    dead port 1/2 on $mux $procmux$2212.
    dead port 2/2 on $mux $procmux$2212.
    dead port 1/2 on $mux $procmux$2207.
    dead port 2/2 on $mux $procmux$2207.
    dead port 1/2 on $mux $procmux$2205.
    dead port 2/2 on $mux $procmux$2205.
    dead port 1/2 on $mux $procmux$2203.
    dead port 2/2 on $mux $procmux$2203.
    dead port 1/2 on $mux $procmux$2198.
    dead port 2/2 on $mux $procmux$2198.
    dead port 1/2 on $mux $procmux$2196.
    dead port 2/2 on $mux $procmux$2196.
    dead port 1/2 on $mux $procmux$2194.
    dead port 2/2 on $mux $procmux$2194.
    dead port 1/2 on $mux $procmux$2189.
    dead port 2/2 on $mux $procmux$2189.
    dead port 1/2 on $mux $procmux$2187.
    dead port 2/2 on $mux $procmux$2187.
    dead port 1/2 on $mux $procmux$2185.
    dead port 2/2 on $mux $procmux$2185.
    dead port 1/2 on $mux $procmux$2180.
    dead port 2/2 on $mux $procmux$2180.
    dead port 1/2 on $mux $procmux$2178.
    dead port 2/2 on $mux $procmux$2178.
    dead port 1/2 on $mux $procmux$2176.
    dead port 2/2 on $mux $procmux$2176.
    dead port 1/2 on $mux $procmux$2171.
    dead port 2/2 on $mux $procmux$2171.
    dead port 1/2 on $mux $procmux$2169.
    dead port 2/2 on $mux $procmux$2169.
    dead port 1/2 on $mux $procmux$2167.
    dead port 2/2 on $mux $procmux$2167.
    dead port 1/2 on $mux $procmux$2162.
    dead port 2/2 on $mux $procmux$2162.
    dead port 1/2 on $mux $procmux$2160.
    dead port 2/2 on $mux $procmux$2160.
    dead port 1/2 on $mux $procmux$2158.
    dead port 2/2 on $mux $procmux$2158.
    dead port 1/2 on $mux $procmux$2153.
    dead port 2/2 on $mux $procmux$2153.
    dead port 1/2 on $mux $procmux$2151.
    dead port 2/2 on $mux $procmux$2151.
    dead port 1/2 on $mux $procmux$2149.
    dead port 2/2 on $mux $procmux$2149.
    dead port 1/2 on $mux $procmux$2144.
    dead port 2/2 on $mux $procmux$2144.
    dead port 1/2 on $mux $procmux$2142.
    dead port 2/2 on $mux $procmux$2142.
    dead port 1/2 on $mux $procmux$2140.
    dead port 2/2 on $mux $procmux$2140.
    dead port 1/2 on $mux $procmux$2135.
    dead port 2/2 on $mux $procmux$2135.
    dead port 1/2 on $mux $procmux$2133.
    dead port 2/2 on $mux $procmux$2133.
    dead port 1/2 on $mux $procmux$2131.
    dead port 2/2 on $mux $procmux$2131.
    dead port 1/2 on $mux $procmux$2126.
    dead port 2/2 on $mux $procmux$2126.
    dead port 1/2 on $mux $procmux$2124.
    dead port 2/2 on $mux $procmux$2124.
    dead port 1/2 on $mux $procmux$2122.
    dead port 2/2 on $mux $procmux$2122.
    dead port 1/2 on $mux $procmux$2117.
    dead port 2/2 on $mux $procmux$2117.
    dead port 1/2 on $mux $procmux$2115.
    dead port 2/2 on $mux $procmux$2115.
    dead port 1/2 on $mux $procmux$2113.
    dead port 2/2 on $mux $procmux$2113.
    dead port 1/2 on $mux $procmux$2108.
    dead port 2/2 on $mux $procmux$2108.
    dead port 1/2 on $mux $procmux$2106.
    dead port 2/2 on $mux $procmux$2106.
    dead port 1/2 on $mux $procmux$2104.
    dead port 2/2 on $mux $procmux$2104.
    dead port 1/2 on $mux $procmux$2099.
    dead port 2/2 on $mux $procmux$2099.
    dead port 1/2 on $mux $procmux$2097.
    dead port 2/2 on $mux $procmux$2097.
    dead port 1/2 on $mux $procmux$2095.
    dead port 2/2 on $mux $procmux$2095.
    dead port 1/2 on $mux $procmux$2090.
    dead port 2/2 on $mux $procmux$2090.
    dead port 1/2 on $mux $procmux$2088.
    dead port 2/2 on $mux $procmux$2088.
    dead port 1/2 on $mux $procmux$2086.
    dead port 2/2 on $mux $procmux$2086.
    dead port 1/2 on $mux $procmux$2081.
    dead port 2/2 on $mux $procmux$2081.
    dead port 1/2 on $mux $procmux$2079.
    dead port 2/2 on $mux $procmux$2079.
    dead port 1/2 on $mux $procmux$2077.
    dead port 2/2 on $mux $procmux$2077.
    dead port 1/2 on $mux $procmux$3911.
    dead port 2/2 on $mux $procmux$3911.
    dead port 1/2 on $mux $procmux$3908.
    dead port 2/2 on $mux $procmux$3908.
    dead port 1/2 on $mux $procmux$2063.
    dead port 2/2 on $mux $procmux$2063.
    dead port 1/2 on $mux $procmux$2061.
    dead port 2/2 on $mux $procmux$2061.
    dead port 1/2 on $mux $procmux$2059.
    dead port 2/2 on $mux $procmux$2059.
    dead port 2/2 on $mux $procmux$2054.
    dead port 2/2 on $mux $procmux$2052.
    dead port 2/2 on $mux $procmux$2050.
    dead port 1/2 on $mux $procmux$2042.
    dead port 2/2 on $mux $procmux$2042.
    dead port 1/2 on $mux $procmux$2040.
    dead port 2/2 on $mux $procmux$2040.
    dead port 1/2 on $mux $procmux$2038.
    dead port 2/2 on $mux $procmux$2038.
    dead port 1/2 on $mux $procmux$2033.
    dead port 2/2 on $mux $procmux$2033.
    dead port 1/2 on $mux $procmux$2031.
    dead port 2/2 on $mux $procmux$2031.
    dead port 1/2 on $mux $procmux$2029.
    dead port 2/2 on $mux $procmux$2029.
    dead port 2/2 on $mux $procmux$2024.
    dead port 2/2 on $mux $procmux$2022.
    dead port 2/2 on $mux $procmux$2015.
    dead port 2/2 on $mux $procmux$2013.
    dead port 1/2 on $mux $procmux$2006.
    dead port 2/2 on $mux $procmux$2006.
    dead port 1/2 on $mux $procmux$2004.
    dead port 2/2 on $mux $procmux$2004.
    dead port 1/2 on $mux $procmux$2002.
    dead port 2/2 on $mux $procmux$2002.
    dead port 1/2 on $mux $procmux$2000.
    dead port 2/2 on $mux $procmux$2000.
    dead port 1/2 on $mux $procmux$1994.
    dead port 2/2 on $mux $procmux$1994.
    dead port 1/2 on $mux $procmux$1992.
    dead port 2/2 on $mux $procmux$1992.
    dead port 1/2 on $mux $procmux$1990.
    dead port 2/2 on $mux $procmux$1990.
    dead port 1/2 on $mux $procmux$1988.
    dead port 2/2 on $mux $procmux$1988.
    dead port 2/2 on $mux $procmux$1982.
    dead port 2/2 on $mux $procmux$1980.
    dead port 2/2 on $mux $procmux$1978.
    dead port 1/2 on $mux $procmux$1970.
    dead port 2/2 on $mux $procmux$1970.
    dead port 1/2 on $mux $procmux$1968.
    dead port 2/2 on $mux $procmux$1968.
    dead port 1/2 on $mux $procmux$1966.
    dead port 2/2 on $mux $procmux$1966.
    dead port 1/2 on $mux $procmux$1964.
    dead port 2/2 on $mux $procmux$1964.
    dead port 1/2 on $mux $procmux$1958.
    dead port 2/2 on $mux $procmux$1958.
    dead port 1/2 on $mux $procmux$1956.
    dead port 2/2 on $mux $procmux$1956.
    dead port 1/2 on $mux $procmux$1954.
    dead port 2/2 on $mux $procmux$1954.
    dead port 1/2 on $mux $procmux$1952.
    dead port 2/2 on $mux $procmux$1952.
    dead port 2/2 on $mux $procmux$1946.
    dead port 2/2 on $mux $procmux$1944.
    dead port 2/2 on $mux $procmux$1942.
    dead port 1/2 on $mux $procmux$1934.
    dead port 2/2 on $mux $procmux$1934.
    dead port 1/2 on $mux $procmux$1932.
    dead port 2/2 on $mux $procmux$1932.
    dead port 1/2 on $mux $procmux$1930.
    dead port 2/2 on $mux $procmux$1930.
    dead port 1/2 on $mux $procmux$1928.
    dead port 2/2 on $mux $procmux$1928.
    dead port 1/2 on $mux $procmux$1922.
    dead port 2/2 on $mux $procmux$1922.
    dead port 1/2 on $mux $procmux$1920.
    dead port 2/2 on $mux $procmux$1920.
    dead port 1/2 on $mux $procmux$1918.
    dead port 2/2 on $mux $procmux$1918.
    dead port 1/2 on $mux $procmux$1916.
    dead port 2/2 on $mux $procmux$1916.
    dead port 2/2 on $mux $procmux$1910.
    dead port 2/2 on $mux $procmux$1908.
    dead port 2/2 on $mux $procmux$1906.
    dead port 1/2 on $mux $procmux$1898.
    dead port 2/2 on $mux $procmux$1898.
    dead port 1/2 on $mux $procmux$1896.
    dead port 2/2 on $mux $procmux$1896.
    dead port 1/2 on $mux $procmux$1894.
    dead port 2/2 on $mux $procmux$1894.
    dead port 1/2 on $mux $procmux$1892.
    dead port 2/2 on $mux $procmux$1892.
    dead port 1/2 on $mux $procmux$1886.
    dead port 2/2 on $mux $procmux$1886.
    dead port 1/2 on $mux $procmux$1884.
    dead port 2/2 on $mux $procmux$1884.
    dead port 1/2 on $mux $procmux$1882.
    dead port 2/2 on $mux $procmux$1882.
    dead port 1/2 on $mux $procmux$1880.
    dead port 2/2 on $mux $procmux$1880.
    dead port 2/2 on $mux $procmux$1874.
    dead port 2/2 on $mux $procmux$1872.
    dead port 2/2 on $mux $procmux$1870.
    dead port 1/2 on $mux $procmux$1862.
    dead port 2/2 on $mux $procmux$1862.
    dead port 1/2 on $mux $procmux$1860.
    dead port 2/2 on $mux $procmux$1860.
    dead port 1/2 on $mux $procmux$1858.
    dead port 2/2 on $mux $procmux$1858.
    dead port 1/2 on $mux $procmux$1856.
    dead port 2/2 on $mux $procmux$1856.
    dead port 1/2 on $mux $procmux$1850.
    dead port 2/2 on $mux $procmux$1850.
    dead port 1/2 on $mux $procmux$1848.
    dead port 2/2 on $mux $procmux$1848.
    dead port 1/2 on $mux $procmux$1846.
    dead port 2/2 on $mux $procmux$1846.
    dead port 1/2 on $mux $procmux$1844.
    dead port 2/2 on $mux $procmux$1844.
    dead port 2/2 on $mux $procmux$1838.
    dead port 2/2 on $mux $procmux$1836.
    dead port 2/2 on $mux $procmux$1834.
    dead port 1/2 on $mux $procmux$1826.
    dead port 2/2 on $mux $procmux$1826.
    dead port 1/2 on $mux $procmux$1824.
    dead port 2/2 on $mux $procmux$1824.
    dead port 1/2 on $mux $procmux$1822.
    dead port 2/2 on $mux $procmux$1822.
    dead port 1/2 on $mux $procmux$1820.
    dead port 2/2 on $mux $procmux$1820.
    dead port 1/2 on $mux $procmux$1814.
    dead port 2/2 on $mux $procmux$1814.
    dead port 1/2 on $mux $procmux$1812.
    dead port 2/2 on $mux $procmux$1812.
    dead port 1/2 on $mux $procmux$1810.
    dead port 2/2 on $mux $procmux$1810.
    dead port 1/2 on $mux $procmux$1808.
    dead port 2/2 on $mux $procmux$1808.
    dead port 2/2 on $mux $procmux$1802.
    dead port 2/2 on $mux $procmux$1800.
    dead port 2/2 on $mux $procmux$1798.
    dead port 1/2 on $mux $procmux$1790.
    dead port 2/2 on $mux $procmux$1790.
    dead port 1/2 on $mux $procmux$1788.
    dead port 2/2 on $mux $procmux$1788.
    dead port 1/2 on $mux $procmux$1786.
    dead port 2/2 on $mux $procmux$1786.
    dead port 1/2 on $mux $procmux$1784.
    dead port 2/2 on $mux $procmux$1784.
    dead port 1/2 on $mux $procmux$1778.
    dead port 2/2 on $mux $procmux$1778.
    dead port 1/2 on $mux $procmux$1776.
    dead port 2/2 on $mux $procmux$1776.
    dead port 1/2 on $mux $procmux$1774.
    dead port 2/2 on $mux $procmux$1774.
    dead port 1/2 on $mux $procmux$1772.
    dead port 2/2 on $mux $procmux$1772.
    dead port 2/2 on $mux $procmux$1766.
    dead port 2/2 on $mux $procmux$1764.
    dead port 2/2 on $mux $procmux$1762.
    dead port 1/2 on $mux $procmux$1754.
    dead port 2/2 on $mux $procmux$1754.
    dead port 1/2 on $mux $procmux$1752.
    dead port 2/2 on $mux $procmux$1752.
    dead port 1/2 on $mux $procmux$1750.
    dead port 2/2 on $mux $procmux$1750.
    dead port 1/2 on $mux $procmux$1748.
    dead port 2/2 on $mux $procmux$1748.
    dead port 1/2 on $mux $procmux$1742.
    dead port 2/2 on $mux $procmux$1742.
    dead port 1/2 on $mux $procmux$1740.
    dead port 2/2 on $mux $procmux$1740.
    dead port 1/2 on $mux $procmux$1738.
    dead port 2/2 on $mux $procmux$1738.
    dead port 1/2 on $mux $procmux$1736.
    dead port 2/2 on $mux $procmux$1736.
    dead port 2/2 on $mux $procmux$1730.
    dead port 2/2 on $mux $procmux$1728.
    dead port 2/2 on $mux $procmux$1726.
    dead port 1/2 on $mux $procmux$1718.
    dead port 2/2 on $mux $procmux$1718.
    dead port 1/2 on $mux $procmux$1716.
    dead port 2/2 on $mux $procmux$1716.
    dead port 1/2 on $mux $procmux$1714.
    dead port 2/2 on $mux $procmux$1714.
    dead port 1/2 on $mux $procmux$1712.
    dead port 2/2 on $mux $procmux$1712.
    dead port 1/2 on $mux $procmux$1706.
    dead port 2/2 on $mux $procmux$1706.
    dead port 1/2 on $mux $procmux$1704.
    dead port 2/2 on $mux $procmux$1704.
    dead port 1/2 on $mux $procmux$1702.
    dead port 2/2 on $mux $procmux$1702.
    dead port 1/2 on $mux $procmux$1700.
    dead port 2/2 on $mux $procmux$1700.
    dead port 2/2 on $mux $procmux$1694.
    dead port 2/2 on $mux $procmux$1692.
    dead port 2/2 on $mux $procmux$1690.
    dead port 1/2 on $mux $procmux$1682.
    dead port 2/2 on $mux $procmux$1682.
    dead port 1/2 on $mux $procmux$1680.
    dead port 2/2 on $mux $procmux$1680.
    dead port 1/2 on $mux $procmux$1678.
    dead port 2/2 on $mux $procmux$1678.
    dead port 1/2 on $mux $procmux$1676.
    dead port 2/2 on $mux $procmux$1676.
    dead port 1/2 on $mux $procmux$1670.
    dead port 2/2 on $mux $procmux$1670.
    dead port 1/2 on $mux $procmux$1668.
    dead port 2/2 on $mux $procmux$1668.
    dead port 1/2 on $mux $procmux$1666.
    dead port 2/2 on $mux $procmux$1666.
    dead port 1/2 on $mux $procmux$1664.
    dead port 2/2 on $mux $procmux$1664.
    dead port 2/2 on $mux $procmux$1658.
    dead port 2/2 on $mux $procmux$1656.
    dead port 2/2 on $mux $procmux$1654.
    dead port 1/2 on $mux $procmux$1646.
    dead port 2/2 on $mux $procmux$1646.
    dead port 1/2 on $mux $procmux$1644.
    dead port 2/2 on $mux $procmux$1644.
    dead port 1/2 on $mux $procmux$1642.
    dead port 2/2 on $mux $procmux$1642.
    dead port 1/2 on $mux $procmux$1640.
    dead port 2/2 on $mux $procmux$1640.
    dead port 1/2 on $mux $procmux$1634.
    dead port 2/2 on $mux $procmux$1634.
    dead port 1/2 on $mux $procmux$1632.
    dead port 2/2 on $mux $procmux$1632.
    dead port 1/2 on $mux $procmux$1630.
    dead port 2/2 on $mux $procmux$1630.
    dead port 1/2 on $mux $procmux$1628.
    dead port 2/2 on $mux $procmux$1628.
    dead port 2/2 on $mux $procmux$1622.
    dead port 2/2 on $mux $procmux$1620.
    dead port 2/2 on $mux $procmux$1618.
    dead port 1/2 on $mux $procmux$1610.
    dead port 2/2 on $mux $procmux$1610.
    dead port 1/2 on $mux $procmux$1608.
    dead port 2/2 on $mux $procmux$1608.
    dead port 1/2 on $mux $procmux$1606.
    dead port 2/2 on $mux $procmux$1606.
    dead port 1/2 on $mux $procmux$1604.
    dead port 2/2 on $mux $procmux$1604.
    dead port 1/2 on $mux $procmux$1598.
    dead port 2/2 on $mux $procmux$1598.
    dead port 1/2 on $mux $procmux$1596.
    dead port 2/2 on $mux $procmux$1596.
    dead port 1/2 on $mux $procmux$1594.
    dead port 2/2 on $mux $procmux$1594.
    dead port 1/2 on $mux $procmux$1592.
    dead port 2/2 on $mux $procmux$1592.
    dead port 2/2 on $mux $procmux$1586.
    dead port 2/2 on $mux $procmux$1584.
    dead port 2/2 on $mux $procmux$1582.
    dead port 1/2 on $mux $procmux$1574.
    dead port 2/2 on $mux $procmux$1574.
    dead port 1/2 on $mux $procmux$1572.
    dead port 2/2 on $mux $procmux$1572.
    dead port 1/2 on $mux $procmux$1570.
    dead port 2/2 on $mux $procmux$1570.
    dead port 1/2 on $mux $procmux$1568.
    dead port 2/2 on $mux $procmux$1568.
    dead port 1/2 on $mux $procmux$1562.
    dead port 2/2 on $mux $procmux$1562.
    dead port 1/2 on $mux $procmux$1560.
    dead port 2/2 on $mux $procmux$1560.
    dead port 1/2 on $mux $procmux$1558.
    dead port 2/2 on $mux $procmux$1558.
    dead port 1/2 on $mux $procmux$1556.
    dead port 2/2 on $mux $procmux$1556.
    dead port 2/2 on $mux $procmux$1550.
    dead port 2/2 on $mux $procmux$1548.
    dead port 2/2 on $mux $procmux$1546.
    dead port 1/2 on $mux $procmux$1538.
    dead port 2/2 on $mux $procmux$1538.
    dead port 1/2 on $mux $procmux$1536.
    dead port 2/2 on $mux $procmux$1536.
    dead port 1/2 on $mux $procmux$1534.
    dead port 2/2 on $mux $procmux$1534.
    dead port 1/2 on $mux $procmux$1532.
    dead port 2/2 on $mux $procmux$1532.
    dead port 1/2 on $mux $procmux$1526.
    dead port 2/2 on $mux $procmux$1526.
    dead port 1/2 on $mux $procmux$1524.
    dead port 2/2 on $mux $procmux$1524.
    dead port 1/2 on $mux $procmux$1522.
    dead port 2/2 on $mux $procmux$1522.
    dead port 1/2 on $mux $procmux$1520.
    dead port 2/2 on $mux $procmux$1520.
    dead port 2/2 on $mux $procmux$1514.
    dead port 2/2 on $mux $procmux$1512.
    dead port 2/2 on $mux $procmux$1510.
    dead port 1/2 on $mux $procmux$1502.
    dead port 2/2 on $mux $procmux$1502.
    dead port 1/2 on $mux $procmux$1500.
    dead port 2/2 on $mux $procmux$1500.
    dead port 1/2 on $mux $procmux$1498.
    dead port 2/2 on $mux $procmux$1498.
    dead port 1/2 on $mux $procmux$1496.
    dead port 2/2 on $mux $procmux$1496.
    dead port 1/2 on $mux $procmux$1490.
    dead port 2/2 on $mux $procmux$1490.
    dead port 1/2 on $mux $procmux$1488.
    dead port 2/2 on $mux $procmux$1488.
    dead port 1/2 on $mux $procmux$1486.
    dead port 2/2 on $mux $procmux$1486.
    dead port 1/2 on $mux $procmux$1484.
    dead port 2/2 on $mux $procmux$1484.
    dead port 2/2 on $mux $procmux$1478.
    dead port 2/2 on $mux $procmux$1476.
    dead port 2/2 on $mux $procmux$1474.
    dead port 1/2 on $mux $procmux$1466.
    dead port 2/2 on $mux $procmux$1466.
    dead port 1/2 on $mux $procmux$1464.
    dead port 2/2 on $mux $procmux$1464.
    dead port 1/2 on $mux $procmux$1462.
    dead port 2/2 on $mux $procmux$1462.
    dead port 1/2 on $mux $procmux$1460.
    dead port 2/2 on $mux $procmux$1460.
    dead port 1/2 on $mux $procmux$1454.
    dead port 2/2 on $mux $procmux$1454.
    dead port 1/2 on $mux $procmux$1452.
    dead port 2/2 on $mux $procmux$1452.
    dead port 1/2 on $mux $procmux$1450.
    dead port 2/2 on $mux $procmux$1450.
    dead port 1/2 on $mux $procmux$1448.
    dead port 2/2 on $mux $procmux$1448.
    dead port 2/2 on $mux $procmux$1442.
    dead port 2/2 on $mux $procmux$1440.
    dead port 2/2 on $mux $procmux$1438.
    dead port 1/2 on $mux $procmux$1430.
    dead port 2/2 on $mux $procmux$1430.
    dead port 1/2 on $mux $procmux$1428.
    dead port 2/2 on $mux $procmux$1428.
    dead port 1/2 on $mux $procmux$1426.
    dead port 2/2 on $mux $procmux$1426.
    dead port 1/2 on $mux $procmux$1424.
    dead port 2/2 on $mux $procmux$1424.
    dead port 1/2 on $mux $procmux$1418.
    dead port 2/2 on $mux $procmux$1418.
    dead port 1/2 on $mux $procmux$1416.
    dead port 2/2 on $mux $procmux$1416.
    dead port 1/2 on $mux $procmux$1414.
    dead port 2/2 on $mux $procmux$1414.
    dead port 1/2 on $mux $procmux$1412.
    dead port 2/2 on $mux $procmux$1412.
    dead port 2/2 on $mux $procmux$1406.
    dead port 2/2 on $mux $procmux$1404.
    dead port 2/2 on $mux $procmux$1402.
    dead port 1/2 on $mux $procmux$1394.
    dead port 2/2 on $mux $procmux$1394.
    dead port 1/2 on $mux $procmux$1392.
    dead port 2/2 on $mux $procmux$1392.
    dead port 1/2 on $mux $procmux$1390.
    dead port 2/2 on $mux $procmux$1390.
    dead port 1/2 on $mux $procmux$1388.
    dead port 2/2 on $mux $procmux$1388.
    dead port 1/2 on $mux $procmux$1382.
    dead port 2/2 on $mux $procmux$1382.
    dead port 1/2 on $mux $procmux$1380.
    dead port 2/2 on $mux $procmux$1380.
    dead port 1/2 on $mux $procmux$1378.
    dead port 2/2 on $mux $procmux$1378.
    dead port 1/2 on $mux $procmux$1376.
    dead port 2/2 on $mux $procmux$1376.
    dead port 2/2 on $mux $procmux$1370.
    dead port 2/2 on $mux $procmux$1368.
    dead port 2/2 on $mux $procmux$1366.
    dead port 1/2 on $mux $procmux$1358.
    dead port 2/2 on $mux $procmux$1358.
    dead port 1/2 on $mux $procmux$1356.
    dead port 2/2 on $mux $procmux$1356.
    dead port 1/2 on $mux $procmux$1354.
    dead port 2/2 on $mux $procmux$1354.
    dead port 1/2 on $mux $procmux$1352.
    dead port 2/2 on $mux $procmux$1352.
    dead port 1/2 on $mux $procmux$1346.
    dead port 2/2 on $mux $procmux$1346.
    dead port 1/2 on $mux $procmux$1344.
    dead port 2/2 on $mux $procmux$1344.
    dead port 1/2 on $mux $procmux$1342.
    dead port 2/2 on $mux $procmux$1342.
    dead port 1/2 on $mux $procmux$1340.
    dead port 2/2 on $mux $procmux$1340.
    dead port 2/2 on $mux $procmux$1334.
    dead port 2/2 on $mux $procmux$1332.
    dead port 2/2 on $mux $procmux$1330.
    dead port 1/2 on $mux $procmux$1322.
    dead port 2/2 on $mux $procmux$1322.
    dead port 1/2 on $mux $procmux$1320.
    dead port 2/2 on $mux $procmux$1320.
    dead port 1/2 on $mux $procmux$1318.
    dead port 2/2 on $mux $procmux$1318.
    dead port 1/2 on $mux $procmux$1316.
    dead port 2/2 on $mux $procmux$1316.
    dead port 1/2 on $mux $procmux$1310.
    dead port 2/2 on $mux $procmux$1310.
    dead port 1/2 on $mux $procmux$1308.
    dead port 2/2 on $mux $procmux$1308.
    dead port 1/2 on $mux $procmux$1306.
    dead port 2/2 on $mux $procmux$1306.
    dead port 1/2 on $mux $procmux$1304.
    dead port 2/2 on $mux $procmux$1304.
    dead port 2/2 on $mux $procmux$1298.
    dead port 2/2 on $mux $procmux$1296.
    dead port 2/2 on $mux $procmux$1294.
    dead port 1/2 on $mux $procmux$1286.
    dead port 2/2 on $mux $procmux$1286.
    dead port 1/2 on $mux $procmux$1284.
    dead port 2/2 on $mux $procmux$1284.
    dead port 1/2 on $mux $procmux$1282.
    dead port 2/2 on $mux $procmux$1282.
    dead port 1/2 on $mux $procmux$1280.
    dead port 2/2 on $mux $procmux$1280.
    dead port 1/2 on $mux $procmux$1274.
    dead port 2/2 on $mux $procmux$1274.
    dead port 1/2 on $mux $procmux$1272.
    dead port 2/2 on $mux $procmux$1272.
    dead port 1/2 on $mux $procmux$1270.
    dead port 2/2 on $mux $procmux$1270.
    dead port 1/2 on $mux $procmux$1268.
    dead port 2/2 on $mux $procmux$1268.
    dead port 2/2 on $mux $procmux$1262.
    dead port 2/2 on $mux $procmux$1260.
    dead port 2/2 on $mux $procmux$1258.
    dead port 1/2 on $mux $procmux$1250.
    dead port 2/2 on $mux $procmux$1250.
    dead port 1/2 on $mux $procmux$1248.
    dead port 2/2 on $mux $procmux$1248.
    dead port 1/2 on $mux $procmux$1246.
    dead port 2/2 on $mux $procmux$1246.
    dead port 1/2 on $mux $procmux$1244.
    dead port 2/2 on $mux $procmux$1244.
    dead port 1/2 on $mux $procmux$1238.
    dead port 2/2 on $mux $procmux$1238.
    dead port 1/2 on $mux $procmux$1236.
    dead port 2/2 on $mux $procmux$1236.
    dead port 1/2 on $mux $procmux$1234.
    dead port 2/2 on $mux $procmux$1234.
    dead port 1/2 on $mux $procmux$1232.
    dead port 2/2 on $mux $procmux$1232.
    dead port 2/2 on $mux $procmux$1226.
    dead port 2/2 on $mux $procmux$1224.
    dead port 2/2 on $mux $procmux$1222.
    dead port 1/2 on $mux $procmux$1214.
    dead port 2/2 on $mux $procmux$1214.
    dead port 1/2 on $mux $procmux$1212.
    dead port 2/2 on $mux $procmux$1212.
    dead port 1/2 on $mux $procmux$1210.
    dead port 2/2 on $mux $procmux$1210.
    dead port 1/2 on $mux $procmux$1208.
    dead port 2/2 on $mux $procmux$1208.
    dead port 1/2 on $mux $procmux$1202.
    dead port 2/2 on $mux $procmux$1202.
    dead port 1/2 on $mux $procmux$1200.
    dead port 2/2 on $mux $procmux$1200.
    dead port 1/2 on $mux $procmux$1198.
    dead port 2/2 on $mux $procmux$1198.
    dead port 1/2 on $mux $procmux$1196.
    dead port 2/2 on $mux $procmux$1196.
    dead port 2/2 on $mux $procmux$1190.
    dead port 2/2 on $mux $procmux$1188.
    dead port 2/2 on $mux $procmux$1186.
    dead port 1/2 on $mux $procmux$1178.
    dead port 2/2 on $mux $procmux$1178.
    dead port 1/2 on $mux $procmux$1176.
    dead port 2/2 on $mux $procmux$1176.
    dead port 1/2 on $mux $procmux$1174.
    dead port 2/2 on $mux $procmux$1174.
    dead port 1/2 on $mux $procmux$1172.
    dead port 2/2 on $mux $procmux$1172.
    dead port 1/2 on $mux $procmux$1166.
    dead port 2/2 on $mux $procmux$1166.
    dead port 1/2 on $mux $procmux$1164.
    dead port 2/2 on $mux $procmux$1164.
    dead port 1/2 on $mux $procmux$1162.
    dead port 2/2 on $mux $procmux$1162.
    dead port 1/2 on $mux $procmux$1160.
    dead port 2/2 on $mux $procmux$1160.
    dead port 2/2 on $mux $procmux$1154.
    dead port 2/2 on $mux $procmux$1152.
    dead port 2/2 on $mux $procmux$1150.
    dead port 1/2 on $mux $procmux$1142.
    dead port 2/2 on $mux $procmux$1142.
    dead port 1/2 on $mux $procmux$1140.
    dead port 2/2 on $mux $procmux$1140.
    dead port 1/2 on $mux $procmux$1138.
    dead port 2/2 on $mux $procmux$1138.
    dead port 1/2 on $mux $procmux$1136.
    dead port 2/2 on $mux $procmux$1136.
    dead port 1/2 on $mux $procmux$1130.
    dead port 2/2 on $mux $procmux$1130.
    dead port 1/2 on $mux $procmux$1128.
    dead port 2/2 on $mux $procmux$1128.
    dead port 1/2 on $mux $procmux$1126.
    dead port 2/2 on $mux $procmux$1126.
    dead port 1/2 on $mux $procmux$1124.
    dead port 2/2 on $mux $procmux$1124.
    dead port 2/2 on $mux $procmux$1118.
    dead port 2/2 on $mux $procmux$1116.
    dead port 2/2 on $mux $procmux$1114.
    dead port 1/2 on $mux $procmux$1106.
    dead port 2/2 on $mux $procmux$1106.
    dead port 1/2 on $mux $procmux$1104.
    dead port 2/2 on $mux $procmux$1104.
    dead port 1/2 on $mux $procmux$1102.
    dead port 2/2 on $mux $procmux$1102.
    dead port 1/2 on $mux $procmux$1100.
    dead port 2/2 on $mux $procmux$1100.
    dead port 1/2 on $mux $procmux$1094.
    dead port 2/2 on $mux $procmux$1094.
    dead port 1/2 on $mux $procmux$1092.
    dead port 2/2 on $mux $procmux$1092.
    dead port 1/2 on $mux $procmux$1090.
    dead port 2/2 on $mux $procmux$1090.
    dead port 1/2 on $mux $procmux$1088.
    dead port 2/2 on $mux $procmux$1088.
    dead port 2/2 on $mux $procmux$1082.
    dead port 2/2 on $mux $procmux$1080.
    dead port 2/2 on $mux $procmux$1078.
    dead port 1/2 on $mux $procmux$1070.
    dead port 2/2 on $mux $procmux$1070.
    dead port 1/2 on $mux $procmux$1068.
    dead port 2/2 on $mux $procmux$1068.
    dead port 1/2 on $mux $procmux$1066.
    dead port 2/2 on $mux $procmux$1066.
    dead port 1/2 on $mux $procmux$1064.
    dead port 2/2 on $mux $procmux$1064.
    dead port 1/2 on $mux $procmux$1058.
    dead port 2/2 on $mux $procmux$1058.
    dead port 1/2 on $mux $procmux$1056.
    dead port 2/2 on $mux $procmux$1056.
    dead port 1/2 on $mux $procmux$1054.
    dead port 2/2 on $mux $procmux$1054.
    dead port 1/2 on $mux $procmux$1052.
    dead port 2/2 on $mux $procmux$1052.
    dead port 2/2 on $mux $procmux$1046.
    dead port 2/2 on $mux $procmux$1044.
    dead port 2/2 on $mux $procmux$1042.
    dead port 1/2 on $mux $procmux$1034.
    dead port 2/2 on $mux $procmux$1034.
    dead port 1/2 on $mux $procmux$1032.
    dead port 2/2 on $mux $procmux$1032.
    dead port 1/2 on $mux $procmux$1030.
    dead port 2/2 on $mux $procmux$1030.
    dead port 1/2 on $mux $procmux$1028.
    dead port 2/2 on $mux $procmux$1028.
    dead port 1/2 on $mux $procmux$1022.
    dead port 2/2 on $mux $procmux$1022.
    dead port 1/2 on $mux $procmux$1020.
    dead port 2/2 on $mux $procmux$1020.
    dead port 1/2 on $mux $procmux$1018.
    dead port 2/2 on $mux $procmux$1018.
    dead port 1/2 on $mux $procmux$1016.
    dead port 2/2 on $mux $procmux$1016.
    dead port 2/2 on $mux $procmux$1010.
    dead port 2/2 on $mux $procmux$1008.
    dead port 2/2 on $mux $procmux$1006.
    dead port 1/2 on $mux $procmux$998.
    dead port 2/2 on $mux $procmux$998.
    dead port 1/2 on $mux $procmux$996.
    dead port 2/2 on $mux $procmux$996.
    dead port 1/2 on $mux $procmux$994.
    dead port 2/2 on $mux $procmux$994.
    dead port 1/2 on $mux $procmux$992.
    dead port 2/2 on $mux $procmux$992.
    dead port 1/2 on $mux $procmux$986.
    dead port 2/2 on $mux $procmux$986.
    dead port 1/2 on $mux $procmux$984.
    dead port 2/2 on $mux $procmux$984.
    dead port 1/2 on $mux $procmux$982.
    dead port 2/2 on $mux $procmux$982.
    dead port 1/2 on $mux $procmux$980.
    dead port 2/2 on $mux $procmux$980.
    dead port 2/2 on $mux $procmux$974.
    dead port 2/2 on $mux $procmux$972.
    dead port 2/2 on $mux $procmux$970.
    dead port 1/2 on $mux $procmux$962.
    dead port 2/2 on $mux $procmux$962.
    dead port 1/2 on $mux $procmux$960.
    dead port 2/2 on $mux $procmux$960.
    dead port 1/2 on $mux $procmux$958.
    dead port 2/2 on $mux $procmux$958.
    dead port 1/2 on $mux $procmux$956.
    dead port 2/2 on $mux $procmux$956.
    dead port 1/2 on $mux $procmux$950.
    dead port 2/2 on $mux $procmux$950.
    dead port 1/2 on $mux $procmux$948.
    dead port 2/2 on $mux $procmux$948.
    dead port 1/2 on $mux $procmux$946.
    dead port 2/2 on $mux $procmux$946.
    dead port 1/2 on $mux $procmux$944.
    dead port 2/2 on $mux $procmux$944.
    dead port 2/2 on $mux $procmux$938.
    dead port 2/2 on $mux $procmux$936.
    dead port 2/2 on $mux $procmux$934.
    dead port 1/2 on $mux $procmux$926.
    dead port 2/2 on $mux $procmux$926.
    dead port 1/2 on $mux $procmux$924.
    dead port 2/2 on $mux $procmux$924.
    dead port 1/2 on $mux $procmux$922.
    dead port 2/2 on $mux $procmux$922.
    dead port 1/2 on $mux $procmux$920.
    dead port 2/2 on $mux $procmux$920.
    dead port 1/2 on $mux $procmux$914.
    dead port 2/2 on $mux $procmux$914.
    dead port 1/2 on $mux $procmux$912.
    dead port 2/2 on $mux $procmux$912.
    dead port 1/2 on $mux $procmux$910.
    dead port 2/2 on $mux $procmux$910.
    dead port 1/2 on $mux $procmux$908.
    dead port 2/2 on $mux $procmux$908.
    dead port 2/2 on $mux $procmux$902.
    dead port 2/2 on $mux $procmux$900.
    dead port 2/2 on $mux $procmux$898.
    dead port 1/2 on $mux $procmux$890.
    dead port 2/2 on $mux $procmux$890.
    dead port 1/2 on $mux $procmux$888.
    dead port 2/2 on $mux $procmux$888.
    dead port 1/2 on $mux $procmux$886.
    dead port 2/2 on $mux $procmux$886.
    dead port 1/2 on $mux $procmux$884.
    dead port 2/2 on $mux $procmux$884.
    dead port 1/2 on $mux $procmux$878.
    dead port 2/2 on $mux $procmux$878.
    dead port 1/2 on $mux $procmux$876.
    dead port 2/2 on $mux $procmux$876.
    dead port 1/2 on $mux $procmux$874.
    dead port 2/2 on $mux $procmux$874.
    dead port 1/2 on $mux $procmux$872.
    dead port 2/2 on $mux $procmux$872.
    dead port 1/2 on $mux $procmux$866.
    dead port 2/2 on $mux $procmux$866.
    dead port 1/2 on $mux $procmux$3953.
    dead port 2/2 on $mux $procmux$3953.
    dead port 1/2 on $mux $procmux$3905.
    dead port 2/2 on $mux $procmux$3905.
    dead port 1/2 on $mux $procmux$3956.
    dead port 2/2 on $mux $procmux$3956.
    dead port 1/2 on $mux $procmux$3902.
    dead port 2/2 on $mux $procmux$3902.
    dead port 1/2 on $mux $procmux$3959.
    dead port 2/2 on $mux $procmux$3959.
    dead port 1/2 on $mux $procmux$3899.
    dead port 2/2 on $mux $procmux$3899.
    dead port 1/2 on $mux $procmux$3962.
    dead port 2/2 on $mux $procmux$3962.
    dead port 1/2 on $mux $procmux$3896.
    dead port 2/2 on $mux $procmux$3896.
    dead port 1/2 on $mux $procmux$3965.
    dead port 2/2 on $mux $procmux$3965.
    dead port 1/2 on $mux $procmux$3893.
    dead port 2/2 on $mux $procmux$3893.
    dead port 1/2 on $mux $procmux$3968.
    dead port 2/2 on $mux $procmux$3968.
    dead port 1/2 on $mux $procmux$3890.
    dead port 2/2 on $mux $procmux$3890.
    dead port 1/2 on $mux $procmux$3971.
    dead port 2/2 on $mux $procmux$3971.
    dead port 1/2 on $mux $procmux$3887.
    dead port 2/2 on $mux $procmux$3887.
    dead port 1/2 on $mux $procmux$3974.
    dead port 2/2 on $mux $procmux$3974.
    dead port 1/2 on $mux $procmux$3884.
    dead port 2/2 on $mux $procmux$3884.
    dead port 1/2 on $mux $procmux$3977.
    dead port 2/2 on $mux $procmux$3977.
    dead port 1/2 on $mux $procmux$3881.
    dead port 2/2 on $mux $procmux$3881.
    dead port 1/2 on $mux $procmux$3980.
    dead port 2/2 on $mux $procmux$3980.
    dead port 1/2 on $mux $procmux$3878.
    dead port 2/2 on $mux $procmux$3878.
    dead port 1/2 on $mux $procmux$3875.
    dead port 2/2 on $mux $procmux$3875.
    dead port 1/2 on $mux $procmux$3986.
    dead port 2/2 on $mux $procmux$3986.
    dead port 1/2 on $mux $procmux$3872.
    dead port 2/2 on $mux $procmux$3872.
    dead port 1/2 on $mux $procmux$3989.
    dead port 2/2 on $mux $procmux$3989.
    dead port 1/2 on $mux $procmux$3869.
    dead port 2/2 on $mux $procmux$3869.
    dead port 1/2 on $mux $procmux$3992.
    dead port 2/2 on $mux $procmux$3992.
    dead port 1/2 on $mux $procmux$3866.
    dead port 2/2 on $mux $procmux$3866.
    dead port 1/2 on $mux $procmux$3995.
    dead port 2/2 on $mux $procmux$3995.
    dead port 1/2 on $mux $procmux$3998.
    dead port 2/2 on $mux $procmux$3998.
    dead port 1/2 on $mux $procmux$3860.
    dead port 2/2 on $mux $procmux$3860.
    dead port 1/2 on $mux $procmux$4001.
    dead port 2/2 on $mux $procmux$4001.
    dead port 1/2 on $mux $procmux$3857.
    dead port 2/2 on $mux $procmux$3857.
    dead port 1/2 on $mux $procmux$4004.
    dead port 2/2 on $mux $procmux$4004.
    dead port 1/2 on $mux $procmux$3854.
    dead port 2/2 on $mux $procmux$3854.
    dead port 1/2 on $mux $procmux$4007.
    dead port 2/2 on $mux $procmux$4007.
    dead port 1/2 on $mux $procmux$3851.
    dead port 2/2 on $mux $procmux$3851.
    dead port 1/2 on $mux $procmux$4010.
    dead port 2/2 on $mux $procmux$4010.
    dead port 1/2 on $mux $procmux$3848.
    dead port 2/2 on $mux $procmux$3848.
    dead port 1/2 on $mux $procmux$3845.
    dead port 2/2 on $mux $procmux$3845.
    dead port 1/2 on $mux $procmux$3842.
    dead port 2/2 on $mux $procmux$3842.
    dead port 1/2 on $mux $procmux$3839.
    dead port 2/2 on $mux $procmux$3839.
    dead port 1/2 on $mux $procmux$3836.
    dead port 2/2 on $mux $procmux$3836.
    dead port 1/2 on $mux $procmux$4025.
    dead port 2/2 on $mux $procmux$4025.
    dead port 1/2 on $mux $procmux$3833.
    dead port 2/2 on $mux $procmux$3833.
    dead port 1/2 on $mux $procmux$4028.
    dead port 2/2 on $mux $procmux$4028.
    dead port 1/2 on $mux $procmux$3830.
    dead port 2/2 on $mux $procmux$3830.
    dead port 1/2 on $mux $procmux$3827.
    dead port 2/2 on $mux $procmux$3827.
    dead port 1/2 on $mux $procmux$3824.
    dead port 2/2 on $mux $procmux$3824.
    dead port 1/2 on $mux $procmux$4037.
    dead port 2/2 on $mux $procmux$4037.
    dead port 1/2 on $mux $procmux$3821.
    dead port 2/2 on $mux $procmux$3821.
    dead port 1/2 on $mux $procmux$4040.
    dead port 2/2 on $mux $procmux$4040.
    dead port 1/2 on $mux $procmux$3818.
    dead port 2/2 on $mux $procmux$3818.
    dead port 1/2 on $mux $procmux$3815.
    dead port 2/2 on $mux $procmux$3815.
    dead port 1/2 on $mux $procmux$4046.
    dead port 2/2 on $mux $procmux$4046.
    dead port 1/2 on $mux $procmux$3812.
    dead port 2/2 on $mux $procmux$3812.
    dead port 1/2 on $mux $procmux$3809.
    dead port 2/2 on $mux $procmux$3809.
    dead port 1/2 on $mux $procmux$3806.
    dead port 2/2 on $mux $procmux$3806.
    dead port 1/2 on $mux $procmux$4058.
    dead port 2/2 on $mux $procmux$4058.
    dead port 1/2 on $mux $procmux$3803.
    dead port 2/2 on $mux $procmux$3803.
    dead port 1/2 on $mux $procmux$4049.
    dead port 2/2 on $mux $procmux$4049.
    dead port 1/2 on $mux $procmux$3800.
    dead port 2/2 on $mux $procmux$3800.
    dead port 1/2 on $mux $procmux$4052.
    dead port 2/2 on $mux $procmux$4052.
    dead port 1/2 on $mux $procmux$4055.
    dead port 2/2 on $mux $procmux$4055.
    dead port 1/2 on $mux $procmux$3794.
    dead port 2/2 on $mux $procmux$3794.
    dead port 1/2 on $mux $procmux$3791.
    dead port 2/2 on $mux $procmux$3791.
Running muxtree optimizer on module \VX_cp_fetch_top..
  Creating internal representation of mux trees.
  Evaluating internal representation of mux trees.
  Analyzing evaluation results.
    dead port 1/2 on $mux $procmux$4168.
    dead port 2/2 on $mux $procmux$4168.
    dead port 1/2 on $mux $procmux$4165.
    dead port 2/2 on $mux $procmux$4165.
    dead port 1/2 on $mux $procmux$4162.
    dead port 2/2 on $mux $procmux$4162.
    dead port 1/2 on $mux $procmux$4159.
    dead port 2/2 on $mux $procmux$4159.
    dead port 1/2 on $mux $procmux$4156.
    dead port 2/2 on $mux $procmux$4156.
    dead port 1/2 on $mux $procmux$4153.
    dead port 2/2 on $mux $procmux$4153.
Removed 1869 multiplexer ports.
<suppressed ~52 debug messages>

6.4. Executing OPT_REDUCE pass (consolidate $*mux and $reduce_* inputs).
  Optimizing cells in module \VX_cp_unpack.
    New input vector for $reduce_or cell $auto$proc_dlatch.cc:247:make_hold$4205: { $auto$rtlil.cc:1832:Not$4171 $auto$rtlil.cc:1862:And$4204 }
    New input vector for $reduce_or cell $auto$proc_dlatch.cc:247:make_hold$4234: { $auto$rtlil.cc:1832:Not$4188 $auto$rtlil.cc:1862:And$4233 }
    New input vector for $reduce_or cell $procmux$3667_ANY: { $procmux$3667_CMP [0] $procmux$3667_CMP [1] $procmux$3667_CMP [2] $procmux$3667_CMP [3] $procmux$3667_CMP [4] $procmux$3667_CMP [5] $procmux$3667_CMP [6] $procmux$3667_CMP [7] $procmux$3667_CMP [8] $procmux$3667_CMP [9] $procmux$3667_CMP [10] }
    New input vector for $reduce_or cell $auto$proc_dlatch.cc:247:make_hold$4246: { $auto$rtlil.cc:1832:Not$4171 $auto$rtlil.cc:1862:And$4245 }
    New ctrl vector for $pmux cell $procmux$3085: { $procmux$3667_CMP [7] $auto$opt_reduce.cc:132:opt_mux$4275 $auto$opt_reduce.cc:132:opt_mux$4273 $auto$opt_reduce.cc:132:opt_mux$4271 }
    New input vector for $reduce_or cell $auto$opt_reduce.cc:126:opt_mux$4270: { $procmux$3667_CMP [1] $procmux$3667_CMP [2] $procmux$3667_CMP [3] $procmux$3667_CMP [9] }
  Optimizing cells in module \VX_cp_unpack.
  Optimizing cells in module \VX_cp_fetch_top.
    Consolidated identical input bits for $mux cell $procmux$4093:
      Old ports: A=512'00000000000000000000000000000000000000000000000000000000000000000000000000000000000000000000000000000000000000000000000000000000000000000000000000000000000000000000000000000000000000000000000000000000000000000000000000000000000000000000000000000000000000000000000000000000000000000000000000000000000000000000000000000000000000000000000000000000000000000000000000000000000000000000000000000000000000000000000000000000000000000000000000000000000000000000000000000000000000000000000000000000000000000000000000000000, B=512'11111111111111111111111111111111111111111111111111111111111111111111111111111111111111111111111111111111111111111111111111111111111111111111111111111111111111111111111111111111111111111111111111111111111111111111111111111111111111111111111111111111111111111111111111111111111111111111111111111111111111111111111111111111111111111111111111111111111111111111111111111111111111111111111111111111111111111111111111111111111111111111111111111111111111111111111111111111111111111111111111111111111111111111111111111111, Y=$procmux$4093_Y
      New ports: A=1'0, B=1'1, Y=$procmux$4093_Y [0]
      New connections: $procmux$4093_Y [511:1] = { $procmux$4093_Y [0] $procmux$4093_Y [0] $procmux$4093_Y [0] $procmux$4093_Y [0] $procmux$4093_Y [0] $procmux$4093_Y [0] $procmux$4093_Y [0] $procmux$4093_Y [0] $procmux$4093_Y [0] $procmux$4093_Y [0] $procmux$4093_Y [0] $procmux$4093_Y [0] $procmux$4093_Y [0] $procmux$4093_Y [0] $procmux$4093_Y [0] $procmux$4093_Y [0] $procmux$4093_Y [0] $procmux$4093_Y [0] $procmux$4093_Y [0] $procmux$4093_Y [0] $procmux$4093_Y [0] $procmux$4093_Y [0] $procmux$4093_Y [0] $procmux$4093_Y [0] $procmux$4093_Y [0] $procmux$4093_Y [0] $procmux$4093_Y [0] $procmux$4093_Y [0] $procmux$4093_Y [0] $procmux$4093_Y [0] $procmux$4093_Y [0] $procmux$4093_Y [0] $procmux$4093_Y [0] $procmux$4093_Y [0] $procmux$4093_Y [0] $procmux$4093_Y [0] $procmux$4093_Y [0] $procmux$4093_Y [0] $procmux$4093_Y [0] $procmux$4093_Y [0] $procmux$4093_Y [0] $procmux$4093_Y [0] $procmux$4093_Y [0] $procmux$4093_Y [0] $procmux$4093_Y [0] $procmux$4093_Y [0] $procmux$4093_Y [0] $procmux$4093_Y [0] $procmux$4093_Y [0] $procmux$4093_Y [0] $procmux$4093_Y [0] $procmux$4093_Y [0] $procmux$4093_Y [0] $procmux$4093_Y [0] $procmux$4093_Y [0] $procmux$4093_Y [0] $procmux$4093_Y [0] $procmux$4093_Y [0] $procmux$4093_Y [0] $procmux$4093_Y [0] $procmux$4093_Y [0] $procmux$4093_Y [0] $procmux$4093_Y [0] $procmux$4093_Y [0] $procmux$4093_Y [0] $procmux$4093_Y [0] $procmux$4093_Y [0] $procmux$4093_Y [0] $procmux$4093_Y [0] $procmux$4093_Y [0] $procmux$4093_Y [0] $procmux$4093_Y [0] $procmux$4093_Y [0] $procmux$4093_Y [0] $procmux$4093_Y [0] $procmux$4093_Y [0] $procmux$4093_Y [0] $procmux$4093_Y [0] $procmux$4093_Y [0] $procmux$4093_Y [0] $procmux$4093_Y [0] $procmux$4093_Y [0] $procmux$4093_Y [0] $procmux$4093_Y [0] $procmux$4093_Y [0] $procmux$4093_Y [0] $procmux$4093_Y [0] $procmux$4093_Y [0] $procmux$4093_Y [0] $procmux$4093_Y [0] $procmux$4093_Y [0] $procmux$4093_Y [0] $procmux$4093_Y [0] $procmux$4093_Y [0] $procmux$4093_Y [0] $procmux$4093_Y [0] $procmux$4093_Y [0] $procmux$4093_Y [0] $procmux$4093_Y [0] $procmux$4093_Y [0] $procmux$4093_Y [0] $procmux$4093_Y [0] $procmux$4093_Y [0] $procmux$4093_Y [0] $procmux$4093_Y [0] $procmux$4093_Y [0] $procmux$4093_Y [0] $procmux$4093_Y [0] $procmux$4093_Y [0] $procmux$4093_Y [0] $procmux$4093_Y [0] $procmux$4093_Y [0] $procmux$4093_Y [0] $procmux$4093_Y [0] $procmux$4093_Y [0] $procmux$4093_Y [0] $procmux$4093_Y [0] $procmux$4093_Y [0] $procmux$4093_Y [0] $procmux$4093_Y [0] $procmux$4093_Y [0] $procmux$4093_Y [0] $procmux$4093_Y [0] $procmux$4093_Y [0] $procmux$4093_Y [0] $procmux$4093_Y [0] $procmux$4093_Y [0] $procmux$4093_Y [0] $procmux$4093_Y [0] $procmux$4093_Y [0] $procmux$4093_Y [0] $procmux$4093_Y [0] $procmux$4093_Y [0] $procmux$4093_Y [0] $procmux$4093_Y [0] $procmux$4093_Y [0] $procmux$4093_Y [0] $procmux$4093_Y [0] $procmux$4093_Y [0] $procmux$4093_Y [0] $procmux$4093_Y [0] $procmux$4093_Y [0] $procmux$4093_Y [0] $procmux$4093_Y [0] $procmux$4093_Y [0] $procmux$4093_Y [0] $procmux$4093_Y [0] $procmux$4093_Y [0] $procmux$4093_Y [0] $procmux$4093_Y [0] $procmux$4093_Y [0] $procmux$4093_Y [0] $procmux$4093_Y [0] $procmux$4093_Y [0] $procmux$4093_Y [0] $procmux$4093_Y [0] $procmux$4093_Y [0] $procmux$4093_Y [0] $procmux$4093_Y [0] $procmux$4093_Y [0] $procmux$4093_Y [0] $procmux$4093_Y [0] $procmux$4093_Y [0] $procmux$4093_Y [0] $procmux$4093_Y [0] $procmux$4093_Y [0] $procmux$4093_Y [0] $procmux$4093_Y [0] $procmux$4093_Y [0] $procmux$4093_Y [0] $procmux$4093_Y [0] $procmux$4093_Y [0] $procmux$4093_Y [0] $procmux$4093_Y [0] $procmux$4093_Y [0] $procmux$4093_Y [0] $procmux$4093_Y [0] $procmux$4093_Y [0] $procmux$4093_Y [0] $procmux$4093_Y [0] $procmux$4093_Y [0] $procmux$4093_Y [0] $procmux$4093_Y [0] $procmux$4093_Y [0] $procmux$4093_Y [0] $procmux$4093_Y [0] $procmux$4093_Y [0] $procmux$4093_Y [0] $procmux$4093_Y [0] $procmux$4093_Y [0] $procmux$4093_Y [0] $procmux$4093_Y [0] $procmux$4093_Y [0] $procmux$4093_Y [0] $procmux$4093_Y [0] $procmux$4093_Y [0] $procmux$4093_Y [0] $procmux$4093_Y [0] $procmux$4093_Y [0] $procmux$4093_Y [0] $procmux$4093_Y [0] $procmux$4093_Y [0] $procmux$4093_Y [0] $procmux$4093_Y [0] $procmux$4093_Y [0] $procmux$4093_Y [0] $procmux$4093_Y [0] $procmux$4093_Y [0] $procmux$4093_Y [0] $procmux$4093_Y [0] $procmux$4093_Y [0] $procmux$4093_Y [0] $procmux$4093_Y [0] $procmux$4093_Y [0] $procmux$4093_Y [0] $procmux$4093_Y [0] $procmux$4093_Y [0] $procmux$4093_Y [0] $procmux$4093_Y [0] $procmux$4093_Y [0] $procmux$4093_Y [0] $procmux$4093_Y [0] $procmux$4093_Y [0] $procmux$4093_Y [0] $procmux$4093_Y [0] $procmux$4093_Y [0] $procmux$4093_Y [0] $procmux$4093_Y [0] $procmux$4093_Y [0] $procmux$4093_Y [0] $procmux$4093_Y [0] $procmux$4093_Y [0] $procmux$4093_Y [0] $procmux$4093_Y [0] $procmux$4093_Y [0] $procmux$4093_Y [0] $procmux$4093_Y [0] $procmux$4093_Y [0] $procmux$4093_Y [0] $procmux$4093_Y [0] $procmux$4093_Y [0] $procmux$4093_Y [0] $procmux$4093_Y [0] $procmux$4093_Y [0] $procmux$4093_Y [0] $procmux$4093_Y [0] $procmux$4093_Y [0] $procmux$4093_Y [0] $procmux$4093_Y [0] $procmux$4093_Y [0] $procmux$4093_Y [0] $procmux$4093_Y [0] $procmux$4093_Y [0] $procmux$4093_Y [0] $procmux$4093_Y [0] $procmux$4093_Y [0] $procmux$4093_Y [0] $procmux$4093_Y [0] $procmux$4093_Y [0] $procmux$4093_Y [0] $procmux$4093_Y [0] $procmux$4093_Y [0] $procmux$4093_Y [0] $procmux$4093_Y [0] $procmux$4093_Y [0] $procmux$4093_Y [0] $procmux$4093_Y [0] $procmux$4093_Y [0] $procmux$4093_Y [0] $procmux$4093_Y [0] $procmux$4093_Y [0] $procmux$4093_Y [0] $procmux$4093_Y [0] $procmux$4093_Y [0] $procmux$4093_Y [0] $procmux$4093_Y [0] $procmux$4093_Y [0] $procmux$4093_Y [0] $procmux$4093_Y [0] $procmux$4093_Y [0] $procmux$4093_Y [0] $procmux$4093_Y [0] $procmux$4093_Y [0] $procmux$4093_Y [0] $procmux$4093_Y [0] $procmux$4093_Y [0] $procmux$4093_Y [0] $procmux$4093_Y [0] $procmux$4093_Y [0] $procmux$4093_Y [0] $procmux$4093_Y [0] $procmux$4093_Y [0] $procmux$4093_Y [0] $procmux$4093_Y [0] $procmux$4093_Y [0] $procmux$4093_Y [0] $procmux$4093_Y [0] $procmux$4093_Y [0] $procmux$4093_Y [0] $procmux$4093_Y [0] $procmux$4093_Y [0] $procmux$4093_Y [0] $procmux$4093_Y [0] $procmux$4093_Y [0] $procmux$4093_Y [0] $procmux$4093_Y [0] $procmux$4093_Y [0] $procmux$4093_Y [0] $procmux$4093_Y [0] $procmux$4093_Y [0] $procmux$4093_Y [0] $procmux$4093_Y [0] $procmux$4093_Y [0] $procmux$4093_Y [0] $procmux$4093_Y [0] $procmux$4093_Y [0] $procmux$4093_Y [0] $procmux$4093_Y [0] $procmux$4093_Y [0] $procmux$4093_Y [0] $procmux$4093_Y [0] $procmux$4093_Y [0] $procmux$4093_Y [0] $procmux$4093_Y [0] $procmux$4093_Y [0] $procmux$4093_Y [0] $procmux$4093_Y [0] $procmux$4093_Y [0] $procmux$4093_Y [0] $procmux$4093_Y [0] $procmux$4093_Y [0] $procmux$4093_Y [0] $procmux$4093_Y [0] $procmux$4093_Y [0] $procmux$4093_Y [0] $procmux$4093_Y [0] $procmux$4093_Y [0] $procmux$4093_Y [0] $procmux$4093_Y [0] $procmux$4093_Y [0] $procmux$4093_Y [0] $procmux$4093_Y [0] $procmux$4093_Y [0] $procmux$4093_Y [0] $procmux$4093_Y [0] $procmux$4093_Y [0] $procmux$4093_Y [0] $procmux$4093_Y [0] $procmux$4093_Y [0] $procmux$4093_Y [0] $procmux$4093_Y [0] $procmux$4093_Y [0] $procmux$4093_Y [0] $procmux$4093_Y [0] $procmux$4093_Y [0] $procmux$4093_Y [0] $procmux$4093_Y [0] $procmux$4093_Y [0] $procmux$4093_Y [0] $procmux$4093_Y [0] $procmux$4093_Y [0] $procmux$4093_Y [0] $procmux$4093_Y [0] $procmux$4093_Y [0] $procmux$4093_Y [0] $procmux$4093_Y [0] $procmux$4093_Y [0] $procmux$4093_Y [0] $procmux$4093_Y [0] $procmux$4093_Y [0] $procmux$4093_Y [0] $procmux$4093_Y [0] $procmux$4093_Y [0] $procmux$4093_Y [0] $procmux$4093_Y [0] $procmux$4093_Y [0] $procmux$4093_Y [0] $procmux$4093_Y [0] $procmux$4093_Y [0] $procmux$4093_Y [0] $procmux$4093_Y [0] $procmux$4093_Y [0] $procmux$4093_Y [0] $procmux$4093_Y [0] $procmux$4093_Y [0] $procmux$4093_Y [0] $procmux$4093_Y [0] $procmux$4093_Y [0] $procmux$4093_Y [0] $procmux$4093_Y [0] $procmux$4093_Y [0] $procmux$4093_Y [0] $procmux$4093_Y [0] $procmux$4093_Y [0] $procmux$4093_Y [0] $procmux$4093_Y [0] $procmux$4093_Y [0] $procmux$4093_Y [0] $procmux$4093_Y [0] $procmux$4093_Y [0] $procmux$4093_Y [0] $procmux$4093_Y [0] $procmux$4093_Y [0] $procmux$4093_Y [0] $procmux$4093_Y [0] $procmux$4093_Y [0] $procmux$4093_Y [0] $procmux$4093_Y [0] $procmux$4093_Y [0] $procmux$4093_Y [0] $procmux$4093_Y [0] $procmux$4093_Y [0] $procmux$4093_Y [0] $procmux$4093_Y [0] $procmux$4093_Y [0] $procmux$4093_Y [0] $procmux$4093_Y [0] $procmux$4093_Y [0] $procmux$4093_Y [0] $procmux$4093_Y [0] $procmux$4093_Y [0] $procmux$4093_Y [0] $procmux$4093_Y [0] $procmux$4093_Y [0] $procmux$4093_Y [0] $procmux$4093_Y [0] $procmux$4093_Y [0] $procmux$4093_Y [0] $procmux$4093_Y [0] $procmux$4093_Y [0] $procmux$4093_Y [0] $procmux$4093_Y [0] $procmux$4093_Y [0] $procmux$4093_Y [0] $procmux$4093_Y [0] $procmux$4093_Y [0] $procmux$4093_Y [0] $procmux$4093_Y [0] $procmux$4093_Y [0] $procmux$4093_Y [0] $procmux$4093_Y [0] $procmux$4093_Y [0] $procmux$4093_Y [0] $procmux$4093_Y [0] $procmux$4093_Y [0] $procmux$4093_Y [0] $procmux$4093_Y [0] $procmux$4093_Y [0] $procmux$4093_Y [0] $procmux$4093_Y [0] $procmux$4093_Y [0] $procmux$4093_Y [0] $procmux$4093_Y [0] $procmux$4093_Y [0] $procmux$4093_Y [0] $procmux$4093_Y [0] $procmux$4093_Y [0] $procmux$4093_Y [0] $procmux$4093_Y [0] $procmux$4093_Y [0] $procmux$4093_Y [0] $procmux$4093_Y [0] $procmux$4093_Y [0] $procmux$4093_Y [0] $procmux$4093_Y [0] $procmux$4093_Y [0] $procmux$4093_Y [0] $procmux$4093_Y [0] $procmux$4093_Y [0] $procmux$4093_Y [0] $procmux$4093_Y [0] $procmux$4093_Y [0] $procmux$4093_Y [0] $procmux$4093_Y [0] $procmux$4093_Y [0] $procmux$4093_Y [0] $procmux$4093_Y [0] $procmux$4093_Y [0] $procmux$4093_Y [0] $procmux$4093_Y [0] $procmux$4093_Y [0] $procmux$4093_Y [0] $procmux$4093_Y [0] $procmux$4093_Y [0] $procmux$4093_Y [0] $procmux$4093_Y [0] $procmux$4093_Y [0] $procmux$4093_Y [0] $procmux$4093_Y [0] $procmux$4093_Y [0] $procmux$4093_Y [0] $procmux$4093_Y [0] $procmux$4093_Y [0] $procmux$4093_Y [0] $procmux$4093_Y [0] $procmux$4093_Y [0] $procmux$4093_Y [0] $procmux$4093_Y [0] $procmux$4093_Y [0] $procmux$4093_Y [0] $procmux$4093_Y [0] $procmux$4093_Y [0] $procmux$4093_Y [0] $procmux$4093_Y [0] $procmux$4093_Y [0] $procmux$4093_Y [0] $procmux$4093_Y [0] $procmux$4093_Y [0] $procmux$4093_Y [0] $procmux$4093_Y [0] $procmux$4093_Y [0] }
  Optimizing cells in module \VX_cp_fetch_top.
    Consolidated identical input bits for $mux cell $procmux$4096:
      Old ports: A=$procmux$4093_Y, B=512'00000000000000000000000000000000000000000000000000000000000000000000000000000000000000000000000000000000000000000000000000000000000000000000000000000000000000000000000000000000000000000000000000000000000000000000000000000000000000000000000000000000000000000000000000000000000000000000000000000000000000000000000000000000000000000000000000000000000000000000000000000000000000000000000000000000000000000000000000000000000000000000000000000000000000000000000000000000000000000000000000000000000000000000000000000000, Y=$procmux$4096_Y
      New ports: A=$procmux$4093_Y [0], B=1'0, Y=$procmux$4096_Y [0]
      New connections: $procmux$4096_Y [511:1] = { $procmux$4096_Y [0] $procmux$4096_Y [0] $procmux$4096_Y [0] $procmux$4096_Y [0] $procmux$4096_Y [0] $procmux$4096_Y [0] $procmux$4096_Y [0] $procmux$4096_Y [0] $procmux$4096_Y [0] $procmux$4096_Y [0] $procmux$4096_Y [0] $procmux$4096_Y [0] $procmux$4096_Y [0] $procmux$4096_Y [0] $procmux$4096_Y [0] $procmux$4096_Y [0] $procmux$4096_Y [0] $procmux$4096_Y [0] $procmux$4096_Y [0] $procmux$4096_Y [0] $procmux$4096_Y [0] $procmux$4096_Y [0] $procmux$4096_Y [0] $procmux$4096_Y [0] $procmux$4096_Y [0] $procmux$4096_Y [0] $procmux$4096_Y [0] $procmux$4096_Y [0] $procmux$4096_Y [0] $procmux$4096_Y [0] $procmux$4096_Y [0] $procmux$4096_Y [0] $procmux$4096_Y [0] $procmux$4096_Y [0] $procmux$4096_Y [0] $procmux$4096_Y [0] $procmux$4096_Y [0] $procmux$4096_Y [0] $procmux$4096_Y [0] $procmux$4096_Y [0] $procmux$4096_Y [0] $procmux$4096_Y [0] $procmux$4096_Y [0] $procmux$4096_Y [0] $procmux$4096_Y [0] $procmux$4096_Y [0] $procmux$4096_Y [0] $procmux$4096_Y [0] $procmux$4096_Y [0] $procmux$4096_Y [0] $procmux$4096_Y [0] $procmux$4096_Y [0] $procmux$4096_Y [0] $procmux$4096_Y [0] $procmux$4096_Y [0] $procmux$4096_Y [0] $procmux$4096_Y [0] $procmux$4096_Y [0] $procmux$4096_Y [0] $procmux$4096_Y [0] $procmux$4096_Y [0] $procmux$4096_Y [0] $procmux$4096_Y [0] $procmux$4096_Y [0] $procmux$4096_Y [0] $procmux$4096_Y [0] $procmux$4096_Y [0] $procmux$4096_Y [0] $procmux$4096_Y [0] $procmux$4096_Y [0] $procmux$4096_Y [0] $procmux$4096_Y [0] $procmux$4096_Y [0] $procmux$4096_Y [0] $procmux$4096_Y [0] $procmux$4096_Y [0] $procmux$4096_Y [0] $procmux$4096_Y [0] $procmux$4096_Y [0] $procmux$4096_Y [0] $procmux$4096_Y [0] $procmux$4096_Y [0] $procmux$4096_Y [0] $procmux$4096_Y [0] $procmux$4096_Y [0] $procmux$4096_Y [0] $procmux$4096_Y [0] $procmux$4096_Y [0] $procmux$4096_Y [0] $procmux$4096_Y [0] $procmux$4096_Y [0] $procmux$4096_Y [0] $procmux$4096_Y [0] $procmux$4096_Y [0] $procmux$4096_Y [0] $procmux$4096_Y [0] $procmux$4096_Y [0] $procmux$4096_Y [0] $procmux$4096_Y [0] $procmux$4096_Y [0] $procmux$4096_Y [0] $procmux$4096_Y [0] $procmux$4096_Y [0] $procmux$4096_Y [0] $procmux$4096_Y [0] $procmux$4096_Y [0] $procmux$4096_Y [0] $procmux$4096_Y [0] $procmux$4096_Y [0] $procmux$4096_Y [0] $procmux$4096_Y [0] $procmux$4096_Y [0] $procmux$4096_Y [0] $procmux$4096_Y [0] $procmux$4096_Y [0] $procmux$4096_Y [0] $procmux$4096_Y [0] $procmux$4096_Y [0] $procmux$4096_Y [0] $procmux$4096_Y [0] $procmux$4096_Y [0] $procmux$4096_Y [0] $procmux$4096_Y [0] $procmux$4096_Y [0] $procmux$4096_Y [0] $procmux$4096_Y [0] $procmux$4096_Y [0] $procmux$4096_Y [0] $procmux$4096_Y [0] $procmux$4096_Y [0] $procmux$4096_Y [0] $procmux$4096_Y [0] $procmux$4096_Y [0] $procmux$4096_Y [0] $procmux$4096_Y [0] $procmux$4096_Y [0] $procmux$4096_Y [0] $procmux$4096_Y [0] $procmux$4096_Y [0] $procmux$4096_Y [0] $procmux$4096_Y [0] $procmux$4096_Y [0] $procmux$4096_Y [0] $procmux$4096_Y [0] $procmux$4096_Y [0] $procmux$4096_Y [0] $procmux$4096_Y [0] $procmux$4096_Y [0] $procmux$4096_Y [0] $procmux$4096_Y [0] $procmux$4096_Y [0] $procmux$4096_Y [0] $procmux$4096_Y [0] $procmux$4096_Y [0] $procmux$4096_Y [0] $procmux$4096_Y [0] $procmux$4096_Y [0] $procmux$4096_Y [0] $procmux$4096_Y [0] $procmux$4096_Y [0] $procmux$4096_Y [0] $procmux$4096_Y [0] $procmux$4096_Y [0] $procmux$4096_Y [0] $procmux$4096_Y [0] $procmux$4096_Y [0] $procmux$4096_Y [0] $procmux$4096_Y [0] $procmux$4096_Y [0] $procmux$4096_Y [0] $procmux$4096_Y [0] $procmux$4096_Y [0] $procmux$4096_Y [0] $procmux$4096_Y [0] $procmux$4096_Y [0] $procmux$4096_Y [0] $procmux$4096_Y [0] $procmux$4096_Y [0] $procmux$4096_Y [0] $procmux$4096_Y [0] $procmux$4096_Y [0] $procmux$4096_Y [0] $procmux$4096_Y [0] $procmux$4096_Y [0] $procmux$4096_Y [0] $procmux$4096_Y [0] $procmux$4096_Y [0] $procmux$4096_Y [0] $procmux$4096_Y [0] $procmux$4096_Y [0] $procmux$4096_Y [0] $procmux$4096_Y [0] $procmux$4096_Y [0] $procmux$4096_Y [0] $procmux$4096_Y [0] $procmux$4096_Y [0] $procmux$4096_Y [0] $procmux$4096_Y [0] $procmux$4096_Y [0] $procmux$4096_Y [0] $procmux$4096_Y [0] $procmux$4096_Y [0] $procmux$4096_Y [0] $procmux$4096_Y [0] $procmux$4096_Y [0] $procmux$4096_Y [0] $procmux$4096_Y [0] $procmux$4096_Y [0] $procmux$4096_Y [0] $procmux$4096_Y [0] $procmux$4096_Y [0] $procmux$4096_Y [0] $procmux$4096_Y [0] $procmux$4096_Y [0] $procmux$4096_Y [0] $procmux$4096_Y [0] $procmux$4096_Y [0] $procmux$4096_Y [0] $procmux$4096_Y [0] $procmux$4096_Y [0] $procmux$4096_Y [0] $procmux$4096_Y [0] $procmux$4096_Y [0] $procmux$4096_Y [0] $procmux$4096_Y [0] $procmux$4096_Y [0] $procmux$4096_Y [0] $procmux$4096_Y [0] $procmux$4096_Y [0] $procmux$4096_Y [0] $procmux$4096_Y [0] $procmux$4096_Y [0] $procmux$4096_Y [0] $procmux$4096_Y [0] $procmux$4096_Y [0] $procmux$4096_Y [0] $procmux$4096_Y [0] $procmux$4096_Y [0] $procmux$4096_Y [0] $procmux$4096_Y [0] $procmux$4096_Y [0] $procmux$4096_Y [0] $procmux$4096_Y [0] $procmux$4096_Y [0] $procmux$4096_Y [0] $procmux$4096_Y [0] $procmux$4096_Y [0] $procmux$4096_Y [0] $procmux$4096_Y [0] $procmux$4096_Y [0] $procmux$4096_Y [0] $procmux$4096_Y [0] $procmux$4096_Y [0] $procmux$4096_Y [0] $procmux$4096_Y [0] $procmux$4096_Y [0] $procmux$4096_Y [0] $procmux$4096_Y [0] $procmux$4096_Y [0] $procmux$4096_Y [0] $procmux$4096_Y [0] $procmux$4096_Y [0] $procmux$4096_Y [0] $procmux$4096_Y [0] $procmux$4096_Y [0] $procmux$4096_Y [0] $procmux$4096_Y [0] $procmux$4096_Y [0] $procmux$4096_Y [0] $procmux$4096_Y [0] $procmux$4096_Y [0] $procmux$4096_Y [0] $procmux$4096_Y [0] $procmux$4096_Y [0] $procmux$4096_Y [0] $procmux$4096_Y [0] $procmux$4096_Y [0] $procmux$4096_Y [0] $procmux$4096_Y [0] $procmux$4096_Y [0] $procmux$4096_Y [0] $procmux$4096_Y [0] $procmux$4096_Y [0] $procmux$4096_Y [0] $procmux$4096_Y [0] $procmux$4096_Y [0] $procmux$4096_Y [0] $procmux$4096_Y [0] $procmux$4096_Y [0] $procmux$4096_Y [0] $procmux$4096_Y [0] $procmux$4096_Y [0] $procmux$4096_Y [0] $procmux$4096_Y [0] $procmux$4096_Y [0] $procmux$4096_Y [0] $procmux$4096_Y [0] $procmux$4096_Y [0] $procmux$4096_Y [0] $procmux$4096_Y [0] $procmux$4096_Y [0] $procmux$4096_Y [0] $procmux$4096_Y [0] $procmux$4096_Y [0] $procmux$4096_Y [0] $procmux$4096_Y [0] $procmux$4096_Y [0] $procmux$4096_Y [0] $procmux$4096_Y [0] $procmux$4096_Y [0] $procmux$4096_Y [0] $procmux$4096_Y [0] $procmux$4096_Y [0] $procmux$4096_Y [0] $procmux$4096_Y [0] $procmux$4096_Y [0] $procmux$4096_Y [0] $procmux$4096_Y [0] $procmux$4096_Y [0] $procmux$4096_Y [0] $procmux$4096_Y [0] $procmux$4096_Y [0] $procmux$4096_Y [0] $procmux$4096_Y [0] $procmux$4096_Y [0] $procmux$4096_Y [0] $procmux$4096_Y [0] $procmux$4096_Y [0] $procmux$4096_Y [0] $procmux$4096_Y [0] $procmux$4096_Y [0] $procmux$4096_Y [0] $procmux$4096_Y [0] $procmux$4096_Y [0] $procmux$4096_Y [0] $procmux$4096_Y [0] $procmux$4096_Y [0] $procmux$4096_Y [0] $procmux$4096_Y [0] $procmux$4096_Y [0] $procmux$4096_Y [0] $procmux$4096_Y [0] $procmux$4096_Y [0] $procmux$4096_Y [0] $procmux$4096_Y [0] $procmux$4096_Y [0] $procmux$4096_Y [0] $procmux$4096_Y [0] $procmux$4096_Y [0] $procmux$4096_Y [0] $procmux$4096_Y [0] $procmux$4096_Y [0] $procmux$4096_Y [0] $procmux$4096_Y [0] $procmux$4096_Y [0] $procmux$4096_Y [0] $procmux$4096_Y [0] $procmux$4096_Y [0] $procmux$4096_Y [0] $procmux$4096_Y [0] $procmux$4096_Y [0] $procmux$4096_Y [0] $procmux$4096_Y [0] $procmux$4096_Y [0] $procmux$4096_Y [0] $procmux$4096_Y [0] $procmux$4096_Y [0] $procmux$4096_Y [0] $procmux$4096_Y [0] $procmux$4096_Y [0] $procmux$4096_Y [0] $procmux$4096_Y [0] $procmux$4096_Y [0] $procmux$4096_Y [0] $procmux$4096_Y [0] $procmux$4096_Y [0] $procmux$4096_Y [0] $procmux$4096_Y [0] $procmux$4096_Y [0] $procmux$4096_Y [0] $procmux$4096_Y [0] $procmux$4096_Y [0] $procmux$4096_Y [0] $procmux$4096_Y [0] $procmux$4096_Y [0] $procmux$4096_Y [0] $procmux$4096_Y [0] $procmux$4096_Y [0] $procmux$4096_Y [0] $procmux$4096_Y [0] $procmux$4096_Y [0] $procmux$4096_Y [0] $procmux$4096_Y [0] $procmux$4096_Y [0] $procmux$4096_Y [0] $procmux$4096_Y [0] $procmux$4096_Y [0] $procmux$4096_Y [0] $procmux$4096_Y [0] $procmux$4096_Y [0] $procmux$4096_Y [0] $procmux$4096_Y [0] $procmux$4096_Y [0] $procmux$4096_Y [0] $procmux$4096_Y [0] $procmux$4096_Y [0] $procmux$4096_Y [0] $procmux$4096_Y [0] $procmux$4096_Y [0] $procmux$4096_Y [0] $procmux$4096_Y [0] $procmux$4096_Y [0] $procmux$4096_Y [0] $procmux$4096_Y [0] $procmux$4096_Y [0] $procmux$4096_Y [0] $procmux$4096_Y [0] $procmux$4096_Y [0] $procmux$4096_Y [0] $procmux$4096_Y [0] $procmux$4096_Y [0] $procmux$4096_Y [0] $procmux$4096_Y [0] $procmux$4096_Y [0] $procmux$4096_Y [0] $procmux$4096_Y [0] $procmux$4096_Y [0] $procmux$4096_Y [0] $procmux$4096_Y [0] $procmux$4096_Y [0] $procmux$4096_Y [0] $procmux$4096_Y [0] $procmux$4096_Y [0] $procmux$4096_Y [0] $procmux$4096_Y [0] $procmux$4096_Y [0] $procmux$4096_Y [0] $procmux$4096_Y [0] $procmux$4096_Y [0] $procmux$4096_Y [0] $procmux$4096_Y [0] $procmux$4096_Y [0] $procmux$4096_Y [0] $procmux$4096_Y [0] $procmux$4096_Y [0] $procmux$4096_Y [0] $procmux$4096_Y [0] $procmux$4096_Y [0] $procmux$4096_Y [0] $procmux$4096_Y [0] $procmux$4096_Y [0] $procmux$4096_Y [0] $procmux$4096_Y [0] $procmux$4096_Y [0] $procmux$4096_Y [0] $procmux$4096_Y [0] $procmux$4096_Y [0] $procmux$4096_Y [0] $procmux$4096_Y [0] $procmux$4096_Y [0] $procmux$4096_Y [0] $procmux$4096_Y [0] $procmux$4096_Y [0] $procmux$4096_Y [0] $procmux$4096_Y [0] $procmux$4096_Y [0] $procmux$4096_Y [0] $procmux$4096_Y [0] $procmux$4096_Y [0] $procmux$4096_Y [0] $procmux$4096_Y [0] $procmux$4096_Y [0] $procmux$4096_Y [0] $procmux$4096_Y [0] $procmux$4096_Y [0] $procmux$4096_Y [0] $procmux$4096_Y [0] $procmux$4096_Y [0] $procmux$4096_Y [0] $procmux$4096_Y [0] $procmux$4096_Y [0] $procmux$4096_Y [0] $procmux$4096_Y [0] $procmux$4096_Y [0] $procmux$4096_Y [0] $procmux$4096_Y [0] $procmux$4096_Y [0] $procmux$4096_Y [0] $procmux$4096_Y [0] $procmux$4096_Y [0] $procmux$4096_Y [0] $procmux$4096_Y [0] $procmux$4096_Y [0] $procmux$4096_Y [0] $procmux$4096_Y [0] $procmux$4096_Y [0] $procmux$4096_Y [0] $procmux$4096_Y [0] $procmux$4096_Y [0] $procmux$4096_Y [0] $procmux$4096_Y [0] $procmux$4096_Y [0] $procmux$4096_Y [0] $procmux$4096_Y [0] $procmux$4096_Y [0] $procmux$4096_Y [0] $procmux$4096_Y [0] $procmux$4096_Y [0] $procmux$4096_Y [0] $procmux$4096_Y [0] $procmux$4096_Y [0] }
  Optimizing cells in module \VX_cp_fetch_top.
Performed a total of 8 changes.

6.5. Executing OPT_MERGE pass (detect identical cells).
Finding identical cells in module `\VX_cp_unpack'.
Finding identical cells in module `\VX_cp_fetch_top'.
Removed a total of 0 cells.

6.6. Executing OPT_RMDFF pass (remove dff with constant values).

6.7. Executing OPT_CLEAN pass (remove unused cells and wires).
Finding unused cells or wires in module \VX_cp_unpack..
Finding unused cells or wires in module \VX_cp_fetch_top..
Removed 20 unused cells and 2949 unused wires.
<suppressed ~68 debug messages>

6.8. Executing OPT_EXPR pass (perform const folding).
Optimizing module VX_cp_fetch_top.
Optimizing module VX_cp_unpack.

6.9. Rerunning OPT passes. (Maybe there is more to do..)

6.10. Executing OPT_MUXTREE pass (detect dead branches in mux trees).
Running muxtree optimizer on module \VX_cp_fetch_top..
  Creating internal representation of mux trees.
  Evaluating internal representation of mux trees.
  Analyzing evaluation results.
Running muxtree optimizer on module \VX_cp_unpack..
  Creating internal representation of mux trees.
  Evaluating internal representation of mux trees.
  Analyzing evaluation results.
Removed 0 multiplexer ports.
<suppressed ~18 debug messages>

6.11. Executing OPT_REDUCE pass (consolidate $*mux and $reduce_* inputs).
  Optimizing cells in module \VX_cp_fetch_top.
  Optimizing cells in module \VX_cp_unpack.
    New input vector for $reduce_or cell $procmux$3667_ANY: { $eq$results/exp06/ppa/prefetch/cp_fetch_input.v:190$386_Y $procmux$3086_CMP $procmux$3087_CMP $procmux$3088_CMP $procmux$3089_CMP $procmux$3090_CMP $procmux$3091_CMP $procmux$3092_CMP $procmux$3093_CMP $procmux$3094_CMP $procmux$3095_CMP }
    New input vector for $reduce_or cell $auto$opt_reduce.cc:126:opt_mux$4274: { $procmux$3093_CMP $procmux$3095_CMP }
    New input vector for $reduce_or cell $auto$opt_reduce.cc:126:opt_mux$4272: { $procmux$3090_CMP $procmux$3091_CMP $procmux$3092_CMP }
    New input vector for $reduce_or cell $auto$opt_reduce.cc:126:opt_mux$4270: { $procmux$3086_CMP $procmux$3087_CMP $procmux$3088_CMP $procmux$3089_CMP }
  Optimizing cells in module \VX_cp_unpack.
Performed a total of 4 changes.

6.12. Executing OPT_MERGE pass (detect identical cells).
Finding identical cells in module `\VX_cp_fetch_top'.
Finding identical cells in module `\VX_cp_unpack'.
Removed a total of 0 cells.

6.13. Executing OPT_RMDFF pass (remove dff with constant values).

6.14. Executing OPT_CLEAN pass (remove unused cells and wires).
Finding unused cells or wires in module \VX_cp_fetch_top..
Finding unused cells or wires in module \VX_cp_unpack..

6.15. Executing OPT_EXPR pass (perform const folding).
Optimizing module VX_cp_fetch_top.
Optimizing module VX_cp_unpack.

6.16. Rerunning OPT passes. (Maybe there is more to do..)

6.17. Executing OPT_MUXTREE pass (detect dead branches in mux trees).
Running muxtree optimizer on module \VX_cp_fetch_top..
  Creating internal representation of mux trees.
  Evaluating internal representation of mux trees.
  Analyzing evaluation results.
Running muxtree optimizer on module \VX_cp_unpack..
  Creating internal representation of mux trees.
  Evaluating internal representation of mux trees.
  Analyzing evaluation results.
Removed 0 multiplexer ports.
<suppressed ~18 debug messages>

6.18. Executing OPT_REDUCE pass (consolidate $*mux and $reduce_* inputs).
  Optimizing cells in module \VX_cp_fetch_top.
  Optimizing cells in module \VX_cp_unpack.
Performed a total of 0 changes.

6.19. Executing OPT_MERGE pass (detect identical cells).
Finding identical cells in module `\VX_cp_fetch_top'.
Finding identical cells in module `\VX_cp_unpack'.
Removed a total of 0 cells.

6.20. Executing OPT_RMDFF pass (remove dff with constant values).

6.21. Executing OPT_CLEAN pass (remove unused cells and wires).
Finding unused cells or wires in module \VX_cp_fetch_top..
Finding unused cells or wires in module \VX_cp_unpack..

6.22. Executing OPT_EXPR pass (perform const folding).
Optimizing module VX_cp_fetch_top.
Optimizing module VX_cp_unpack.

6.23. Finished OPT passes. (There is nothing left to do.)

7. Executing FSM pass (extract and optimize FSM).

7.1. Executing FSM_DETECT pass (finding FSMs in design).
Not marking VX_cp_fetch_top.$memwr$\u_fetch.cl_fifo$results/exp06/ppa/prefetch/cp_fetch_input.v:561$3_EN as FSM state register:
    Users of register don't seem to benefit from recoding.

7.2. Executing FSM_EXTRACT pass (extracting FSM from design).

7.3. Executing FSM_OPT pass (simple optimizations of FSMs).

7.4. Executing OPT_CLEAN pass (remove unused cells and wires).
Finding unused cells or wires in module \VX_cp_fetch_top..
Finding unused cells or wires in module \VX_cp_unpack..

7.5. Executing FSM_OPT pass (simple optimizations of FSMs).

7.6. Executing FSM_RECODE pass (re-assigning FSM state encoding).

7.7. Executing FSM_INFO pass (dumping all available information on FSM cells).

7.8. Executing FSM_MAP pass (mapping FSMs to basic logic).

8. Executing OPT pass (performing simple optimizations).

8.1. Executing OPT_EXPR pass (perform const folding).
Optimizing module VX_cp_fetch_top.
Optimizing module VX_cp_unpack.

8.2. Executing OPT_MERGE pass (detect identical cells).
Finding identical cells in module `\VX_cp_fetch_top'.
Finding identical cells in module `\VX_cp_unpack'.
Removed a total of 0 cells.

8.3. Executing OPT_MUXTREE pass (detect dead branches in mux trees).
Running muxtree optimizer on module \VX_cp_fetch_top..
  Creating internal representation of mux trees.
  Evaluating internal representation of mux trees.
  Analyzing evaluation results.
Running muxtree optimizer on module \VX_cp_unpack..
  Creating internal representation of mux trees.
  Evaluating internal representation of mux trees.
  Analyzing evaluation results.
Removed 0 multiplexer ports.
<suppressed ~18 debug messages>

8.4. Executing OPT_REDUCE pass (consolidate $*mux and $reduce_* inputs).
  Optimizing cells in module \VX_cp_fetch_top.
  Optimizing cells in module \VX_cp_unpack.
Performed a total of 0 changes.

8.5. Executing OPT_MERGE pass (detect identical cells).
Finding identical cells in module `\VX_cp_fetch_top'.
Finding identical cells in module `\VX_cp_unpack'.
Removed a total of 0 cells.

8.6. Executing OPT_RMDFF pass (remove dff with constant values).

8.7. Executing OPT_CLEAN pass (remove unused cells and wires).
Finding unused cells or wires in module \VX_cp_fetch_top..
Finding unused cells or wires in module \VX_cp_unpack..

8.8. Executing OPT_EXPR pass (perform const folding).
Optimizing module VX_cp_fetch_top.
Optimizing module VX_cp_unpack.

8.9. Finished OPT passes. (There is nothing left to do.)

9. Executing MEMORY pass.

9.1. Executing MEMORY_DFF pass (merging $dff cells to $memrd and $memwr).
Checking cell `$memwr$\u_fetch.cl_fifo$results/exp06/ppa/prefetch/cp_fetch_input.v:561$52' in module `\VX_cp_fetch_top': merged $dff to cell.
Checking cell `$memrd$\u_fetch.cl_fifo$results/exp06/ppa/prefetch/cp_fetch_input.v:484$10' in module `\VX_cp_fetch_top': merged address $dff to cell.

9.2. Executing OPT_CLEAN pass (remove unused cells and wires).
Finding unused cells or wires in module \VX_cp_fetch_top..
Finding unused cells or wires in module \VX_cp_unpack..
Removed 3 unused cells and 3 unused wires.
<suppressed ~4 debug messages>

9.3. Executing MEMORY_SHARE pass (consolidating $memrd/$memwr cells).

9.4. Executing OPT_CLEAN pass (remove unused cells and wires).
Finding unused cells or wires in module \VX_cp_fetch_top..
Finding unused cells or wires in module \VX_cp_unpack..

9.5. Executing MEMORY_COLLECT pass (generating $mem cells).
Collecting $memrd, $memwr and $meminit for memory `\u_fetch.cl_fifo' in module `\VX_cp_fetch_top':
  $memwr$\u_fetch.cl_fifo$results/exp06/ppa/prefetch/cp_fetch_input.v:561$52 ($memwr)
  $memrd$\u_fetch.cl_fifo$results/exp06/ppa/prefetch/cp_fetch_input.v:484$10 ($memrd)

9.6. Executing MEMORY_MAP pass (converting $mem cells to logic and flip-flops).
Mapping memory cell \u_fetch.cl_fifo in module \VX_cp_fetch_top:
  created 2 $dff cells and 0 static cells of width 512.
  read interface: 1 $dff and 1 $mux cells.
  write interface: 2 write mux blocks.

10. Executing OPT pass (performing simple optimizations).

10.1. Executing OPT_EXPR pass (perform const folding).
Optimizing module VX_cp_fetch_top.
<suppressed ~2 debug messages>
Optimizing module VX_cp_unpack.

10.2. Executing OPT_MERGE pass (detect identical cells).
Finding identical cells in module `\VX_cp_fetch_top'.
<suppressed ~3 debug messages>
Finding identical cells in module `\VX_cp_unpack'.
Removed a total of 1 cells.

10.3. Executing OPT_MUXTREE pass (detect dead branches in mux trees).
Running muxtree optimizer on module \VX_cp_fetch_top..
  Creating internal representation of mux trees.
  Evaluating internal representation of mux trees.
  Analyzing evaluation results.
Running muxtree optimizer on module \VX_cp_unpack..
  Creating internal representation of mux trees.
  Evaluating internal representation of mux trees.
  Analyzing evaluation results.
Removed 0 multiplexer ports.
<suppressed ~21 debug messages>

10.4. Executing OPT_REDUCE pass (consolidate $*mux and $reduce_* inputs).
  Optimizing cells in module \VX_cp_fetch_top.
  Optimizing cells in module \VX_cp_unpack.
Performed a total of 0 changes.

10.5. Executing OPT_MERGE pass (detect identical cells).
Finding identical cells in module `\VX_cp_fetch_top'.
Finding identical cells in module `\VX_cp_unpack'.
Removed a total of 0 cells.

10.6. Executing OPT_RMDFF pass (remove dff with constant values).

10.7. Executing OPT_CLEAN pass (remove unused cells and wires).
Finding unused cells or wires in module \VX_cp_fetch_top..
Finding unused cells or wires in module \VX_cp_unpack..
Removed 0 unused cells and 6 unused wires.
<suppressed ~1 debug messages>

10.8. Executing OPT_EXPR pass (perform const folding).
Optimizing module VX_cp_fetch_top.
Optimizing module VX_cp_unpack.

10.9. Finished OPT passes. (There is nothing left to do.)

11. Executing MEMORY_MAP pass (converting $mem cells to logic and flip-flops).

12. Executing OPT pass (performing simple optimizations).

12.1. Executing OPT_EXPR pass (perform const folding).
Optimizing module VX_cp_fetch_top.
Optimizing module VX_cp_unpack.

12.2. Executing OPT_MERGE pass (detect identical cells).
Finding identical cells in module `\VX_cp_fetch_top'.
Finding identical cells in module `\VX_cp_unpack'.
Removed a total of 0 cells.

12.3. Executing OPT_MUXTREE pass (detect dead branches in mux trees).
Running muxtree optimizer on module \VX_cp_fetch_top..
  Creating internal representation of mux trees.
  Evaluating internal representation of mux trees.
  Analyzing evaluation results.
Running muxtree optimizer on module \VX_cp_unpack..
  Creating internal representation of mux trees.
  Evaluating internal representation of mux trees.
  Analyzing evaluation results.
Removed 0 multiplexer ports.
<suppressed ~21 debug messages>

12.4. Executing OPT_REDUCE pass (consolidate $*mux and $reduce_* inputs).
  Optimizing cells in module \VX_cp_fetch_top.
  Optimizing cells in module \VX_cp_unpack.
Performed a total of 0 changes.

12.5. Executing OPT_MERGE pass (detect identical cells).
Finding identical cells in module `\VX_cp_fetch_top'.
Finding identical cells in module `\VX_cp_unpack'.
Removed a total of 0 cells.

12.6. Executing OPT_RMDFF pass (remove dff with constant values).

12.7. Executing OPT_CLEAN pass (remove unused cells and wires).
Finding unused cells or wires in module \VX_cp_fetch_top..
Finding unused cells or wires in module \VX_cp_unpack..

12.8. Executing OPT_EXPR pass (perform const folding).
Optimizing module VX_cp_fetch_top.
Optimizing module VX_cp_unpack.

12.9. Finished OPT passes. (There is nothing left to do.)

13. Executing ALUMACC pass (create $alu and $macc cells).
Extracting $alu and $macc cells in module VX_cp_fetch_top:
  creating $macc model for $add$results/exp06/ppa/prefetch/cp_fetch_input.v:510$12 ($add).
  creating $macc model for $add$results/exp06/ppa/prefetch/cp_fetch_input.v:558$29 ($add).
  creating $macc model for $add$results/exp06/ppa/prefetch/cp_fetch_input.v:563$31 ($add).
  creating $macc model for $add$results/exp06/ppa/prefetch/cp_fetch_input.v:568$34 ($add).
  creating $macc model for $add$results/exp06/ppa/prefetch/cp_fetch_input.v:578$37 ($add).
  creating $macc model for $add$results/exp06/ppa/prefetch/cp_fetch_input.v:580$39 ($add).
  creating $macc model for $add$results/exp06/ppa/prefetch/cp_fetch_input.v:586$42 ($add).
  creating $macc model for $add$results/exp06/ppa/prefetch/cp_fetch_input.v:590$43 ($add).
  creating $macc model for $add$results/exp06/ppa/prefetch/cp_fetch_input.v:630$49 ($add).
  creating $macc model for $sub$results/exp06/ppa/prefetch/cp_fetch_input.v:571$35 ($sub).
  creating $macc model for $sub$results/exp06/ppa/prefetch/cp_fetch_input.v:593$44 ($sub).
  creating $alu model for $macc $sub$results/exp06/ppa/prefetch/cp_fetch_input.v:593$44.
  creating $alu model for $macc $sub$results/exp06/ppa/prefetch/cp_fetch_input.v:571$35.
  creating $alu model for $macc $add$results/exp06/ppa/prefetch/cp_fetch_input.v:630$49.
  creating $alu model for $macc $add$results/exp06/ppa/prefetch/cp_fetch_input.v:590$43.
  creating $alu model for $macc $add$results/exp06/ppa/prefetch/cp_fetch_input.v:586$42.
  creating $alu model for $macc $add$results/exp06/ppa/prefetch/cp_fetch_input.v:580$39.
  creating $alu model for $macc $add$results/exp06/ppa/prefetch/cp_fetch_input.v:578$37.
  creating $alu model for $macc $add$results/exp06/ppa/prefetch/cp_fetch_input.v:568$34.
  creating $alu model for $macc $add$results/exp06/ppa/prefetch/cp_fetch_input.v:563$31.
  creating $alu model for $macc $add$results/exp06/ppa/prefetch/cp_fetch_input.v:558$29.
  creating $alu model for $macc $add$results/exp06/ppa/prefetch/cp_fetch_input.v:510$12.
  creating $alu model for $lt$results/exp06/ppa/prefetch/cp_fetch_input.v:512$13 ($lt): new $alu
  creating $alu model for $lt$results/exp06/ppa/prefetch/cp_fetch_input.v:512$15 ($lt): new $alu
  creating $alu cell for $lt$results/exp06/ppa/prefetch/cp_fetch_input.v:512$15: $auto$alumacc.cc:474:replace_alu$4300
  creating $alu cell for $lt$results/exp06/ppa/prefetch/cp_fetch_input.v:512$13: $auto$alumacc.cc:474:replace_alu$4305
  creating $alu cell for $add$results/exp06/ppa/prefetch/cp_fetch_input.v:510$12: $auto$alumacc.cc:474:replace_alu$4310
  creating $alu cell for $add$results/exp06/ppa/prefetch/cp_fetch_input.v:558$29: $auto$alumacc.cc:474:replace_alu$4313
  creating $alu cell for $add$results/exp06/ppa/prefetch/cp_fetch_input.v:563$31: $auto$alumacc.cc:474:replace_alu$4316
  creating $alu cell for $add$results/exp06/ppa/prefetch/cp_fetch_input.v:568$34: $auto$alumacc.cc:474:replace_alu$4319
  creating $alu cell for $add$results/exp06/ppa/prefetch/cp_fetch_input.v:578$37: $auto$alumacc.cc:474:replace_alu$4322
  creating $alu cell for $add$results/exp06/ppa/prefetch/cp_fetch_input.v:580$39: $auto$alumacc.cc:474:replace_alu$4325
  creating $alu cell for $add$results/exp06/ppa/prefetch/cp_fetch_input.v:586$42: $auto$alumacc.cc:474:replace_alu$4328
  creating $alu cell for $add$results/exp06/ppa/prefetch/cp_fetch_input.v:590$43: $auto$alumacc.cc:474:replace_alu$4331
  creating $alu cell for $add$results/exp06/ppa/prefetch/cp_fetch_input.v:630$49: $auto$alumacc.cc:474:replace_alu$4334
  creating $alu cell for $sub$results/exp06/ppa/prefetch/cp_fetch_input.v:571$35: $auto$alumacc.cc:474:replace_alu$4337
  creating $alu cell for $sub$results/exp06/ppa/prefetch/cp_fetch_input.v:593$44: $auto$alumacc.cc:474:replace_alu$4340
  created 13 $alu and 0 $macc cells.
Extracting $alu and $macc cells in module VX_cp_unpack:
  creating $macc model for $add$results/exp06/ppa/prefetch/cp_fetch_input.v:146$483 ($add).
  creating $macc model for $add$results/exp06/ppa/prefetch/cp_fetch_input.v:198$570 ($add).
  creating $macc model for $add$results/exp06/ppa/prefetch/cp_fetch_input.v:200$643 ($add).
  creating $macc model for $add$results/exp06/ppa/prefetch/cp_fetch_input.v:202$716 ($add).
  creating $macc model for $add$results/exp06/ppa/prefetch/cp_fetch_input.v:204$789 ($add).
  creating $macc model for $add$results/exp06/ppa/prefetch/cp_fetch_input.v:56$585 ($add).
  creating $macc model for $add$results/exp06/ppa/prefetch/cp_fetch_input.v:56$594 ($add).
  creating $macc model for $add$results/exp06/ppa/prefetch/cp_fetch_input.v:56$603 ($add).
  creating $macc model for $add$results/exp06/ppa/prefetch/cp_fetch_input.v:56$612 ($add).
  creating $macc model for $add$results/exp06/ppa/prefetch/cp_fetch_input.v:56$621 ($add).
  creating $macc model for $add$results/exp06/ppa/prefetch/cp_fetch_input.v:56$630 ($add).
  creating $macc model for $add$results/exp06/ppa/prefetch/cp_fetch_input.v:56$639 ($add).
  creating $macc model for $add$results/exp06/ppa/prefetch/cp_fetch_input.v:56$658 ($add).
  creating $macc model for $add$results/exp06/ppa/prefetch/cp_fetch_input.v:56$667 ($add).
  creating $macc model for $add$results/exp06/ppa/prefetch/cp_fetch_input.v:56$676 ($add).
  creating $macc model for $add$results/exp06/ppa/prefetch/cp_fetch_input.v:56$685 ($add).
  creating $macc model for $add$results/exp06/ppa/prefetch/cp_fetch_input.v:56$694 ($add).
  creating $macc model for $add$results/exp06/ppa/prefetch/cp_fetch_input.v:56$703 ($add).
  creating $macc model for $add$results/exp06/ppa/prefetch/cp_fetch_input.v:56$712 ($add).
  creating $macc model for $add$results/exp06/ppa/prefetch/cp_fetch_input.v:56$731 ($add).
  creating $macc model for $add$results/exp06/ppa/prefetch/cp_fetch_input.v:56$740 ($add).
  creating $macc model for $add$results/exp06/ppa/prefetch/cp_fetch_input.v:56$749 ($add).
  creating $macc model for $add$results/exp06/ppa/prefetch/cp_fetch_input.v:56$758 ($add).
  creating $macc model for $add$results/exp06/ppa/prefetch/cp_fetch_input.v:56$767 ($add).
  creating $macc model for $add$results/exp06/ppa/prefetch/cp_fetch_input.v:56$776 ($add).
  creating $macc model for $add$results/exp06/ppa/prefetch/cp_fetch_input.v:56$785 ($add).
  creating $macc model for $add$results/exp06/ppa/prefetch/cp_fetch_input.v:56$805 ($add).
  creating $macc model for $add$results/exp06/ppa/prefetch/cp_fetch_input.v:56$814 ($add).
  creating $macc model for $add$results/exp06/ppa/prefetch/cp_fetch_input.v:56$823 ($add).
  creating $macc model for $add$results/exp06/ppa/prefetch/cp_fetch_input.v:56$832 ($add).
  creating $macc model for $add$results/exp06/ppa/prefetch/cp_fetch_input.v:56$841 ($add).
  creating $macc model for $add$results/exp06/ppa/prefetch/cp_fetch_input.v:56$850 ($add).
  creating $macc model for $add$results/exp06/ppa/prefetch/cp_fetch_input.v:56$859 ($add).
  creating $macc model for $add$results/exp06/ppa/prefetch/cp_fetch_input.v:77$363 ($add).
  creating $macc model for $add$results/exp06/ppa/prefetch/cp_fetch_input.v:80$372 ($add).
  creating $macc model for $add$results/exp06/ppa/prefetch/cp_fetch_input.v:83$381 ($add).
  creating $macc model for $sub$results/exp06/ppa/prefetch/cp_fetch_input.v:204$790 ($sub).
  creating $alu model for $macc $sub$results/exp06/ppa/prefetch/cp_fetch_input.v:204$790.
  creating $alu model for $macc $add$results/exp06/ppa/prefetch/cp_fetch_input.v:83$381.
  creating $alu model for $macc $add$results/exp06/ppa/prefetch/cp_fetch_input.v:80$372.
  creating $alu model for $macc $add$results/exp06/ppa/prefetch/cp_fetch_input.v:77$363.
  creating $alu model for $macc $add$results/exp06/ppa/prefetch/cp_fetch_input.v:56$859.
  creating $alu model for $macc $add$results/exp06/ppa/prefetch/cp_fetch_input.v:56$850.
  creating $alu model for $macc $add$results/exp06/ppa/prefetch/cp_fetch_input.v:56$841.
  creating $alu model for $macc $add$results/exp06/ppa/prefetch/cp_fetch_input.v:56$832.
  creating $alu model for $macc $add$results/exp06/ppa/prefetch/cp_fetch_input.v:56$823.
  creating $alu model for $macc $add$results/exp06/ppa/prefetch/cp_fetch_input.v:56$814.
  creating $alu model for $macc $add$results/exp06/ppa/prefetch/cp_fetch_input.v:56$805.
  creating $alu model for $macc $add$results/exp06/ppa/prefetch/cp_fetch_input.v:56$785.
  creating $alu model for $macc $add$results/exp06/ppa/prefetch/cp_fetch_input.v:56$776.
  creating $alu model for $macc $add$results/exp06/ppa/prefetch/cp_fetch_input.v:56$767.
  creating $alu model for $macc $add$results/exp06/ppa/prefetch/cp_fetch_input.v:56$758.
  creating $alu model for $macc $add$results/exp06/ppa/prefetch/cp_fetch_input.v:56$749.
  creating $alu model for $macc $add$results/exp06/ppa/prefetch/cp_fetch_input.v:56$740.
  creating $alu model for $macc $add$results/exp06/ppa/prefetch/cp_fetch_input.v:56$731.
  creating $alu model for $macc $add$results/exp06/ppa/prefetch/cp_fetch_input.v:56$712.
  creating $alu model for $macc $add$results/exp06/ppa/prefetch/cp_fetch_input.v:56$703.
  creating $alu model for $macc $add$results/exp06/ppa/prefetch/cp_fetch_input.v:56$694.
  creating $alu model for $macc $add$results/exp06/ppa/prefetch/cp_fetch_input.v:56$685.
  creating $alu model for $macc $add$results/exp06/ppa/prefetch/cp_fetch_input.v:56$676.
  creating $alu model for $macc $add$results/exp06/ppa/prefetch/cp_fetch_input.v:56$667.
  creating $alu model for $macc $add$results/exp06/ppa/prefetch/cp_fetch_input.v:56$658.
  creating $alu model for $macc $add$results/exp06/ppa/prefetch/cp_fetch_input.v:56$639.
  creating $alu model for $macc $add$results/exp06/ppa/prefetch/cp_fetch_input.v:56$630.
  creating $alu model for $macc $add$results/exp06/ppa/prefetch/cp_fetch_input.v:56$621.
  creating $alu model for $macc $add$results/exp06/ppa/prefetch/cp_fetch_input.v:56$612.
  creating $alu model for $macc $add$results/exp06/ppa/prefetch/cp_fetch_input.v:56$603.
  creating $alu model for $macc $add$results/exp06/ppa/prefetch/cp_fetch_input.v:56$594.
  creating $alu model for $macc $add$results/exp06/ppa/prefetch/cp_fetch_input.v:56$585.
  creating $alu model for $macc $add$results/exp06/ppa/prefetch/cp_fetch_input.v:204$789.
  creating $alu model for $macc $add$results/exp06/ppa/prefetch/cp_fetch_input.v:202$716.
  creating $alu model for $macc $add$results/exp06/ppa/prefetch/cp_fetch_input.v:200$643.
  creating $alu model for $macc $add$results/exp06/ppa/prefetch/cp_fetch_input.v:198$570.
  creating $alu model for $macc $add$results/exp06/ppa/prefetch/cp_fetch_input.v:146$483.
  creating $alu model for $le$results/exp06/ppa/prefetch/cp_fetch_input.v:182$243 ($le): new $alu
  creating $alu model for $le$results/exp06/ppa/prefetch/cp_fetch_input.v:194$485 ($le): new $alu
  creating $alu model for $lt$results/exp06/ppa/prefetch/cp_fetch_input.v:54$572 ($lt): merged with $le$results/exp06/ppa/prefetch/cp_fetch_input.v:182$243.
  creating $alu model for $lt$results/exp06/ppa/prefetch/cp_fetch_input.v:54$581 ($lt): new $alu
  creating $alu model for $lt$results/exp06/ppa/prefetch/cp_fetch_input.v:54$590 ($lt): new $alu
  creating $alu model for $lt$results/exp06/ppa/prefetch/cp_fetch_input.v:54$599 ($lt): new $alu
  creating $alu model for $lt$results/exp06/ppa/prefetch/cp_fetch_input.v:54$608 ($lt): new $alu
  creating $alu model for $lt$results/exp06/ppa/prefetch/cp_fetch_input.v:54$617 ($lt): new $alu
  creating $alu model for $lt$results/exp06/ppa/prefetch/cp_fetch_input.v:54$626 ($lt): new $alu
  creating $alu model for $lt$results/exp06/ppa/prefetch/cp_fetch_input.v:54$635 ($lt): new $alu
  creating $alu model for $lt$results/exp06/ppa/prefetch/cp_fetch_input.v:54$645 ($lt): new $alu
  creating $alu model for $lt$results/exp06/ppa/prefetch/cp_fetch_input.v:54$654 ($lt): new $alu
  creating $alu model for $lt$results/exp06/ppa/prefetch/cp_fetch_input.v:54$663 ($lt): new $alu
  creating $alu model for $lt$results/exp06/ppa/prefetch/cp_fetch_input.v:54$672 ($lt): new $alu
  creating $alu model for $lt$results/exp06/ppa/prefetch/cp_fetch_input.v:54$681 ($lt): new $alu
  creating $alu model for $lt$results/exp06/ppa/prefetch/cp_fetch_input.v:54$690 ($lt): new $alu
  creating $alu model for $lt$results/exp06/ppa/prefetch/cp_fetch_input.v:54$699 ($lt): new $alu
  creating $alu model for $lt$results/exp06/ppa/prefetch/cp_fetch_input.v:54$708 ($lt): new $alu
  creating $alu model for $lt$results/exp06/ppa/prefetch/cp_fetch_input.v:54$718 ($lt): new $alu
  creating $alu model for $lt$results/exp06/ppa/prefetch/cp_fetch_input.v:54$727 ($lt): new $alu
  creating $alu model for $lt$results/exp06/ppa/prefetch/cp_fetch_input.v:54$736 ($lt): new $alu
  creating $alu model for $lt$results/exp06/ppa/prefetch/cp_fetch_input.v:54$745 ($lt): new $alu
  creating $alu model for $lt$results/exp06/ppa/prefetch/cp_fetch_input.v:54$754 ($lt): new $alu
  creating $alu model for $lt$results/exp06/ppa/prefetch/cp_fetch_input.v:54$763 ($lt): new $alu
  creating $alu model for $lt$results/exp06/ppa/prefetch/cp_fetch_input.v:54$772 ($lt): new $alu
  creating $alu model for $lt$results/exp06/ppa/prefetch/cp_fetch_input.v:54$781 ($lt): new $alu
  creating $alu model for $lt$results/exp06/ppa/prefetch/cp_fetch_input.v:54$792 ($lt): new $alu
  creating $alu model for $lt$results/exp06/ppa/prefetch/cp_fetch_input.v:54$801 ($lt): new $alu
  creating $alu model for $lt$results/exp06/ppa/prefetch/cp_fetch_input.v:54$810 ($lt): new $alu
  creating $alu model for $lt$results/exp06/ppa/prefetch/cp_fetch_input.v:54$819 ($lt): new $alu
  creating $alu model for $lt$results/exp06/ppa/prefetch/cp_fetch_input.v:54$828 ($lt): new $alu
  creating $alu model for $lt$results/exp06/ppa/prefetch/cp_fetch_input.v:54$837 ($lt): new $alu
  creating $alu model for $lt$results/exp06/ppa/prefetch/cp_fetch_input.v:54$846 ($lt): new $alu
  creating $alu model for $lt$results/exp06/ppa/prefetch/cp_fetch_input.v:54$855 ($lt): new $alu
  creating $alu model for $lt$results/exp06/ppa/prefetch/cp_fetch_input.v:72$350 ($lt): new $alu
  creating $alu model for $lt$results/exp06/ppa/prefetch/cp_fetch_input.v:75$359 ($lt): new $alu
  creating $alu model for $lt$results/exp06/ppa/prefetch/cp_fetch_input.v:78$368 ($lt): new $alu
  creating $alu model for $lt$results/exp06/ppa/prefetch/cp_fetch_input.v:81$377 ($lt): new $alu
  creating $alu cell for $lt$results/exp06/ppa/prefetch/cp_fetch_input.v:81$377: $auto$alumacc.cc:474:replace_alu$4380
  creating $alu cell for $lt$results/exp06/ppa/prefetch/cp_fetch_input.v:78$368: $auto$alumacc.cc:474:replace_alu$4393
  creating $alu cell for $lt$results/exp06/ppa/prefetch/cp_fetch_input.v:75$359: $auto$alumacc.cc:474:replace_alu$4406
  creating $alu cell for $lt$results/exp06/ppa/prefetch/cp_fetch_input.v:72$350: $auto$alumacc.cc:474:replace_alu$4419
  creating $alu cell for $lt$results/exp06/ppa/prefetch/cp_fetch_input.v:54$855: $auto$alumacc.cc:474:replace_alu$4432
  creating $alu cell for $lt$results/exp06/ppa/prefetch/cp_fetch_input.v:54$846: $auto$alumacc.cc:474:replace_alu$4445
  creating $alu cell for $lt$results/exp06/ppa/prefetch/cp_fetch_input.v:54$837: $auto$alumacc.cc:474:replace_alu$4458
  creating $alu cell for $lt$results/exp06/ppa/prefetch/cp_fetch_input.v:54$828: $auto$alumacc.cc:474:replace_alu$4471
  creating $alu cell for $lt$results/exp06/ppa/prefetch/cp_fetch_input.v:54$819: $auto$alumacc.cc:474:replace_alu$4484
  creating $alu cell for $lt$results/exp06/ppa/prefetch/cp_fetch_input.v:54$810: $auto$alumacc.cc:474:replace_alu$4497
  creating $alu cell for $lt$results/exp06/ppa/prefetch/cp_fetch_input.v:54$801: $auto$alumacc.cc:474:replace_alu$4510
  creating $alu cell for $lt$results/exp06/ppa/prefetch/cp_fetch_input.v:54$792: $auto$alumacc.cc:474:replace_alu$4523
  creating $alu cell for $lt$results/exp06/ppa/prefetch/cp_fetch_input.v:54$781: $auto$alumacc.cc:474:replace_alu$4536
  creating $alu cell for $lt$results/exp06/ppa/prefetch/cp_fetch_input.v:54$772: $auto$alumacc.cc:474:replace_alu$4549
  creating $alu cell for $lt$results/exp06/ppa/prefetch/cp_fetch_input.v:54$763: $auto$alumacc.cc:474:replace_alu$4562
  creating $alu cell for $lt$results/exp06/ppa/prefetch/cp_fetch_input.v:54$754: $auto$alumacc.cc:474:replace_alu$4575
  creating $alu cell for $lt$results/exp06/ppa/prefetch/cp_fetch_input.v:54$745: $auto$alumacc.cc:474:replace_alu$4588
  creating $alu cell for $lt$results/exp06/ppa/prefetch/cp_fetch_input.v:54$736: $auto$alumacc.cc:474:replace_alu$4601
  creating $alu cell for $lt$results/exp06/ppa/prefetch/cp_fetch_input.v:54$727: $auto$alumacc.cc:474:replace_alu$4614
  creating $alu cell for $lt$results/exp06/ppa/prefetch/cp_fetch_input.v:54$718: $auto$alumacc.cc:474:replace_alu$4627
  creating $alu cell for $lt$results/exp06/ppa/prefetch/cp_fetch_input.v:54$708: $auto$alumacc.cc:474:replace_alu$4634
  creating $alu cell for $lt$results/exp06/ppa/prefetch/cp_fetch_input.v:54$699: $auto$alumacc.cc:474:replace_alu$4647
  creating $alu cell for $lt$results/exp06/ppa/prefetch/cp_fetch_input.v:54$690: $auto$alumacc.cc:474:replace_alu$4660
  creating $alu cell for $lt$results/exp06/ppa/prefetch/cp_fetch_input.v:54$681: $auto$alumacc.cc:474:replace_alu$4673
  creating $alu cell for $lt$results/exp06/ppa/prefetch/cp_fetch_input.v:54$672: $auto$alumacc.cc:474:replace_alu$4686
  creating $alu cell for $lt$results/exp06/ppa/prefetch/cp_fetch_input.v:54$663: $auto$alumacc.cc:474:replace_alu$4699
  creating $alu cell for $lt$results/exp06/ppa/prefetch/cp_fetch_input.v:54$654: $auto$alumacc.cc:474:replace_alu$4712
  creating $alu cell for $lt$results/exp06/ppa/prefetch/cp_fetch_input.v:54$645: $auto$alumacc.cc:474:replace_alu$4725
  creating $alu cell for $lt$results/exp06/ppa/prefetch/cp_fetch_input.v:54$635: $auto$alumacc.cc:474:replace_alu$4732
  creating $alu cell for $lt$results/exp06/ppa/prefetch/cp_fetch_input.v:54$626: $auto$alumacc.cc:474:replace_alu$4745
  creating $alu cell for $lt$results/exp06/ppa/prefetch/cp_fetch_input.v:54$617: $auto$alumacc.cc:474:replace_alu$4758
  creating $alu cell for $lt$results/exp06/ppa/prefetch/cp_fetch_input.v:54$608: $auto$alumacc.cc:474:replace_alu$4771
  creating $alu cell for $lt$results/exp06/ppa/prefetch/cp_fetch_input.v:54$599: $auto$alumacc.cc:474:replace_alu$4784
  creating $alu cell for $lt$results/exp06/ppa/prefetch/cp_fetch_input.v:54$590: $auto$alumacc.cc:474:replace_alu$4797
  creating $alu cell for $lt$results/exp06/ppa/prefetch/cp_fetch_input.v:54$581: $auto$alumacc.cc:474:replace_alu$4810
  creating $alu cell for $le$results/exp06/ppa/prefetch/cp_fetch_input.v:194$485: $auto$alumacc.cc:474:replace_alu$4823
  creating $alu cell for $le$results/exp06/ppa/prefetch/cp_fetch_input.v:182$243, $lt$results/exp06/ppa/prefetch/cp_fetch_input.v:54$572: $auto$alumacc.cc:474:replace_alu$4834
  creating $alu cell for $add$results/exp06/ppa/prefetch/cp_fetch_input.v:146$483: $auto$alumacc.cc:474:replace_alu$4845
  creating $alu cell for $add$results/exp06/ppa/prefetch/cp_fetch_input.v:198$570: $auto$alumacc.cc:474:replace_alu$4848
  creating $alu cell for $add$results/exp06/ppa/prefetch/cp_fetch_input.v:200$643: $auto$alumacc.cc:474:replace_alu$4851
  creating $alu cell for $add$results/exp06/ppa/prefetch/cp_fetch_input.v:202$716: $auto$alumacc.cc:474:replace_alu$4854
  creating $alu cell for $add$results/exp06/ppa/prefetch/cp_fetch_input.v:204$789: $auto$alumacc.cc:474:replace_alu$4857
  creating $alu cell for $add$results/exp06/ppa/prefetch/cp_fetch_input.v:56$585: $auto$alumacc.cc:474:replace_alu$4860
  creating $alu cell for $add$results/exp06/ppa/prefetch/cp_fetch_input.v:56$594: $auto$alumacc.cc:474:replace_alu$4863
  creating $alu cell for $add$results/exp06/ppa/prefetch/cp_fetch_input.v:56$603: $auto$alumacc.cc:474:replace_alu$4866
  creating $alu cell for $add$results/exp06/ppa/prefetch/cp_fetch_input.v:56$612: $auto$alumacc.cc:474:replace_alu$4869
  creating $alu cell for $add$results/exp06/ppa/prefetch/cp_fetch_input.v:56$621: $auto$alumacc.cc:474:replace_alu$4872
  creating $alu cell for $add$results/exp06/ppa/prefetch/cp_fetch_input.v:56$630: $auto$alumacc.cc:474:replace_alu$4875
  creating $alu cell for $add$results/exp06/ppa/prefetch/cp_fetch_input.v:56$639: $auto$alumacc.cc:474:replace_alu$4878
  creating $alu cell for $add$results/exp06/ppa/prefetch/cp_fetch_input.v:56$658: $auto$alumacc.cc:474:replace_alu$4881
  creating $alu cell for $add$results/exp06/ppa/prefetch/cp_fetch_input.v:56$667: $auto$alumacc.cc:474:replace_alu$4884
  creating $alu cell for $add$results/exp06/ppa/prefetch/cp_fetch_input.v:56$676: $auto$alumacc.cc:474:replace_alu$4887
  creating $alu cell for $add$results/exp06/ppa/prefetch/cp_fetch_input.v:56$685: $auto$alumacc.cc:474:replace_alu$4890
  creating $alu cell for $add$results/exp06/ppa/prefetch/cp_fetch_input.v:56$694: $auto$alumacc.cc:474:replace_alu$4893
  creating $alu cell for $add$results/exp06/ppa/prefetch/cp_fetch_input.v:56$703: $auto$alumacc.cc:474:replace_alu$4896
  creating $alu cell for $add$results/exp06/ppa/prefetch/cp_fetch_input.v:56$712: $auto$alumacc.cc:474:replace_alu$4899
  creating $alu cell for $add$results/exp06/ppa/prefetch/cp_fetch_input.v:56$731: $auto$alumacc.cc:474:replace_alu$4902
  creating $alu cell for $add$results/exp06/ppa/prefetch/cp_fetch_input.v:56$740: $auto$alumacc.cc:474:replace_alu$4905
  creating $alu cell for $add$results/exp06/ppa/prefetch/cp_fetch_input.v:56$749: $auto$alumacc.cc:474:replace_alu$4908
  creating $alu cell for $add$results/exp06/ppa/prefetch/cp_fetch_input.v:56$758: $auto$alumacc.cc:474:replace_alu$4911
  creating $alu cell for $add$results/exp06/ppa/prefetch/cp_fetch_input.v:56$767: $auto$alumacc.cc:474:replace_alu$4914
  creating $alu cell for $add$results/exp06/ppa/prefetch/cp_fetch_input.v:56$776: $auto$alumacc.cc:474:replace_alu$4917
  creating $alu cell for $add$results/exp06/ppa/prefetch/cp_fetch_input.v:56$785: $auto$alumacc.cc:474:replace_alu$4920
  creating $alu cell for $add$results/exp06/ppa/prefetch/cp_fetch_input.v:56$805: $auto$alumacc.cc:474:replace_alu$4923
  creating $alu cell for $add$results/exp06/ppa/prefetch/cp_fetch_input.v:56$814: $auto$alumacc.cc:474:replace_alu$4926
  creating $alu cell for $add$results/exp06/ppa/prefetch/cp_fetch_input.v:56$823: $auto$alumacc.cc:474:replace_alu$4929
  creating $alu cell for $add$results/exp06/ppa/prefetch/cp_fetch_input.v:56$832: $auto$alumacc.cc:474:replace_alu$4932
  creating $alu cell for $add$results/exp06/ppa/prefetch/cp_fetch_input.v:56$841: $auto$alumacc.cc:474:replace_alu$4935
  creating $alu cell for $add$results/exp06/ppa/prefetch/cp_fetch_input.v:56$850: $auto$alumacc.cc:474:replace_alu$4938
  creating $alu cell for $add$results/exp06/ppa/prefetch/cp_fetch_input.v:56$859: $auto$alumacc.cc:474:replace_alu$4941
  creating $alu cell for $add$results/exp06/ppa/prefetch/cp_fetch_input.v:77$363: $auto$alumacc.cc:474:replace_alu$4944
  creating $alu cell for $add$results/exp06/ppa/prefetch/cp_fetch_input.v:80$372: $auto$alumacc.cc:474:replace_alu$4947
  creating $alu cell for $add$results/exp06/ppa/prefetch/cp_fetch_input.v:83$381: $auto$alumacc.cc:474:replace_alu$4950
  creating $alu cell for $sub$results/exp06/ppa/prefetch/cp_fetch_input.v:204$790: $auto$alumacc.cc:474:replace_alu$4953
  created 74 $alu and 0 $macc cells.

14. Executing WREDUCE pass (reducing word size of cells).
Removed top 48 bits (of 64) from port B of cell VX_cp_fetch_top.$and$results/exp06/ppa/prefetch/cp_fetch_input.v:508$11 ($and).
Removed cell VX_cp_fetch_top.$procmux$4103 ($mux).
Removed cell VX_cp_fetch_top.$procmux$4098 ($mux).
Removed cell VX_cp_fetch_top.$procmux$4101 ($mux).
Removed cell VX_cp_fetch_top.$procmux$4106 ($mux).
Removed top 1 bits (of 2) from port B of cell VX_cp_fetch_top.$procmux$4118_CMP0 ($eq).
Removed top 1 bits (of 2) from port B of cell VX_cp_fetch_top.$procmux$4125_CMP0 ($eq).
Removed top 21 bits (of 32) from port B of cell VX_cp_unpack.$shiftx$results/exp06/ppa/prefetch/cp_fetch_input.v:35$357 ($shiftx).
Removed top 28 bits (of 32) from mux cell VX_cp_unpack.$ternary$results/exp06/ppa/prefetch/cp_fetch_input.v:146$482 ($mux).
Removed top 27 bits (of 32) from mux cell VX_cp_unpack.$procmux$3085 ($pmux).
Removed top 5 bits (of 8) from port B of cell VX_cp_unpack.$procmux$3667_CMP7 ($eq).
Removed top 7 bits (of 8) from port B of cell VX_cp_unpack.$procmux$3667_CMP1 ($eq).
Removed top 6 bits (of 8) from port B of cell VX_cp_unpack.$procmux$3667_CMP2 ($eq).
Removed top 6 bits (of 8) from port B of cell VX_cp_unpack.$procmux$3667_CMP3 ($eq).
Removed top 5 bits (of 8) from port B of cell VX_cp_unpack.$procmux$3667_CMP4 ($eq).
Removed top 5 bits (of 8) from port B of cell VX_cp_unpack.$procmux$3667_CMP5 ($eq).
Removed top 5 bits (of 8) from port B of cell VX_cp_unpack.$procmux$3667_CMP6 ($eq).
Removed top 4 bits (of 8) from port B of cell VX_cp_unpack.$procmux$3667_CMP8 ($eq).
Removed top 4 bits (of 8) from port B of cell VX_cp_unpack.$procmux$3667_CMP9 ($eq).
Removed top 4 bits (of 8) from port B of cell VX_cp_unpack.$procmux$3667_CMP10 ($eq).
Removed top 27 bits (of 32) from wire VX_cp_unpack.$3$func$\VX_cp_pkg_cmd_size_bytes$results/exp06/ppa/prefetch/cp_fetch_input.v:192$62$\base[31:0]$481.
Removed top 28 bits (of 32) from wire VX_cp_unpack.$ternary$results/exp06/ppa/prefetch/cp_fetch_input.v:146$482_Y.

15. Executing SHARE pass (SAT-based resource sharing).

16. Executing OPT pass (performing simple optimizations).

16.1. Executing OPT_EXPR pass (perform const folding).
Optimizing module VX_cp_fetch_top.
Optimizing module VX_cp_unpack.
<suppressed ~33 debug messages>

16.2. Executing OPT_MERGE pass (detect identical cells).
Finding identical cells in module `\VX_cp_fetch_top'.
Finding identical cells in module `\VX_cp_unpack'.
Removed a total of 0 cells.

16.3. Executing OPT_MUXTREE pass (detect dead branches in mux trees).
Running muxtree optimizer on module \VX_cp_fetch_top..
  Creating internal representation of mux trees.
  Evaluating internal representation of mux trees.
  Analyzing evaluation results.
Running muxtree optimizer on module \VX_cp_unpack..
  Creating internal representation of mux trees.
  Evaluating internal representation of mux trees.
  Analyzing evaluation results.
Removed 0 multiplexer ports.
<suppressed ~19 debug messages>

16.4. Executing OPT_REDUCE pass (consolidate $*mux and $reduce_* inputs).
  Optimizing cells in module \VX_cp_fetch_top.
  Optimizing cells in module \VX_cp_unpack.
    New input vector for $reduce_and cell $auto$alumacc.cc:64:get_eq$4841: { $auto$alumacc.cc:490:replace_alu$4835 [0] $auto$alumacc.cc:490:replace_alu$4835 [1] $auto$alumacc.cc:490:replace_alu$4835 [2] $auto$alumacc.cc:490:replace_alu$4835 [3] $auto$alumacc.cc:490:replace_alu$4835 [4] $auto$alumacc.cc:490:replace_alu$4835 [5] $auto$alumacc.cc:490:replace_alu$4835 [6] $auto$alumacc.cc:490:replace_alu$4835 [7] $auto$alumacc.cc:490:replace_alu$4835 [8] $auto$alumacc.cc:490:replace_alu$4835 [9] $auto$alumacc.cc:490:replace_alu$4835 [10] $auto$alumacc.cc:490:replace_alu$4835 [11] $auto$alumacc.cc:490:replace_alu$4835 [12] $auto$alumacc.cc:490:replace_alu$4835 [13] $auto$alumacc.cc:490:replace_alu$4835 [14] $auto$alumacc.cc:490:replace_alu$4835 [15] $auto$alumacc.cc:490:replace_alu$4835 [16] $auto$alumacc.cc:490:replace_alu$4835 [17] $auto$alumacc.cc:490:replace_alu$4835 [18] $auto$alumacc.cc:490:replace_alu$4835 [19] $auto$alumacc.cc:490:replace_alu$4835 [20] $auto$alumacc.cc:490:replace_alu$4835 [21] $auto$alumacc.cc:490:replace_alu$4835 [22] $auto$alumacc.cc:490:replace_alu$4835 [23] $auto$alumacc.cc:490:replace_alu$4835 [24] $auto$alumacc.cc:490:replace_alu$4835 [25] $auto$alumacc.cc:490:replace_alu$4835 [26] $auto$alumacc.cc:490:replace_alu$4835 [27] $auto$alumacc.cc:490:replace_alu$4835 [28] $auto$alumacc.cc:490:replace_alu$4835 [29] $auto$alumacc.cc:490:replace_alu$4835 [30] $auto$alumacc.cc:490:replace_alu$4835 [31] }
    New input vector for $reduce_and cell $auto$alumacc.cc:64:get_eq$4383: { $auto$alumacc.cc:490:replace_alu$4381 [0] $auto$alumacc.cc:490:replace_alu$4381 [1] $auto$alumacc.cc:490:replace_alu$4381 [2] $auto$alumacc.cc:490:replace_alu$4381 [3] $auto$alumacc.cc:490:replace_alu$4381 [4] $auto$alumacc.cc:490:replace_alu$4381 [5] $auto$alumacc.cc:490:replace_alu$4381 [6] $auto$alumacc.cc:490:replace_alu$4381 [7] $auto$alumacc.cc:490:replace_alu$4381 [8] $auto$alumacc.cc:490:replace_alu$4381 [9] $auto$alumacc.cc:490:replace_alu$4381 [10] $auto$alumacc.cc:490:replace_alu$4381 [11] $auto$alumacc.cc:490:replace_alu$4381 [12] $auto$alumacc.cc:490:replace_alu$4381 [13] $auto$alumacc.cc:490:replace_alu$4381 [14] $auto$alumacc.cc:490:replace_alu$4381 [15] $auto$alumacc.cc:490:replace_alu$4381 [16] $auto$alumacc.cc:490:replace_alu$4381 [17] $auto$alumacc.cc:490:replace_alu$4381 [18] $auto$alumacc.cc:490:replace_alu$4381 [19] $auto$alumacc.cc:490:replace_alu$4381 [20] $auto$alumacc.cc:490:replace_alu$4381 [21] $auto$alumacc.cc:490:replace_alu$4381 [22] $auto$alumacc.cc:490:replace_alu$4381 [23] $auto$alumacc.cc:490:replace_alu$4381 [24] $auto$alumacc.cc:490:replace_alu$4381 [25] $auto$alumacc.cc:490:replace_alu$4381 [26] $auto$alumacc.cc:490:replace_alu$4381 [27] $auto$alumacc.cc:490:replace_alu$4381 [28] $auto$alumacc.cc:490:replace_alu$4381 [29] $auto$alumacc.cc:490:replace_alu$4381 [30] $auto$alumacc.cc:490:replace_alu$4381 [31] }
    New input vector for $reduce_and cell $auto$alumacc.cc:64:get_eq$4396: { $auto$alumacc.cc:490:replace_alu$4394 [0] $auto$alumacc.cc:490:replace_alu$4394 [1] $auto$alumacc.cc:490:replace_alu$4394 [2] $auto$alumacc.cc:490:replace_alu$4394 [3] $auto$alumacc.cc:490:replace_alu$4394 [4] $auto$alumacc.cc:490:replace_alu$4394 [5] $auto$alumacc.cc:490:replace_alu$4394 [6] $auto$alumacc.cc:490:replace_alu$4394 [7] $auto$alumacc.cc:490:replace_alu$4394 [8] $auto$alumacc.cc:490:replace_alu$4394 [9] $auto$alumacc.cc:490:replace_alu$4394 [10] $auto$alumacc.cc:490:replace_alu$4394 [11] $auto$alumacc.cc:490:replace_alu$4394 [12] $auto$alumacc.cc:490:replace_alu$4394 [13] $auto$alumacc.cc:490:replace_alu$4394 [14] $auto$alumacc.cc:490:replace_alu$4394 [15] $auto$alumacc.cc:490:replace_alu$4394 [16] $auto$alumacc.cc:490:replace_alu$4394 [17] $auto$alumacc.cc:490:replace_alu$4394 [18] $auto$alumacc.cc:490:replace_alu$4394 [19] $auto$alumacc.cc:490:replace_alu$4394 [20] $auto$alumacc.cc:490:replace_alu$4394 [21] $auto$alumacc.cc:490:replace_alu$4394 [22] $auto$alumacc.cc:490:replace_alu$4394 [23] $auto$alumacc.cc:490:replace_alu$4394 [24] $auto$alumacc.cc:490:replace_alu$4394 [25] $auto$alumacc.cc:490:replace_alu$4394 [26] $auto$alumacc.cc:490:replace_alu$4394 [27] $auto$alumacc.cc:490:replace_alu$4394 [28] $auto$alumacc.cc:490:replace_alu$4394 [29] $auto$alumacc.cc:490:replace_alu$4394 [30] $auto$alumacc.cc:490:replace_alu$4394 [31] }
    New input vector for $reduce_and cell $auto$alumacc.cc:64:get_eq$4409: { $auto$alumacc.cc:490:replace_alu$4407 [0] $auto$alumacc.cc:490:replace_alu$4407 [1] $auto$alumacc.cc:490:replace_alu$4407 [2] $auto$alumacc.cc:490:replace_alu$4407 [3] $auto$alumacc.cc:490:replace_alu$4407 [4] $auto$alumacc.cc:490:replace_alu$4407 [5] $auto$alumacc.cc:490:replace_alu$4407 [6] $auto$alumacc.cc:490:replace_alu$4407 [7] $auto$alumacc.cc:490:replace_alu$4407 [8] $auto$alumacc.cc:490:replace_alu$4407 [9] $auto$alumacc.cc:490:replace_alu$4407 [10] $auto$alumacc.cc:490:replace_alu$4407 [11] $auto$alumacc.cc:490:replace_alu$4407 [12] $auto$alumacc.cc:490:replace_alu$4407 [13] $auto$alumacc.cc:490:replace_alu$4407 [14] $auto$alumacc.cc:490:replace_alu$4407 [15] $auto$alumacc.cc:490:replace_alu$4407 [16] $auto$alumacc.cc:490:replace_alu$4407 [17] $auto$alumacc.cc:490:replace_alu$4407 [18] $auto$alumacc.cc:490:replace_alu$4407 [19] $auto$alumacc.cc:490:replace_alu$4407 [20] $auto$alumacc.cc:490:replace_alu$4407 [21] $auto$alumacc.cc:490:replace_alu$4407 [22] $auto$alumacc.cc:490:replace_alu$4407 [23] $auto$alumacc.cc:490:replace_alu$4407 [24] $auto$alumacc.cc:490:replace_alu$4407 [25] $auto$alumacc.cc:490:replace_alu$4407 [26] $auto$alumacc.cc:490:replace_alu$4407 [27] $auto$alumacc.cc:490:replace_alu$4407 [28] $auto$alumacc.cc:490:replace_alu$4407 [29] $auto$alumacc.cc:490:replace_alu$4407 [30] $auto$alumacc.cc:490:replace_alu$4407 [31] }
    New input vector for $reduce_and cell $auto$alumacc.cc:64:get_eq$4422: { $auto$alumacc.cc:490:replace_alu$4420 [0] $auto$alumacc.cc:490:replace_alu$4420 [1] $auto$alumacc.cc:490:replace_alu$4420 [2] $auto$alumacc.cc:490:replace_alu$4420 [3] $auto$alumacc.cc:490:replace_alu$4420 [4] $auto$alumacc.cc:490:replace_alu$4420 [5] $auto$alumacc.cc:490:replace_alu$4420 [6] $auto$alumacc.cc:490:replace_alu$4420 [7] $auto$alumacc.cc:490:replace_alu$4420 [8] $auto$alumacc.cc:490:replace_alu$4420 [9] $auto$alumacc.cc:490:replace_alu$4420 [10] $auto$alumacc.cc:490:replace_alu$4420 [11] $auto$alumacc.cc:490:replace_alu$4420 [12] $auto$alumacc.cc:490:replace_alu$4420 [13] $auto$alumacc.cc:490:replace_alu$4420 [14] $auto$alumacc.cc:490:replace_alu$4420 [15] $auto$alumacc.cc:490:replace_alu$4420 [16] $auto$alumacc.cc:490:replace_alu$4420 [17] $auto$alumacc.cc:490:replace_alu$4420 [18] $auto$alumacc.cc:490:replace_alu$4420 [19] $auto$alumacc.cc:490:replace_alu$4420 [20] $auto$alumacc.cc:490:replace_alu$4420 [21] $auto$alumacc.cc:490:replace_alu$4420 [22] $auto$alumacc.cc:490:replace_alu$4420 [23] $auto$alumacc.cc:490:replace_alu$4420 [24] $auto$alumacc.cc:490:replace_alu$4420 [25] $auto$alumacc.cc:490:replace_alu$4420 [26] $auto$alumacc.cc:490:replace_alu$4420 [27] $auto$alumacc.cc:490:replace_alu$4420 [28] $auto$alumacc.cc:490:replace_alu$4420 [29] $auto$alumacc.cc:490:replace_alu$4420 [30] $auto$alumacc.cc:490:replace_alu$4420 [31] }
    New input vector for $reduce_and cell $auto$alumacc.cc:64:get_eq$4435: { $auto$alumacc.cc:490:replace_alu$4433 [0] $auto$alumacc.cc:490:replace_alu$4433 [1] $auto$alumacc.cc:490:replace_alu$4433 [2] $auto$alumacc.cc:490:replace_alu$4433 [3] $auto$alumacc.cc:490:replace_alu$4433 [4] $auto$alumacc.cc:490:replace_alu$4433 [5] $auto$alumacc.cc:490:replace_alu$4433 [6] $auto$alumacc.cc:490:replace_alu$4433 [7] $auto$alumacc.cc:490:replace_alu$4433 [8] $auto$alumacc.cc:490:replace_alu$4433 [9] $auto$alumacc.cc:490:replace_alu$4433 [10] $auto$alumacc.cc:490:replace_alu$4433 [11] $auto$alumacc.cc:490:replace_alu$4433 [12] $auto$alumacc.cc:490:replace_alu$4433 [13] $auto$alumacc.cc:490:replace_alu$4433 [14] $auto$alumacc.cc:490:replace_alu$4433 [15] $auto$alumacc.cc:490:replace_alu$4433 [16] $auto$alumacc.cc:490:replace_alu$4433 [17] $auto$alumacc.cc:490:replace_alu$4433 [18] $auto$alumacc.cc:490:replace_alu$4433 [19] $auto$alumacc.cc:490:replace_alu$4433 [20] $auto$alumacc.cc:490:replace_alu$4433 [21] $auto$alumacc.cc:490:replace_alu$4433 [22] $auto$alumacc.cc:490:replace_alu$4433 [23] $auto$alumacc.cc:490:replace_alu$4433 [24] $auto$alumacc.cc:490:replace_alu$4433 [25] $auto$alumacc.cc:490:replace_alu$4433 [26] $auto$alumacc.cc:490:replace_alu$4433 [27] $auto$alumacc.cc:490:replace_alu$4433 [28] $auto$alumacc.cc:490:replace_alu$4433 [29] $auto$alumacc.cc:490:replace_alu$4433 [30] $auto$alumacc.cc:490:replace_alu$4433 [31] }
    New input vector for $reduce_and cell $auto$alumacc.cc:64:get_eq$4448: { $auto$alumacc.cc:490:replace_alu$4446 [0] $auto$alumacc.cc:490:replace_alu$4446 [1] $auto$alumacc.cc:490:replace_alu$4446 [2] $auto$alumacc.cc:490:replace_alu$4446 [3] $auto$alumacc.cc:490:replace_alu$4446 [4] $auto$alumacc.cc:490:replace_alu$4446 [5] $auto$alumacc.cc:490:replace_alu$4446 [6] $auto$alumacc.cc:490:replace_alu$4446 [7] $auto$alumacc.cc:490:replace_alu$4446 [8] $auto$alumacc.cc:490:replace_alu$4446 [9] $auto$alumacc.cc:490:replace_alu$4446 [10] $auto$alumacc.cc:490:replace_alu$4446 [11] $auto$alumacc.cc:490:replace_alu$4446 [12] $auto$alumacc.cc:490:replace_alu$4446 [13] $auto$alumacc.cc:490:replace_alu$4446 [14] $auto$alumacc.cc:490:replace_alu$4446 [15] $auto$alumacc.cc:490:replace_alu$4446 [16] $auto$alumacc.cc:490:replace_alu$4446 [17] $auto$alumacc.cc:490:replace_alu$4446 [18] $auto$alumacc.cc:490:replace_alu$4446 [19] $auto$alumacc.cc:490:replace_alu$4446 [20] $auto$alumacc.cc:490:replace_alu$4446 [21] $auto$alumacc.cc:490:replace_alu$4446 [22] $auto$alumacc.cc:490:replace_alu$4446 [23] $auto$alumacc.cc:490:replace_alu$4446 [24] $auto$alumacc.cc:490:replace_alu$4446 [25] $auto$alumacc.cc:490:replace_alu$4446 [26] $auto$alumacc.cc:490:replace_alu$4446 [27] $auto$alumacc.cc:490:replace_alu$4446 [28] $auto$alumacc.cc:490:replace_alu$4446 [29] $auto$alumacc.cc:490:replace_alu$4446 [30] $auto$alumacc.cc:490:replace_alu$4446 [31] }
    New input vector for $reduce_and cell $auto$alumacc.cc:64:get_eq$4461: { $auto$alumacc.cc:490:replace_alu$4459 [0] $auto$alumacc.cc:490:replace_alu$4459 [1] $auto$alumacc.cc:490:replace_alu$4459 [2] $auto$alumacc.cc:490:replace_alu$4459 [3] $auto$alumacc.cc:490:replace_alu$4459 [4] $auto$alumacc.cc:490:replace_alu$4459 [5] $auto$alumacc.cc:490:replace_alu$4459 [6] $auto$alumacc.cc:490:replace_alu$4459 [7] $auto$alumacc.cc:490:replace_alu$4459 [8] $auto$alumacc.cc:490:replace_alu$4459 [9] $auto$alumacc.cc:490:replace_alu$4459 [10] $auto$alumacc.cc:490:replace_alu$4459 [11] $auto$alumacc.cc:490:replace_alu$4459 [12] $auto$alumacc.cc:490:replace_alu$4459 [13] $auto$alumacc.cc:490:replace_alu$4459 [14] $auto$alumacc.cc:490:replace_alu$4459 [15] $auto$alumacc.cc:490:replace_alu$4459 [16] $auto$alumacc.cc:490:replace_alu$4459 [17] $auto$alumacc.cc:490:replace_alu$4459 [18] $auto$alumacc.cc:490:replace_alu$4459 [19] $auto$alumacc.cc:490:replace_alu$4459 [20] $auto$alumacc.cc:490:replace_alu$4459 [21] $auto$alumacc.cc:490:replace_alu$4459 [22] $auto$alumacc.cc:490:replace_alu$4459 [23] $auto$alumacc.cc:490:replace_alu$4459 [24] $auto$alumacc.cc:490:replace_alu$4459 [25] $auto$alumacc.cc:490:replace_alu$4459 [26] $auto$alumacc.cc:490:replace_alu$4459 [27] $auto$alumacc.cc:490:replace_alu$4459 [28] $auto$alumacc.cc:490:replace_alu$4459 [29] $auto$alumacc.cc:490:replace_alu$4459 [30] $auto$alumacc.cc:490:replace_alu$4459 [31] }
    New input vector for $reduce_and cell $auto$alumacc.cc:64:get_eq$4474: { $auto$alumacc.cc:490:replace_alu$4472 [0] $auto$alumacc.cc:490:replace_alu$4472 [1] $auto$alumacc.cc:490:replace_alu$4472 [2] $auto$alumacc.cc:490:replace_alu$4472 [3] $auto$alumacc.cc:490:replace_alu$4472 [4] $auto$alumacc.cc:490:replace_alu$4472 [5] $auto$alumacc.cc:490:replace_alu$4472 [6] $auto$alumacc.cc:490:replace_alu$4472 [7] $auto$alumacc.cc:490:replace_alu$4472 [8] $auto$alumacc.cc:490:replace_alu$4472 [9] $auto$alumacc.cc:490:replace_alu$4472 [10] $auto$alumacc.cc:490:replace_alu$4472 [11] $auto$alumacc.cc:490:replace_alu$4472 [12] $auto$alumacc.cc:490:replace_alu$4472 [13] $auto$alumacc.cc:490:replace_alu$4472 [14] $auto$alumacc.cc:490:replace_alu$4472 [15] $auto$alumacc.cc:490:replace_alu$4472 [16] $auto$alumacc.cc:490:replace_alu$4472 [17] $auto$alumacc.cc:490:replace_alu$4472 [18] $auto$alumacc.cc:490:replace_alu$4472 [19] $auto$alumacc.cc:490:replace_alu$4472 [20] $auto$alumacc.cc:490:replace_alu$4472 [21] $auto$alumacc.cc:490:replace_alu$4472 [22] $auto$alumacc.cc:490:replace_alu$4472 [23] $auto$alumacc.cc:490:replace_alu$4472 [24] $auto$alumacc.cc:490:replace_alu$4472 [25] $auto$alumacc.cc:490:replace_alu$4472 [26] $auto$alumacc.cc:490:replace_alu$4472 [27] $auto$alumacc.cc:490:replace_alu$4472 [28] $auto$alumacc.cc:490:replace_alu$4472 [29] $auto$alumacc.cc:490:replace_alu$4472 [30] $auto$alumacc.cc:490:replace_alu$4472 [31] }
    New input vector for $reduce_and cell $auto$alumacc.cc:64:get_eq$4487: { $auto$alumacc.cc:490:replace_alu$4485 [0] $auto$alumacc.cc:490:replace_alu$4485 [1] $auto$alumacc.cc:490:replace_alu$4485 [2] $auto$alumacc.cc:490:replace_alu$4485 [3] $auto$alumacc.cc:490:replace_alu$4485 [4] $auto$alumacc.cc:490:replace_alu$4485 [5] $auto$alumacc.cc:490:replace_alu$4485 [6] $auto$alumacc.cc:490:replace_alu$4485 [7] $auto$alumacc.cc:490:replace_alu$4485 [8] $auto$alumacc.cc:490:replace_alu$4485 [9] $auto$alumacc.cc:490:replace_alu$4485 [10] $auto$alumacc.cc:490:replace_alu$4485 [11] $auto$alumacc.cc:490:replace_alu$4485 [12] $auto$alumacc.cc:490:replace_alu$4485 [13] $auto$alumacc.cc:490:replace_alu$4485 [14] $auto$alumacc.cc:490:replace_alu$4485 [15] $auto$alumacc.cc:490:replace_alu$4485 [16] $auto$alumacc.cc:490:replace_alu$4485 [17] $auto$alumacc.cc:490:replace_alu$4485 [18] $auto$alumacc.cc:490:replace_alu$4485 [19] $auto$alumacc.cc:490:replace_alu$4485 [20] $auto$alumacc.cc:490:replace_alu$4485 [21] $auto$alumacc.cc:490:replace_alu$4485 [22] $auto$alumacc.cc:490:replace_alu$4485 [23] $auto$alumacc.cc:490:replace_alu$4485 [24] $auto$alumacc.cc:490:replace_alu$4485 [25] $auto$alumacc.cc:490:replace_alu$4485 [26] $auto$alumacc.cc:490:replace_alu$4485 [27] $auto$alumacc.cc:490:replace_alu$4485 [28] $auto$alumacc.cc:490:replace_alu$4485 [29] $auto$alumacc.cc:490:replace_alu$4485 [30] $auto$alumacc.cc:490:replace_alu$4485 [31] }
    New input vector for $reduce_and cell $auto$alumacc.cc:64:get_eq$4500: { $auto$alumacc.cc:490:replace_alu$4498 [0] $auto$alumacc.cc:490:replace_alu$4498 [1] $auto$alumacc.cc:490:replace_alu$4498 [2] $auto$alumacc.cc:490:replace_alu$4498 [3] $auto$alumacc.cc:490:replace_alu$4498 [4] $auto$alumacc.cc:490:replace_alu$4498 [5] $auto$alumacc.cc:490:replace_alu$4498 [6] $auto$alumacc.cc:490:replace_alu$4498 [7] $auto$alumacc.cc:490:replace_alu$4498 [8] $auto$alumacc.cc:490:replace_alu$4498 [9] $auto$alumacc.cc:490:replace_alu$4498 [10] $auto$alumacc.cc:490:replace_alu$4498 [11] $auto$alumacc.cc:490:replace_alu$4498 [12] $auto$alumacc.cc:490:replace_alu$4498 [13] $auto$alumacc.cc:490:replace_alu$4498 [14] $auto$alumacc.cc:490:replace_alu$4498 [15] $auto$alumacc.cc:490:replace_alu$4498 [16] $auto$alumacc.cc:490:replace_alu$4498 [17] $auto$alumacc.cc:490:replace_alu$4498 [18] $auto$alumacc.cc:490:replace_alu$4498 [19] $auto$alumacc.cc:490:replace_alu$4498 [20] $auto$alumacc.cc:490:replace_alu$4498 [21] $auto$alumacc.cc:490:replace_alu$4498 [22] $auto$alumacc.cc:490:replace_alu$4498 [23] $auto$alumacc.cc:490:replace_alu$4498 [24] $auto$alumacc.cc:490:replace_alu$4498 [25] $auto$alumacc.cc:490:replace_alu$4498 [26] $auto$alumacc.cc:490:replace_alu$4498 [27] $auto$alumacc.cc:490:replace_alu$4498 [28] $auto$alumacc.cc:490:replace_alu$4498 [29] $auto$alumacc.cc:490:replace_alu$4498 [30] $auto$alumacc.cc:490:replace_alu$4498 [31] }
    New input vector for $reduce_and cell $auto$alumacc.cc:64:get_eq$4513: { $auto$alumacc.cc:490:replace_alu$4511 [0] $auto$alumacc.cc:490:replace_alu$4511 [1] $auto$alumacc.cc:490:replace_alu$4511 [2] $auto$alumacc.cc:490:replace_alu$4511 [3] $auto$alumacc.cc:490:replace_alu$4511 [4] $auto$alumacc.cc:490:replace_alu$4511 [5] $auto$alumacc.cc:490:replace_alu$4511 [6] $auto$alumacc.cc:490:replace_alu$4511 [7] $auto$alumacc.cc:490:replace_alu$4511 [8] $auto$alumacc.cc:490:replace_alu$4511 [9] $auto$alumacc.cc:490:replace_alu$4511 [10] $auto$alumacc.cc:490:replace_alu$4511 [11] $auto$alumacc.cc:490:replace_alu$4511 [12] $auto$alumacc.cc:490:replace_alu$4511 [13] $auto$alumacc.cc:490:replace_alu$4511 [14] $auto$alumacc.cc:490:replace_alu$4511 [15] $auto$alumacc.cc:490:replace_alu$4511 [16] $auto$alumacc.cc:490:replace_alu$4511 [17] $auto$alumacc.cc:490:replace_alu$4511 [18] $auto$alumacc.cc:490:replace_alu$4511 [19] $auto$alumacc.cc:490:replace_alu$4511 [20] $auto$alumacc.cc:490:replace_alu$4511 [21] $auto$alumacc.cc:490:replace_alu$4511 [22] $auto$alumacc.cc:490:replace_alu$4511 [23] $auto$alumacc.cc:490:replace_alu$4511 [24] $auto$alumacc.cc:490:replace_alu$4511 [25] $auto$alumacc.cc:490:replace_alu$4511 [26] $auto$alumacc.cc:490:replace_alu$4511 [27] $auto$alumacc.cc:490:replace_alu$4511 [28] $auto$alumacc.cc:490:replace_alu$4511 [29] $auto$alumacc.cc:490:replace_alu$4511 [30] $auto$alumacc.cc:490:replace_alu$4511 [31] }
    New input vector for $reduce_and cell $auto$alumacc.cc:64:get_eq$4526: { $auto$alumacc.cc:490:replace_alu$4524 [0] $auto$alumacc.cc:490:replace_alu$4524 [1] $auto$alumacc.cc:490:replace_alu$4524 [2] $auto$alumacc.cc:490:replace_alu$4524 [3] $auto$alumacc.cc:490:replace_alu$4524 [4] $auto$alumacc.cc:490:replace_alu$4524 [5] $auto$alumacc.cc:490:replace_alu$4524 [6] $auto$alumacc.cc:490:replace_alu$4524 [7] $auto$alumacc.cc:490:replace_alu$4524 [8] $auto$alumacc.cc:490:replace_alu$4524 [9] $auto$alumacc.cc:490:replace_alu$4524 [10] $auto$alumacc.cc:490:replace_alu$4524 [11] $auto$alumacc.cc:490:replace_alu$4524 [12] $auto$alumacc.cc:490:replace_alu$4524 [13] $auto$alumacc.cc:490:replace_alu$4524 [14] $auto$alumacc.cc:490:replace_alu$4524 [15] $auto$alumacc.cc:490:replace_alu$4524 [16] $auto$alumacc.cc:490:replace_alu$4524 [17] $auto$alumacc.cc:490:replace_alu$4524 [18] $auto$alumacc.cc:490:replace_alu$4524 [19] $auto$alumacc.cc:490:replace_alu$4524 [20] $auto$alumacc.cc:490:replace_alu$4524 [21] $auto$alumacc.cc:490:replace_alu$4524 [22] $auto$alumacc.cc:490:replace_alu$4524 [23] $auto$alumacc.cc:490:replace_alu$4524 [24] $auto$alumacc.cc:490:replace_alu$4524 [25] $auto$alumacc.cc:490:replace_alu$4524 [26] $auto$alumacc.cc:490:replace_alu$4524 [27] $auto$alumacc.cc:490:replace_alu$4524 [28] $auto$alumacc.cc:490:replace_alu$4524 [29] $auto$alumacc.cc:490:replace_alu$4524 [30] $auto$alumacc.cc:490:replace_alu$4524 [31] }
    New input vector for $reduce_and cell $auto$alumacc.cc:64:get_eq$4539: { $auto$alumacc.cc:490:replace_alu$4537 [0] $auto$alumacc.cc:490:replace_alu$4537 [1] $auto$alumacc.cc:490:replace_alu$4537 [2] $auto$alumacc.cc:490:replace_alu$4537 [3] $auto$alumacc.cc:490:replace_alu$4537 [4] $auto$alumacc.cc:490:replace_alu$4537 [5] $auto$alumacc.cc:490:replace_alu$4537 [6] $auto$alumacc.cc:490:replace_alu$4537 [7] $auto$alumacc.cc:490:replace_alu$4537 [8] $auto$alumacc.cc:490:replace_alu$4537 [9] $auto$alumacc.cc:490:replace_alu$4537 [10] $auto$alumacc.cc:490:replace_alu$4537 [11] $auto$alumacc.cc:490:replace_alu$4537 [12] $auto$alumacc.cc:490:replace_alu$4537 [13] $auto$alumacc.cc:490:replace_alu$4537 [14] $auto$alumacc.cc:490:replace_alu$4537 [15] $auto$alumacc.cc:490:replace_alu$4537 [16] $auto$alumacc.cc:490:replace_alu$4537 [17] $auto$alumacc.cc:490:replace_alu$4537 [18] $auto$alumacc.cc:490:replace_alu$4537 [19] $auto$alumacc.cc:490:replace_alu$4537 [20] $auto$alumacc.cc:490:replace_alu$4537 [21] $auto$alumacc.cc:490:replace_alu$4537 [22] $auto$alumacc.cc:490:replace_alu$4537 [23] $auto$alumacc.cc:490:replace_alu$4537 [24] $auto$alumacc.cc:490:replace_alu$4537 [25] $auto$alumacc.cc:490:replace_alu$4537 [26] $auto$alumacc.cc:490:replace_alu$4537 [27] $auto$alumacc.cc:490:replace_alu$4537 [28] $auto$alumacc.cc:490:replace_alu$4537 [29] $auto$alumacc.cc:490:replace_alu$4537 [30] $auto$alumacc.cc:490:replace_alu$4537 [31] }
    New input vector for $reduce_and cell $auto$alumacc.cc:64:get_eq$4552: { $auto$alumacc.cc:490:replace_alu$4550 [0] $auto$alumacc.cc:490:replace_alu$4550 [1] $auto$alumacc.cc:490:replace_alu$4550 [2] $auto$alumacc.cc:490:replace_alu$4550 [3] $auto$alumacc.cc:490:replace_alu$4550 [4] $auto$alumacc.cc:490:replace_alu$4550 [5] $auto$alumacc.cc:490:replace_alu$4550 [6] $auto$alumacc.cc:490:replace_alu$4550 [7] $auto$alumacc.cc:490:replace_alu$4550 [8] $auto$alumacc.cc:490:replace_alu$4550 [9] $auto$alumacc.cc:490:replace_alu$4550 [10] $auto$alumacc.cc:490:replace_alu$4550 [11] $auto$alumacc.cc:490:replace_alu$4550 [12] $auto$alumacc.cc:490:replace_alu$4550 [13] $auto$alumacc.cc:490:replace_alu$4550 [14] $auto$alumacc.cc:490:replace_alu$4550 [15] $auto$alumacc.cc:490:replace_alu$4550 [16] $auto$alumacc.cc:490:replace_alu$4550 [17] $auto$alumacc.cc:490:replace_alu$4550 [18] $auto$alumacc.cc:490:replace_alu$4550 [19] $auto$alumacc.cc:490:replace_alu$4550 [20] $auto$alumacc.cc:490:replace_alu$4550 [21] $auto$alumacc.cc:490:replace_alu$4550 [22] $auto$alumacc.cc:490:replace_alu$4550 [23] $auto$alumacc.cc:490:replace_alu$4550 [24] $auto$alumacc.cc:490:replace_alu$4550 [25] $auto$alumacc.cc:490:replace_alu$4550 [26] $auto$alumacc.cc:490:replace_alu$4550 [27] $auto$alumacc.cc:490:replace_alu$4550 [28] $auto$alumacc.cc:490:replace_alu$4550 [29] $auto$alumacc.cc:490:replace_alu$4550 [30] $auto$alumacc.cc:490:replace_alu$4550 [31] }
    New input vector for $reduce_and cell $auto$alumacc.cc:64:get_eq$4565: { $auto$alumacc.cc:490:replace_alu$4563 [0] $auto$alumacc.cc:490:replace_alu$4563 [1] $auto$alumacc.cc:490:replace_alu$4563 [2] $auto$alumacc.cc:490:replace_alu$4563 [3] $auto$alumacc.cc:490:replace_alu$4563 [4] $auto$alumacc.cc:490:replace_alu$4563 [5] $auto$alumacc.cc:490:replace_alu$4563 [6] $auto$alumacc.cc:490:replace_alu$4563 [7] $auto$alumacc.cc:490:replace_alu$4563 [8] $auto$alumacc.cc:490:replace_alu$4563 [9] $auto$alumacc.cc:490:replace_alu$4563 [10] $auto$alumacc.cc:490:replace_alu$4563 [11] $auto$alumacc.cc:490:replace_alu$4563 [12] $auto$alumacc.cc:490:replace_alu$4563 [13] $auto$alumacc.cc:490:replace_alu$4563 [14] $auto$alumacc.cc:490:replace_alu$4563 [15] $auto$alumacc.cc:490:replace_alu$4563 [16] $auto$alumacc.cc:490:replace_alu$4563 [17] $auto$alumacc.cc:490:replace_alu$4563 [18] $auto$alumacc.cc:490:replace_alu$4563 [19] $auto$alumacc.cc:490:replace_alu$4563 [20] $auto$alumacc.cc:490:replace_alu$4563 [21] $auto$alumacc.cc:490:replace_alu$4563 [22] $auto$alumacc.cc:490:replace_alu$4563 [23] $auto$alumacc.cc:490:replace_alu$4563 [24] $auto$alumacc.cc:490:replace_alu$4563 [25] $auto$alumacc.cc:490:replace_alu$4563 [26] $auto$alumacc.cc:490:replace_alu$4563 [27] $auto$alumacc.cc:490:replace_alu$4563 [28] $auto$alumacc.cc:490:replace_alu$4563 [29] $auto$alumacc.cc:490:replace_alu$4563 [30] $auto$alumacc.cc:490:replace_alu$4563 [31] }
    New input vector for $reduce_and cell $auto$alumacc.cc:64:get_eq$4578: { $auto$alumacc.cc:490:replace_alu$4576 [0] $auto$alumacc.cc:490:replace_alu$4576 [1] $auto$alumacc.cc:490:replace_alu$4576 [2] $auto$alumacc.cc:490:replace_alu$4576 [3] $auto$alumacc.cc:490:replace_alu$4576 [4] $auto$alumacc.cc:490:replace_alu$4576 [5] $auto$alumacc.cc:490:replace_alu$4576 [6] $auto$alumacc.cc:490:replace_alu$4576 [7] $auto$alumacc.cc:490:replace_alu$4576 [8] $auto$alumacc.cc:490:replace_alu$4576 [9] $auto$alumacc.cc:490:replace_alu$4576 [10] $auto$alumacc.cc:490:replace_alu$4576 [11] $auto$alumacc.cc:490:replace_alu$4576 [12] $auto$alumacc.cc:490:replace_alu$4576 [13] $auto$alumacc.cc:490:replace_alu$4576 [14] $auto$alumacc.cc:490:replace_alu$4576 [15] $auto$alumacc.cc:490:replace_alu$4576 [16] $auto$alumacc.cc:490:replace_alu$4576 [17] $auto$alumacc.cc:490:replace_alu$4576 [18] $auto$alumacc.cc:490:replace_alu$4576 [19] $auto$alumacc.cc:490:replace_alu$4576 [20] $auto$alumacc.cc:490:replace_alu$4576 [21] $auto$alumacc.cc:490:replace_alu$4576 [22] $auto$alumacc.cc:490:replace_alu$4576 [23] $auto$alumacc.cc:490:replace_alu$4576 [24] $auto$alumacc.cc:490:replace_alu$4576 [25] $auto$alumacc.cc:490:replace_alu$4576 [26] $auto$alumacc.cc:490:replace_alu$4576 [27] $auto$alumacc.cc:490:replace_alu$4576 [28] $auto$alumacc.cc:490:replace_alu$4576 [29] $auto$alumacc.cc:490:replace_alu$4576 [30] $auto$alumacc.cc:490:replace_alu$4576 [31] }
    New input vector for $reduce_and cell $auto$alumacc.cc:64:get_eq$4591: { $auto$alumacc.cc:490:replace_alu$4589 [0] $auto$alumacc.cc:490:replace_alu$4589 [1] $auto$alumacc.cc:490:replace_alu$4589 [2] $auto$alumacc.cc:490:replace_alu$4589 [3] $auto$alumacc.cc:490:replace_alu$4589 [4] $auto$alumacc.cc:490:replace_alu$4589 [5] $auto$alumacc.cc:490:replace_alu$4589 [6] $auto$alumacc.cc:490:replace_alu$4589 [7] $auto$alumacc.cc:490:replace_alu$4589 [8] $auto$alumacc.cc:490:replace_alu$4589 [9] $auto$alumacc.cc:490:replace_alu$4589 [10] $auto$alumacc.cc:490:replace_alu$4589 [11] $auto$alumacc.cc:490:replace_alu$4589 [12] $auto$alumacc.cc:490:replace_alu$4589 [13] $auto$alumacc.cc:490:replace_alu$4589 [14] $auto$alumacc.cc:490:replace_alu$4589 [15] $auto$alumacc.cc:490:replace_alu$4589 [16] $auto$alumacc.cc:490:replace_alu$4589 [17] $auto$alumacc.cc:490:replace_alu$4589 [18] $auto$alumacc.cc:490:replace_alu$4589 [19] $auto$alumacc.cc:490:replace_alu$4589 [20] $auto$alumacc.cc:490:replace_alu$4589 [21] $auto$alumacc.cc:490:replace_alu$4589 [22] $auto$alumacc.cc:490:replace_alu$4589 [23] $auto$alumacc.cc:490:replace_alu$4589 [24] $auto$alumacc.cc:490:replace_alu$4589 [25] $auto$alumacc.cc:490:replace_alu$4589 [26] $auto$alumacc.cc:490:replace_alu$4589 [27] $auto$alumacc.cc:490:replace_alu$4589 [28] $auto$alumacc.cc:490:replace_alu$4589 [29] $auto$alumacc.cc:490:replace_alu$4589 [30] $auto$alumacc.cc:490:replace_alu$4589 [31] }
    New input vector for $reduce_and cell $auto$alumacc.cc:64:get_eq$4604: { $auto$alumacc.cc:490:replace_alu$4602 [0] $auto$alumacc.cc:490:replace_alu$4602 [1] $auto$alumacc.cc:490:replace_alu$4602 [2] $auto$alumacc.cc:490:replace_alu$4602 [3] $auto$alumacc.cc:490:replace_alu$4602 [4] $auto$alumacc.cc:490:replace_alu$4602 [5] $auto$alumacc.cc:490:replace_alu$4602 [6] $auto$alumacc.cc:490:replace_alu$4602 [7] $auto$alumacc.cc:490:replace_alu$4602 [8] $auto$alumacc.cc:490:replace_alu$4602 [9] $auto$alumacc.cc:490:replace_alu$4602 [10] $auto$alumacc.cc:490:replace_alu$4602 [11] $auto$alumacc.cc:490:replace_alu$4602 [12] $auto$alumacc.cc:490:replace_alu$4602 [13] $auto$alumacc.cc:490:replace_alu$4602 [14] $auto$alumacc.cc:490:replace_alu$4602 [15] $auto$alumacc.cc:490:replace_alu$4602 [16] $auto$alumacc.cc:490:replace_alu$4602 [17] $auto$alumacc.cc:490:replace_alu$4602 [18] $auto$alumacc.cc:490:replace_alu$4602 [19] $auto$alumacc.cc:490:replace_alu$4602 [20] $auto$alumacc.cc:490:replace_alu$4602 [21] $auto$alumacc.cc:490:replace_alu$4602 [22] $auto$alumacc.cc:490:replace_alu$4602 [23] $auto$alumacc.cc:490:replace_alu$4602 [24] $auto$alumacc.cc:490:replace_alu$4602 [25] $auto$alumacc.cc:490:replace_alu$4602 [26] $auto$alumacc.cc:490:replace_alu$4602 [27] $auto$alumacc.cc:490:replace_alu$4602 [28] $auto$alumacc.cc:490:replace_alu$4602 [29] $auto$alumacc.cc:490:replace_alu$4602 [30] $auto$alumacc.cc:490:replace_alu$4602 [31] }
    New input vector for $reduce_and cell $auto$alumacc.cc:64:get_eq$4617: { $auto$alumacc.cc:490:replace_alu$4615 [0] $auto$alumacc.cc:490:replace_alu$4615 [1] $auto$alumacc.cc:490:replace_alu$4615 [2] $auto$alumacc.cc:490:replace_alu$4615 [3] $auto$alumacc.cc:490:replace_alu$4615 [4] $auto$alumacc.cc:490:replace_alu$4615 [5] $auto$alumacc.cc:490:replace_alu$4615 [6] $auto$alumacc.cc:490:replace_alu$4615 [7] $auto$alumacc.cc:490:replace_alu$4615 [8] $auto$alumacc.cc:490:replace_alu$4615 [9] $auto$alumacc.cc:490:replace_alu$4615 [10] $auto$alumacc.cc:490:replace_alu$4615 [11] $auto$alumacc.cc:490:replace_alu$4615 [12] $auto$alumacc.cc:490:replace_alu$4615 [13] $auto$alumacc.cc:490:replace_alu$4615 [14] $auto$alumacc.cc:490:replace_alu$4615 [15] $auto$alumacc.cc:490:replace_alu$4615 [16] $auto$alumacc.cc:490:replace_alu$4615 [17] $auto$alumacc.cc:490:replace_alu$4615 [18] $auto$alumacc.cc:490:replace_alu$4615 [19] $auto$alumacc.cc:490:replace_alu$4615 [20] $auto$alumacc.cc:490:replace_alu$4615 [21] $auto$alumacc.cc:490:replace_alu$4615 [22] $auto$alumacc.cc:490:replace_alu$4615 [23] $auto$alumacc.cc:490:replace_alu$4615 [24] $auto$alumacc.cc:490:replace_alu$4615 [25] $auto$alumacc.cc:490:replace_alu$4615 [26] $auto$alumacc.cc:490:replace_alu$4615 [27] $auto$alumacc.cc:490:replace_alu$4615 [28] $auto$alumacc.cc:490:replace_alu$4615 [29] $auto$alumacc.cc:490:replace_alu$4615 [30] $auto$alumacc.cc:490:replace_alu$4615 [31] }
    New input vector for $reduce_and cell $auto$alumacc.cc:64:get_eq$4637: { $auto$alumacc.cc:490:replace_alu$4635 [0] $auto$alumacc.cc:490:replace_alu$4635 [1] $auto$alumacc.cc:490:replace_alu$4635 [2] $auto$alumacc.cc:490:replace_alu$4635 [3] $auto$alumacc.cc:490:replace_alu$4635 [4] $auto$alumacc.cc:490:replace_alu$4635 [5] $auto$alumacc.cc:490:replace_alu$4635 [6] $auto$alumacc.cc:490:replace_alu$4635 [7] $auto$alumacc.cc:490:replace_alu$4635 [8] $auto$alumacc.cc:490:replace_alu$4635 [9] $auto$alumacc.cc:490:replace_alu$4635 [10] $auto$alumacc.cc:490:replace_alu$4635 [11] $auto$alumacc.cc:490:replace_alu$4635 [12] $auto$alumacc.cc:490:replace_alu$4635 [13] $auto$alumacc.cc:490:replace_alu$4635 [14] $auto$alumacc.cc:490:replace_alu$4635 [15] $auto$alumacc.cc:490:replace_alu$4635 [16] $auto$alumacc.cc:490:replace_alu$4635 [17] $auto$alumacc.cc:490:replace_alu$4635 [18] $auto$alumacc.cc:490:replace_alu$4635 [19] $auto$alumacc.cc:490:replace_alu$4635 [20] $auto$alumacc.cc:490:replace_alu$4635 [21] $auto$alumacc.cc:490:replace_alu$4635 [22] $auto$alumacc.cc:490:replace_alu$4635 [23] $auto$alumacc.cc:490:replace_alu$4635 [24] $auto$alumacc.cc:490:replace_alu$4635 [25] $auto$alumacc.cc:490:replace_alu$4635 [26] $auto$alumacc.cc:490:replace_alu$4635 [27] $auto$alumacc.cc:490:replace_alu$4635 [28] $auto$alumacc.cc:490:replace_alu$4635 [29] $auto$alumacc.cc:490:replace_alu$4635 [30] $auto$alumacc.cc:490:replace_alu$4635 [31] }
    New input vector for $reduce_and cell $auto$alumacc.cc:64:get_eq$4650: { $auto$alumacc.cc:490:replace_alu$4648 [0] $auto$alumacc.cc:490:replace_alu$4648 [1] $auto$alumacc.cc:490:replace_alu$4648 [2] $auto$alumacc.cc:490:replace_alu$4648 [3] $auto$alumacc.cc:490:replace_alu$4648 [4] $auto$alumacc.cc:490:replace_alu$4648 [5] $auto$alumacc.cc:490:replace_alu$4648 [6] $auto$alumacc.cc:490:replace_alu$4648 [7] $auto$alumacc.cc:490:replace_alu$4648 [8] $auto$alumacc.cc:490:replace_alu$4648 [9] $auto$alumacc.cc:490:replace_alu$4648 [10] $auto$alumacc.cc:490:replace_alu$4648 [11] $auto$alumacc.cc:490:replace_alu$4648 [12] $auto$alumacc.cc:490:replace_alu$4648 [13] $auto$alumacc.cc:490:replace_alu$4648 [14] $auto$alumacc.cc:490:replace_alu$4648 [15] $auto$alumacc.cc:490:replace_alu$4648 [16] $auto$alumacc.cc:490:replace_alu$4648 [17] $auto$alumacc.cc:490:replace_alu$4648 [18] $auto$alumacc.cc:490:replace_alu$4648 [19] $auto$alumacc.cc:490:replace_alu$4648 [20] $auto$alumacc.cc:490:replace_alu$4648 [21] $auto$alumacc.cc:490:replace_alu$4648 [22] $auto$alumacc.cc:490:replace_alu$4648 [23] $auto$alumacc.cc:490:replace_alu$4648 [24] $auto$alumacc.cc:490:replace_alu$4648 [25] $auto$alumacc.cc:490:replace_alu$4648 [26] $auto$alumacc.cc:490:replace_alu$4648 [27] $auto$alumacc.cc:490:replace_alu$4648 [28] $auto$alumacc.cc:490:replace_alu$4648 [29] $auto$alumacc.cc:490:replace_alu$4648 [30] $auto$alumacc.cc:490:replace_alu$4648 [31] }
    New input vector for $reduce_and cell $auto$alumacc.cc:64:get_eq$4663: { $auto$alumacc.cc:490:replace_alu$4661 [0] $auto$alumacc.cc:490:replace_alu$4661 [1] $auto$alumacc.cc:490:replace_alu$4661 [2] $auto$alumacc.cc:490:replace_alu$4661 [3] $auto$alumacc.cc:490:replace_alu$4661 [4] $auto$alumacc.cc:490:replace_alu$4661 [5] $auto$alumacc.cc:490:replace_alu$4661 [6] $auto$alumacc.cc:490:replace_alu$4661 [7] $auto$alumacc.cc:490:replace_alu$4661 [8] $auto$alumacc.cc:490:replace_alu$4661 [9] $auto$alumacc.cc:490:replace_alu$4661 [10] $auto$alumacc.cc:490:replace_alu$4661 [11] $auto$alumacc.cc:490:replace_alu$4661 [12] $auto$alumacc.cc:490:replace_alu$4661 [13] $auto$alumacc.cc:490:replace_alu$4661 [14] $auto$alumacc.cc:490:replace_alu$4661 [15] $auto$alumacc.cc:490:replace_alu$4661 [16] $auto$alumacc.cc:490:replace_alu$4661 [17] $auto$alumacc.cc:490:replace_alu$4661 [18] $auto$alumacc.cc:490:replace_alu$4661 [19] $auto$alumacc.cc:490:replace_alu$4661 [20] $auto$alumacc.cc:490:replace_alu$4661 [21] $auto$alumacc.cc:490:replace_alu$4661 [22] $auto$alumacc.cc:490:replace_alu$4661 [23] $auto$alumacc.cc:490:replace_alu$4661 [24] $auto$alumacc.cc:490:replace_alu$4661 [25] $auto$alumacc.cc:490:replace_alu$4661 [26] $auto$alumacc.cc:490:replace_alu$4661 [27] $auto$alumacc.cc:490:replace_alu$4661 [28] $auto$alumacc.cc:490:replace_alu$4661 [29] $auto$alumacc.cc:490:replace_alu$4661 [30] $auto$alumacc.cc:490:replace_alu$4661 [31] }
    New input vector for $reduce_and cell $auto$alumacc.cc:64:get_eq$4676: { $auto$alumacc.cc:490:replace_alu$4674 [0] $auto$alumacc.cc:490:replace_alu$4674 [1] $auto$alumacc.cc:490:replace_alu$4674 [2] $auto$alumacc.cc:490:replace_alu$4674 [3] $auto$alumacc.cc:490:replace_alu$4674 [4] $auto$alumacc.cc:490:replace_alu$4674 [5] $auto$alumacc.cc:490:replace_alu$4674 [6] $auto$alumacc.cc:490:replace_alu$4674 [7] $auto$alumacc.cc:490:replace_alu$4674 [8] $auto$alumacc.cc:490:replace_alu$4674 [9] $auto$alumacc.cc:490:replace_alu$4674 [10] $auto$alumacc.cc:490:replace_alu$4674 [11] $auto$alumacc.cc:490:replace_alu$4674 [12] $auto$alumacc.cc:490:replace_alu$4674 [13] $auto$alumacc.cc:490:replace_alu$4674 [14] $auto$alumacc.cc:490:replace_alu$4674 [15] $auto$alumacc.cc:490:replace_alu$4674 [16] $auto$alumacc.cc:490:replace_alu$4674 [17] $auto$alumacc.cc:490:replace_alu$4674 [18] $auto$alumacc.cc:490:replace_alu$4674 [19] $auto$alumacc.cc:490:replace_alu$4674 [20] $auto$alumacc.cc:490:replace_alu$4674 [21] $auto$alumacc.cc:490:replace_alu$4674 [22] $auto$alumacc.cc:490:replace_alu$4674 [23] $auto$alumacc.cc:490:replace_alu$4674 [24] $auto$alumacc.cc:490:replace_alu$4674 [25] $auto$alumacc.cc:490:replace_alu$4674 [26] $auto$alumacc.cc:490:replace_alu$4674 [27] $auto$alumacc.cc:490:replace_alu$4674 [28] $auto$alumacc.cc:490:replace_alu$4674 [29] $auto$alumacc.cc:490:replace_alu$4674 [30] $auto$alumacc.cc:490:replace_alu$4674 [31] }
    New input vector for $reduce_and cell $auto$alumacc.cc:64:get_eq$4689: { $auto$alumacc.cc:490:replace_alu$4687 [0] $auto$alumacc.cc:490:replace_alu$4687 [1] $auto$alumacc.cc:490:replace_alu$4687 [2] $auto$alumacc.cc:490:replace_alu$4687 [3] $auto$alumacc.cc:490:replace_alu$4687 [4] $auto$alumacc.cc:490:replace_alu$4687 [5] $auto$alumacc.cc:490:replace_alu$4687 [6] $auto$alumacc.cc:490:replace_alu$4687 [7] $auto$alumacc.cc:490:replace_alu$4687 [8] $auto$alumacc.cc:490:replace_alu$4687 [9] $auto$alumacc.cc:490:replace_alu$4687 [10] $auto$alumacc.cc:490:replace_alu$4687 [11] $auto$alumacc.cc:490:replace_alu$4687 [12] $auto$alumacc.cc:490:replace_alu$4687 [13] $auto$alumacc.cc:490:replace_alu$4687 [14] $auto$alumacc.cc:490:replace_alu$4687 [15] $auto$alumacc.cc:490:replace_alu$4687 [16] $auto$alumacc.cc:490:replace_alu$4687 [17] $auto$alumacc.cc:490:replace_alu$4687 [18] $auto$alumacc.cc:490:replace_alu$4687 [19] $auto$alumacc.cc:490:replace_alu$4687 [20] $auto$alumacc.cc:490:replace_alu$4687 [21] $auto$alumacc.cc:490:replace_alu$4687 [22] $auto$alumacc.cc:490:replace_alu$4687 [23] $auto$alumacc.cc:490:replace_alu$4687 [24] $auto$alumacc.cc:490:replace_alu$4687 [25] $auto$alumacc.cc:490:replace_alu$4687 [26] $auto$alumacc.cc:490:replace_alu$4687 [27] $auto$alumacc.cc:490:replace_alu$4687 [28] $auto$alumacc.cc:490:replace_alu$4687 [29] $auto$alumacc.cc:490:replace_alu$4687 [30] $auto$alumacc.cc:490:replace_alu$4687 [31] }
    New input vector for $reduce_and cell $auto$alumacc.cc:64:get_eq$4702: { $auto$alumacc.cc:490:replace_alu$4700 [0] $auto$alumacc.cc:490:replace_alu$4700 [1] $auto$alumacc.cc:490:replace_alu$4700 [2] $auto$alumacc.cc:490:replace_alu$4700 [3] $auto$alumacc.cc:490:replace_alu$4700 [4] $auto$alumacc.cc:490:replace_alu$4700 [5] $auto$alumacc.cc:490:replace_alu$4700 [6] $auto$alumacc.cc:490:replace_alu$4700 [7] $auto$alumacc.cc:490:replace_alu$4700 [8] $auto$alumacc.cc:490:replace_alu$4700 [9] $auto$alumacc.cc:490:replace_alu$4700 [10] $auto$alumacc.cc:490:replace_alu$4700 [11] $auto$alumacc.cc:490:replace_alu$4700 [12] $auto$alumacc.cc:490:replace_alu$4700 [13] $auto$alumacc.cc:490:replace_alu$4700 [14] $auto$alumacc.cc:490:replace_alu$4700 [15] $auto$alumacc.cc:490:replace_alu$4700 [16] $auto$alumacc.cc:490:replace_alu$4700 [17] $auto$alumacc.cc:490:replace_alu$4700 [18] $auto$alumacc.cc:490:replace_alu$4700 [19] $auto$alumacc.cc:490:replace_alu$4700 [20] $auto$alumacc.cc:490:replace_alu$4700 [21] $auto$alumacc.cc:490:replace_alu$4700 [22] $auto$alumacc.cc:490:replace_alu$4700 [23] $auto$alumacc.cc:490:replace_alu$4700 [24] $auto$alumacc.cc:490:replace_alu$4700 [25] $auto$alumacc.cc:490:replace_alu$4700 [26] $auto$alumacc.cc:490:replace_alu$4700 [27] $auto$alumacc.cc:490:replace_alu$4700 [28] $auto$alumacc.cc:490:replace_alu$4700 [29] $auto$alumacc.cc:490:replace_alu$4700 [30] $auto$alumacc.cc:490:replace_alu$4700 [31] }
    New input vector for $reduce_and cell $auto$alumacc.cc:64:get_eq$4715: { $auto$alumacc.cc:490:replace_alu$4713 [0] $auto$alumacc.cc:490:replace_alu$4713 [1] $auto$alumacc.cc:490:replace_alu$4713 [2] $auto$alumacc.cc:490:replace_alu$4713 [3] $auto$alumacc.cc:490:replace_alu$4713 [4] $auto$alumacc.cc:490:replace_alu$4713 [5] $auto$alumacc.cc:490:replace_alu$4713 [6] $auto$alumacc.cc:490:replace_alu$4713 [7] $auto$alumacc.cc:490:replace_alu$4713 [8] $auto$alumacc.cc:490:replace_alu$4713 [9] $auto$alumacc.cc:490:replace_alu$4713 [10] $auto$alumacc.cc:490:replace_alu$4713 [11] $auto$alumacc.cc:490:replace_alu$4713 [12] $auto$alumacc.cc:490:replace_alu$4713 [13] $auto$alumacc.cc:490:replace_alu$4713 [14] $auto$alumacc.cc:490:replace_alu$4713 [15] $auto$alumacc.cc:490:replace_alu$4713 [16] $auto$alumacc.cc:490:replace_alu$4713 [17] $auto$alumacc.cc:490:replace_alu$4713 [18] $auto$alumacc.cc:490:replace_alu$4713 [19] $auto$alumacc.cc:490:replace_alu$4713 [20] $auto$alumacc.cc:490:replace_alu$4713 [21] $auto$alumacc.cc:490:replace_alu$4713 [22] $auto$alumacc.cc:490:replace_alu$4713 [23] $auto$alumacc.cc:490:replace_alu$4713 [24] $auto$alumacc.cc:490:replace_alu$4713 [25] $auto$alumacc.cc:490:replace_alu$4713 [26] $auto$alumacc.cc:490:replace_alu$4713 [27] $auto$alumacc.cc:490:replace_alu$4713 [28] $auto$alumacc.cc:490:replace_alu$4713 [29] $auto$alumacc.cc:490:replace_alu$4713 [30] $auto$alumacc.cc:490:replace_alu$4713 [31] }
    New input vector for $reduce_and cell $auto$alumacc.cc:64:get_eq$4735: { $auto$alumacc.cc:490:replace_alu$4733 [0] $auto$alumacc.cc:490:replace_alu$4733 [1] $auto$alumacc.cc:490:replace_alu$4733 [2] $auto$alumacc.cc:490:replace_alu$4733 [3] $auto$alumacc.cc:490:replace_alu$4733 [4] $auto$alumacc.cc:490:replace_alu$4733 [5] $auto$alumacc.cc:490:replace_alu$4733 [6] $auto$alumacc.cc:490:replace_alu$4733 [7] $auto$alumacc.cc:490:replace_alu$4733 [8] $auto$alumacc.cc:490:replace_alu$4733 [9] $auto$alumacc.cc:490:replace_alu$4733 [10] $auto$alumacc.cc:490:replace_alu$4733 [11] $auto$alumacc.cc:490:replace_alu$4733 [12] $auto$alumacc.cc:490:replace_alu$4733 [13] $auto$alumacc.cc:490:replace_alu$4733 [14] $auto$alumacc.cc:490:replace_alu$4733 [15] $auto$alumacc.cc:490:replace_alu$4733 [16] $auto$alumacc.cc:490:replace_alu$4733 [17] $auto$alumacc.cc:490:replace_alu$4733 [18] $auto$alumacc.cc:490:replace_alu$4733 [19] $auto$alumacc.cc:490:replace_alu$4733 [20] $auto$alumacc.cc:490:replace_alu$4733 [21] $auto$alumacc.cc:490:replace_alu$4733 [22] $auto$alumacc.cc:490:replace_alu$4733 [23] $auto$alumacc.cc:490:replace_alu$4733 [24] $auto$alumacc.cc:490:replace_alu$4733 [25] $auto$alumacc.cc:490:replace_alu$4733 [26] $auto$alumacc.cc:490:replace_alu$4733 [27] $auto$alumacc.cc:490:replace_alu$4733 [28] $auto$alumacc.cc:490:replace_alu$4733 [29] $auto$alumacc.cc:490:replace_alu$4733 [30] $auto$alumacc.cc:490:replace_alu$4733 [31] }
    New input vector for $reduce_and cell $auto$alumacc.cc:64:get_eq$4748: { $auto$alumacc.cc:490:replace_alu$4746 [0] $auto$alumacc.cc:490:replace_alu$4746 [1] $auto$alumacc.cc:490:replace_alu$4746 [2] $auto$alumacc.cc:490:replace_alu$4746 [3] $auto$alumacc.cc:490:replace_alu$4746 [4] $auto$alumacc.cc:490:replace_alu$4746 [5] $auto$alumacc.cc:490:replace_alu$4746 [6] $auto$alumacc.cc:490:replace_alu$4746 [7] $auto$alumacc.cc:490:replace_alu$4746 [8] $auto$alumacc.cc:490:replace_alu$4746 [9] $auto$alumacc.cc:490:replace_alu$4746 [10] $auto$alumacc.cc:490:replace_alu$4746 [11] $auto$alumacc.cc:490:replace_alu$4746 [12] $auto$alumacc.cc:490:replace_alu$4746 [13] $auto$alumacc.cc:490:replace_alu$4746 [14] $auto$alumacc.cc:490:replace_alu$4746 [15] $auto$alumacc.cc:490:replace_alu$4746 [16] $auto$alumacc.cc:490:replace_alu$4746 [17] $auto$alumacc.cc:490:replace_alu$4746 [18] $auto$alumacc.cc:490:replace_alu$4746 [19] $auto$alumacc.cc:490:replace_alu$4746 [20] $auto$alumacc.cc:490:replace_alu$4746 [21] $auto$alumacc.cc:490:replace_alu$4746 [22] $auto$alumacc.cc:490:replace_alu$4746 [23] $auto$alumacc.cc:490:replace_alu$4746 [24] $auto$alumacc.cc:490:replace_alu$4746 [25] $auto$alumacc.cc:490:replace_alu$4746 [26] $auto$alumacc.cc:490:replace_alu$4746 [27] $auto$alumacc.cc:490:replace_alu$4746 [28] $auto$alumacc.cc:490:replace_alu$4746 [29] $auto$alumacc.cc:490:replace_alu$4746 [30] $auto$alumacc.cc:490:replace_alu$4746 [31] }
    New input vector for $reduce_and cell $auto$alumacc.cc:64:get_eq$4761: { $auto$alumacc.cc:490:replace_alu$4759 [0] $auto$alumacc.cc:490:replace_alu$4759 [1] $auto$alumacc.cc:490:replace_alu$4759 [2] $auto$alumacc.cc:490:replace_alu$4759 [3] $auto$alumacc.cc:490:replace_alu$4759 [4] $auto$alumacc.cc:490:replace_alu$4759 [5] $auto$alumacc.cc:490:replace_alu$4759 [6] $auto$alumacc.cc:490:replace_alu$4759 [7] $auto$alumacc.cc:490:replace_alu$4759 [8] $auto$alumacc.cc:490:replace_alu$4759 [9] $auto$alumacc.cc:490:replace_alu$4759 [10] $auto$alumacc.cc:490:replace_alu$4759 [11] $auto$alumacc.cc:490:replace_alu$4759 [12] $auto$alumacc.cc:490:replace_alu$4759 [13] $auto$alumacc.cc:490:replace_alu$4759 [14] $auto$alumacc.cc:490:replace_alu$4759 [15] $auto$alumacc.cc:490:replace_alu$4759 [16] $auto$alumacc.cc:490:replace_alu$4759 [17] $auto$alumacc.cc:490:replace_alu$4759 [18] $auto$alumacc.cc:490:replace_alu$4759 [19] $auto$alumacc.cc:490:replace_alu$4759 [20] $auto$alumacc.cc:490:replace_alu$4759 [21] $auto$alumacc.cc:490:replace_alu$4759 [22] $auto$alumacc.cc:490:replace_alu$4759 [23] $auto$alumacc.cc:490:replace_alu$4759 [24] $auto$alumacc.cc:490:replace_alu$4759 [25] $auto$alumacc.cc:490:replace_alu$4759 [26] $auto$alumacc.cc:490:replace_alu$4759 [27] $auto$alumacc.cc:490:replace_alu$4759 [28] $auto$alumacc.cc:490:replace_alu$4759 [29] $auto$alumacc.cc:490:replace_alu$4759 [30] $auto$alumacc.cc:490:replace_alu$4759 [31] }
    New input vector for $reduce_and cell $auto$alumacc.cc:64:get_eq$4774: { $auto$alumacc.cc:490:replace_alu$4772 [0] $auto$alumacc.cc:490:replace_alu$4772 [1] $auto$alumacc.cc:490:replace_alu$4772 [2] $auto$alumacc.cc:490:replace_alu$4772 [3] $auto$alumacc.cc:490:replace_alu$4772 [4] $auto$alumacc.cc:490:replace_alu$4772 [5] $auto$alumacc.cc:490:replace_alu$4772 [6] $auto$alumacc.cc:490:replace_alu$4772 [7] $auto$alumacc.cc:490:replace_alu$4772 [8] $auto$alumacc.cc:490:replace_alu$4772 [9] $auto$alumacc.cc:490:replace_alu$4772 [10] $auto$alumacc.cc:490:replace_alu$4772 [11] $auto$alumacc.cc:490:replace_alu$4772 [12] $auto$alumacc.cc:490:replace_alu$4772 [13] $auto$alumacc.cc:490:replace_alu$4772 [14] $auto$alumacc.cc:490:replace_alu$4772 [15] $auto$alumacc.cc:490:replace_alu$4772 [16] $auto$alumacc.cc:490:replace_alu$4772 [17] $auto$alumacc.cc:490:replace_alu$4772 [18] $auto$alumacc.cc:490:replace_alu$4772 [19] $auto$alumacc.cc:490:replace_alu$4772 [20] $auto$alumacc.cc:490:replace_alu$4772 [21] $auto$alumacc.cc:490:replace_alu$4772 [22] $auto$alumacc.cc:490:replace_alu$4772 [23] $auto$alumacc.cc:490:replace_alu$4772 [24] $auto$alumacc.cc:490:replace_alu$4772 [25] $auto$alumacc.cc:490:replace_alu$4772 [26] $auto$alumacc.cc:490:replace_alu$4772 [27] $auto$alumacc.cc:490:replace_alu$4772 [28] $auto$alumacc.cc:490:replace_alu$4772 [29] $auto$alumacc.cc:490:replace_alu$4772 [30] $auto$alumacc.cc:490:replace_alu$4772 [31] }
    New input vector for $reduce_and cell $auto$alumacc.cc:64:get_eq$4787: { $auto$alumacc.cc:490:replace_alu$4785 [0] $auto$alumacc.cc:490:replace_alu$4785 [1] $auto$alumacc.cc:490:replace_alu$4785 [2] $auto$alumacc.cc:490:replace_alu$4785 [3] $auto$alumacc.cc:490:replace_alu$4785 [4] $auto$alumacc.cc:490:replace_alu$4785 [5] $auto$alumacc.cc:490:replace_alu$4785 [6] $auto$alumacc.cc:490:replace_alu$4785 [7] $auto$alumacc.cc:490:replace_alu$4785 [8] $auto$alumacc.cc:490:replace_alu$4785 [9] $auto$alumacc.cc:490:replace_alu$4785 [10] $auto$alumacc.cc:490:replace_alu$4785 [11] $auto$alumacc.cc:490:replace_alu$4785 [12] $auto$alumacc.cc:490:replace_alu$4785 [13] $auto$alumacc.cc:490:replace_alu$4785 [14] $auto$alumacc.cc:490:replace_alu$4785 [15] $auto$alumacc.cc:490:replace_alu$4785 [16] $auto$alumacc.cc:490:replace_alu$4785 [17] $auto$alumacc.cc:490:replace_alu$4785 [18] $auto$alumacc.cc:490:replace_alu$4785 [19] $auto$alumacc.cc:490:replace_alu$4785 [20] $auto$alumacc.cc:490:replace_alu$4785 [21] $auto$alumacc.cc:490:replace_alu$4785 [22] $auto$alumacc.cc:490:replace_alu$4785 [23] $auto$alumacc.cc:490:replace_alu$4785 [24] $auto$alumacc.cc:490:replace_alu$4785 [25] $auto$alumacc.cc:490:replace_alu$4785 [26] $auto$alumacc.cc:490:replace_alu$4785 [27] $auto$alumacc.cc:490:replace_alu$4785 [28] $auto$alumacc.cc:490:replace_alu$4785 [29] $auto$alumacc.cc:490:replace_alu$4785 [30] $auto$alumacc.cc:490:replace_alu$4785 [31] }
    New input vector for $reduce_and cell $auto$alumacc.cc:64:get_eq$4800: { $auto$alumacc.cc:490:replace_alu$4798 [0] $auto$alumacc.cc:490:replace_alu$4798 [1] $auto$alumacc.cc:490:replace_alu$4798 [2] $auto$alumacc.cc:490:replace_alu$4798 [3] $auto$alumacc.cc:490:replace_alu$4798 [4] $auto$alumacc.cc:490:replace_alu$4798 [5] $auto$alumacc.cc:490:replace_alu$4798 [6] $auto$alumacc.cc:490:replace_alu$4798 [7] $auto$alumacc.cc:490:replace_alu$4798 [8] $auto$alumacc.cc:490:replace_alu$4798 [9] $auto$alumacc.cc:490:replace_alu$4798 [10] $auto$alumacc.cc:490:replace_alu$4798 [11] $auto$alumacc.cc:490:replace_alu$4798 [12] $auto$alumacc.cc:490:replace_alu$4798 [13] $auto$alumacc.cc:490:replace_alu$4798 [14] $auto$alumacc.cc:490:replace_alu$4798 [15] $auto$alumacc.cc:490:replace_alu$4798 [16] $auto$alumacc.cc:490:replace_alu$4798 [17] $auto$alumacc.cc:490:replace_alu$4798 [18] $auto$alumacc.cc:490:replace_alu$4798 [19] $auto$alumacc.cc:490:replace_alu$4798 [20] $auto$alumacc.cc:490:replace_alu$4798 [21] $auto$alumacc.cc:490:replace_alu$4798 [22] $auto$alumacc.cc:490:replace_alu$4798 [23] $auto$alumacc.cc:490:replace_alu$4798 [24] $auto$alumacc.cc:490:replace_alu$4798 [25] $auto$alumacc.cc:490:replace_alu$4798 [26] $auto$alumacc.cc:490:replace_alu$4798 [27] $auto$alumacc.cc:490:replace_alu$4798 [28] $auto$alumacc.cc:490:replace_alu$4798 [29] $auto$alumacc.cc:490:replace_alu$4798 [30] $auto$alumacc.cc:490:replace_alu$4798 [31] }
    New input vector for $reduce_and cell $auto$alumacc.cc:64:get_eq$4813: { $auto$alumacc.cc:490:replace_alu$4811 [0] $auto$alumacc.cc:490:replace_alu$4811 [1] $auto$alumacc.cc:490:replace_alu$4811 [2] $auto$alumacc.cc:490:replace_alu$4811 [3] $auto$alumacc.cc:490:replace_alu$4811 [4] $auto$alumacc.cc:490:replace_alu$4811 [5] $auto$alumacc.cc:490:replace_alu$4811 [6] $auto$alumacc.cc:490:replace_alu$4811 [7] $auto$alumacc.cc:490:replace_alu$4811 [8] $auto$alumacc.cc:490:replace_alu$4811 [9] $auto$alumacc.cc:490:replace_alu$4811 [10] $auto$alumacc.cc:490:replace_alu$4811 [11] $auto$alumacc.cc:490:replace_alu$4811 [12] $auto$alumacc.cc:490:replace_alu$4811 [13] $auto$alumacc.cc:490:replace_alu$4811 [14] $auto$alumacc.cc:490:replace_alu$4811 [15] $auto$alumacc.cc:490:replace_alu$4811 [16] $auto$alumacc.cc:490:replace_alu$4811 [17] $auto$alumacc.cc:490:replace_alu$4811 [18] $auto$alumacc.cc:490:replace_alu$4811 [19] $auto$alumacc.cc:490:replace_alu$4811 [20] $auto$alumacc.cc:490:replace_alu$4811 [21] $auto$alumacc.cc:490:replace_alu$4811 [22] $auto$alumacc.cc:490:replace_alu$4811 [23] $auto$alumacc.cc:490:replace_alu$4811 [24] $auto$alumacc.cc:490:replace_alu$4811 [25] $auto$alumacc.cc:490:replace_alu$4811 [26] $auto$alumacc.cc:490:replace_alu$4811 [27] $auto$alumacc.cc:490:replace_alu$4811 [28] $auto$alumacc.cc:490:replace_alu$4811 [29] $auto$alumacc.cc:490:replace_alu$4811 [30] $auto$alumacc.cc:490:replace_alu$4811 [31] }
    New input vector for $reduce_and cell $auto$alumacc.cc:64:get_eq$4830: { $auto$alumacc.cc:490:replace_alu$4824 [0] $auto$alumacc.cc:490:replace_alu$4824 [1] $auto$alumacc.cc:490:replace_alu$4824 [2] $auto$alumacc.cc:490:replace_alu$4824 [3] $auto$alumacc.cc:490:replace_alu$4824 [4] $auto$alumacc.cc:490:replace_alu$4824 [5] $auto$alumacc.cc:490:replace_alu$4824 [6] $auto$alumacc.cc:490:replace_alu$4824 [7] $auto$alumacc.cc:490:replace_alu$4824 [8] $auto$alumacc.cc:490:replace_alu$4824 [9] $auto$alumacc.cc:490:replace_alu$4824 [10] $auto$alumacc.cc:490:replace_alu$4824 [11] $auto$alumacc.cc:490:replace_alu$4824 [12] $auto$alumacc.cc:490:replace_alu$4824 [13] $auto$alumacc.cc:490:replace_alu$4824 [14] $auto$alumacc.cc:490:replace_alu$4824 [15] $auto$alumacc.cc:490:replace_alu$4824 [16] $auto$alumacc.cc:490:replace_alu$4824 [17] $auto$alumacc.cc:490:replace_alu$4824 [18] $auto$alumacc.cc:490:replace_alu$4824 [19] $auto$alumacc.cc:490:replace_alu$4824 [20] $auto$alumacc.cc:490:replace_alu$4824 [21] $auto$alumacc.cc:490:replace_alu$4824 [22] $auto$alumacc.cc:490:replace_alu$4824 [23] $auto$alumacc.cc:490:replace_alu$4824 [24] $auto$alumacc.cc:490:replace_alu$4824 [25] $auto$alumacc.cc:490:replace_alu$4824 [26] $auto$alumacc.cc:490:replace_alu$4824 [27] $auto$alumacc.cc:490:replace_alu$4824 [28] $auto$alumacc.cc:490:replace_alu$4824 [29] $auto$alumacc.cc:490:replace_alu$4824 [30] $auto$alumacc.cc:490:replace_alu$4824 [31] }
  Optimizing cells in module \VX_cp_unpack.
Performed a total of 35 changes.

16.5. Executing OPT_MERGE pass (detect identical cells).
Finding identical cells in module `\VX_cp_fetch_top'.
Finding identical cells in module `\VX_cp_unpack'.
Removed a total of 0 cells.

16.6. Executing OPT_RMDFF pass (remove dff with constant values).

16.7. Executing OPT_CLEAN pass (remove unused cells and wires).
Finding unused cells or wires in module \VX_cp_fetch_top..
Finding unused cells or wires in module \VX_cp_unpack..
Removed 33 unused cells and 79 unused wires.
<suppressed ~35 debug messages>

16.8. Executing OPT_EXPR pass (perform const folding).
Optimizing module VX_cp_fetch_top.
Optimizing module VX_cp_unpack.

16.9. Rerunning OPT passes. (Maybe there is more to do..)

16.10. Executing OPT_MUXTREE pass (detect dead branches in mux trees).
Running muxtree optimizer on module \VX_cp_fetch_top..
  Creating internal representation of mux trees.
  Evaluating internal representation of mux trees.
  Analyzing evaluation results.
Running muxtree optimizer on module \VX_cp_unpack..
  Creating internal representation of mux trees.
  Evaluating internal representation of mux trees.
  Analyzing evaluation results.
Removed 0 multiplexer ports.
<suppressed ~19 debug messages>

16.11. Executing OPT_REDUCE pass (consolidate $*mux and $reduce_* inputs).
  Optimizing cells in module \VX_cp_fetch_top.
  Optimizing cells in module \VX_cp_unpack.
Performed a total of 0 changes.

16.12. Executing OPT_MERGE pass (detect identical cells).
Finding identical cells in module `\VX_cp_fetch_top'.
Finding identical cells in module `\VX_cp_unpack'.
Removed a total of 0 cells.

16.13. Executing OPT_RMDFF pass (remove dff with constant values).

16.14. Executing OPT_CLEAN pass (remove unused cells and wires).
Finding unused cells or wires in module \VX_cp_fetch_top..
Finding unused cells or wires in module \VX_cp_unpack..

16.15. Executing OPT_EXPR pass (perform const folding).
Optimizing module VX_cp_fetch_top.
Optimizing module VX_cp_unpack.

16.16. Finished OPT passes. (There is nothing left to do.)

17. Executing TECHMAP pass (map to technology primitives).

17.1. Executing Verilog-2005 frontend: <techmap.v>
Parsing SystemVerilog input from `<techmap.v>' to AST representation.
Generating RTLIL representation for module `\_90_simplemap_bool_ops'.
Generating RTLIL representation for module `\_90_simplemap_reduce_ops'.
Generating RTLIL representation for module `\_90_simplemap_logic_ops'.
Generating RTLIL representation for module `\_90_simplemap_compare_ops'.
Generating RTLIL representation for module `\_90_simplemap_various'.
Generating RTLIL representation for module `\_90_simplemap_registers'.
Generating RTLIL representation for module `\_90_shift_ops_shr_shl_sshl_sshr'.
Generating RTLIL representation for module `\_90_shift_shiftx'.
Generating RTLIL representation for module `\_90_fa'.
Generating RTLIL representation for module `\_90_lcu'.
Generating RTLIL representation for module `\_90_alu'.
Generating RTLIL representation for module `\_90_macc'.
Generating RTLIL representation for module `\_90_alumacc'.
Generating RTLIL representation for module `\$__div_mod_u'.
Generating RTLIL representation for module `\$__div_mod'.
Generating RTLIL representation for module `\_90_div'.
Generating RTLIL representation for module `\_90_mod'.
Generating RTLIL representation for module `\_90_pow'.
Generating RTLIL representation for module `\_90_pmux'.
Generating RTLIL representation for module `\_90_lut'.
Successfully finished Verilog frontend.

17.2. Continuing TECHMAP pass.
Using extmapper simplemap for cells of type $not.
Using template $paramod\_90_alu\A_SIGNED=0\B_SIGNED=0\A_WIDTH=1\B_WIDTH=1\Y_WIDTH=1 for cells of type $alu.
Using extmapper simplemap for cells of type $eq.
Using extmapper simplemap for cells of type $logic_not.
Using extmapper simplemap for cells of type $dff.
Using template $paramod\_90_alu\A_SIGNED=0\B_SIGNED=0\A_WIDTH=64\B_WIDTH=64\Y_WIDTH=64 for cells of type $alu.
Using extmapper simplemap for cells of type $and.
Using extmapper simplemap for cells of type $logic_and.
Using extmapper simplemap for cells of type $mux.
Using extmapper simplemap for cells of type $reduce_bool.
Using template $paramod\_90_alu\A_SIGNED=0\B_SIGNED=0\A_WIDTH=2\B_WIDTH=1\Y_WIDTH=2 for cells of type $alu.
Using template $paramod\_90_alu\A_SIGNED=0\B_SIGNED=0\A_WIDTH=1\B_WIDTH=2\Y_WIDTH=2 for cells of type $alu.
Using template $paramod\_90_alu\A_SIGNED=0\B_SIGNED=0\A_WIDTH=7\B_WIDTH=7\Y_WIDTH=7 for cells of type $alu.
Using template $paramod\_90_pmux\WIDTH=2\S_WIDTH=2 for cells of type $pmux.
Using template $paramod\_90_alu\A_SIGNED=0\B_SIGNED=0\A_WIDTH=3\B_WIDTH=3\Y_WIDTH=3 for cells of type $alu.
Using extmapper simplemap for cells of type $pos.
Using template $paramod\_90_lcu\WIDTH=3 for cells of type $lcu.
Using extmapper simplemap for cells of type $xor.
Using template $paramod\_90_lcu\WIDTH=1 for cells of type $lcu.
Using template $paramod\_90_lcu\WIDTH=64 for cells of type $lcu.
Using extmapper simplemap for cells of type $reduce_or.
Using template $paramod\_90_lcu\WIDTH=2 for cells of type $lcu.
Using template $paramod\_90_lcu\WIDTH=7 for cells of type $lcu.
Using extmapper simplemap for cells of type $or.
Using extmapper simplemap for cells of type $reduce_and.
Using template $paramod\_90_alu\A_SIGNED=1\B_SIGNED=1\A_WIDTH=32\B_WIDTH=32\Y_WIDTH=32 for cells of type $alu.
Using template $paramod$constmap:c608454d8f0ca92be8f30a824570f674f93788be$paramod$6406001d14d6111a332cfdc93445d317573b01e8\_90_shift_shiftx for cells of type $shiftx.
Using template $paramod$constmap:d32e0aaece5d28860597cf844ac8e5f9614a5b5b$paramod$dd13d049e6875ed6d7feadb07749b1f866061865\_90_shift_shiftx for cells of type $shiftx.
Using template $paramod\_90_pmux\WIDTH=5\S_WIDTH=4 for cells of type $pmux.
Using template $paramod\_90_alu\A_SIGNED=0\B_SIGNED=0\A_WIDTH=32\B_WIDTH=32\Y_WIDTH=32 for cells of type $alu.
Using template $paramod\_90_lcu\WIDTH=32 for cells of type $lcu.
No more expansions possible.
<suppressed ~14533 debug messages>

18. Executing OPT pass (performing simple optimizations).

18.1. Executing OPT_EXPR pass (perform const folding).
Optimizing module VX_cp_fetch_top.
<suppressed ~1423 debug messages>
Optimizing module VX_cp_unpack.
<suppressed ~44012 debug messages>

18.2. Executing OPT_MERGE pass (detect identical cells).
Finding identical cells in module `\VX_cp_fetch_top'.
<suppressed ~21 debug messages>
Finding identical cells in module `\VX_cp_unpack'.
<suppressed ~6552 debug messages>
Removed a total of 2191 cells.

18.3. Executing OPT_MUXTREE pass (detect dead branches in mux trees).
Running muxtree optimizer on module \VX_cp_fetch_top..
  Creating internal representation of mux trees.
  No muxes found in this module.
Running muxtree optimizer on module \VX_cp_unpack..
  Creating internal representation of mux trees.
  No muxes found in this module.
Removed 0 multiplexer ports.

18.4. Executing OPT_REDUCE pass (consolidate $*mux and $reduce_* inputs).
  Optimizing cells in module \VX_cp_fetch_top.
  Optimizing cells in module \VX_cp_unpack.
Performed a total of 0 changes.

18.5. Executing OPT_MERGE pass (detect identical cells).
Finding identical cells in module `\VX_cp_fetch_top'.
Finding identical cells in module `\VX_cp_unpack'.
Removed a total of 0 cells.

18.6. Executing OPT_RMDFF pass (remove dff with constant values).

18.7. Executing OPT_CLEAN pass (remove unused cells and wires).
Finding unused cells or wires in module \VX_cp_fetch_top..
Finding unused cells or wires in module \VX_cp_unpack..
Removed 362288 unused cells and 11199 unused wires.
<suppressed ~362292 debug messages>

18.8. Executing OPT_EXPR pass (perform const folding).
Optimizing module VX_cp_fetch_top.
Optimizing module VX_cp_unpack.
<suppressed ~7 debug messages>

18.9. Rerunning OPT passes. (Maybe there is more to do..)

18.10. Executing OPT_MUXTREE pass (detect dead branches in mux trees).
Running muxtree optimizer on module \VX_cp_fetch_top..
  Creating internal representation of mux trees.
  No muxes found in this module.
Running muxtree optimizer on module \VX_cp_unpack..
  Creating internal representation of mux trees.
  No muxes found in this module.
Removed 0 multiplexer ports.

18.11. Executing OPT_REDUCE pass (consolidate $*mux and $reduce_* inputs).
  Optimizing cells in module \VX_cp_fetch_top.
  Optimizing cells in module \VX_cp_unpack.
Performed a total of 0 changes.

18.12. Executing OPT_MERGE pass (detect identical cells).
Finding identical cells in module `\VX_cp_fetch_top'.
Finding identical cells in module `\VX_cp_unpack'.
<suppressed ~1326 debug messages>
Removed a total of 442 cells.

18.13. Executing OPT_RMDFF pass (remove dff with constant values).

18.14. Executing OPT_CLEAN pass (remove unused cells and wires).
Finding unused cells or wires in module \VX_cp_fetch_top..
Finding unused cells or wires in module \VX_cp_unpack..
Removed 0 unused cells and 3 unused wires.
<suppressed ~1 debug messages>

18.15. Executing OPT_EXPR pass (perform const folding).
Optimizing module VX_cp_fetch_top.
Optimizing module VX_cp_unpack.

18.16. Rerunning OPT passes. (Maybe there is more to do..)

18.17. Executing OPT_MUXTREE pass (detect dead branches in mux trees).
Running muxtree optimizer on module \VX_cp_fetch_top..
  Creating internal representation of mux trees.
  No muxes found in this module.
Running muxtree optimizer on module \VX_cp_unpack..
  Creating internal representation of mux trees.
  No muxes found in this module.
Removed 0 multiplexer ports.

18.18. Executing OPT_REDUCE pass (consolidate $*mux and $reduce_* inputs).
  Optimizing cells in module \VX_cp_fetch_top.
  Optimizing cells in module \VX_cp_unpack.
Performed a total of 0 changes.

18.19. Executing OPT_MERGE pass (detect identical cells).
Finding identical cells in module `\VX_cp_fetch_top'.
Finding identical cells in module `\VX_cp_unpack'.
Removed a total of 0 cells.

18.20. Executing OPT_RMDFF pass (remove dff with constant values).

18.21. Executing OPT_CLEAN pass (remove unused cells and wires).
Finding unused cells or wires in module \VX_cp_fetch_top..
Finding unused cells or wires in module \VX_cp_unpack..

18.22. Executing OPT_EXPR pass (perform const folding).
Optimizing module VX_cp_fetch_top.
Optimizing module VX_cp_unpack.

18.23. Finished OPT passes. (There is nothing left to do.)

19. Executing Verilog backend.
Dumping module `\VX_cp_fetch_top'.
Dumping module `\VX_cp_unpack'.

20. Executing JSON backend.

21. Executing DFFLIBMAP pass (mapping DFF cells to sequential cells from liberty file).
Warning: Found unsupported expression 'SE*SI+D*!SE' in pin attribute of cell 'SDFFRS_X1' - skipping.
Warning: Found unsupported expression 'SE*SI+D*!SE' in pin attribute of cell 'SDFFRS_X2' - skipping.
Warning: Found unsupported expression 'SE*SI+D*!SE' in pin attribute of cell 'SDFFR_X1' - skipping.
Warning: Found unsupported expression 'SE*SI+D*!SE' in pin attribute of cell 'SDFFR_X2' - skipping.
Warning: Found unsupported expression 'SE*SI+D*!SE' in pin attribute of cell 'SDFFS_X1' - skipping.
Warning: Found unsupported expression 'SE*SI+D*!SE' in pin attribute of cell 'SDFFS_X2' - skipping.
Warning: Found unsupported expression 'SE*SI+D*!SE' in pin attribute of cell 'SDFF_X1' - skipping.
Warning: Found unsupported expression 'SE*SI+D*!SE' in pin attribute of cell 'SDFF_X2' - skipping.
  cell DFF_X1 (noninv, pins=4, area=4.52) is a direct match for cell type $_DFF_P_.
Warning: Found unsupported expression 'SE*SI+D*!SE' in pin attribute of cell 'SDFFRS_X1' - skipping.
Warning: Found unsupported expression 'SE*SI+D*!SE' in pin attribute of cell 'SDFFRS_X2' - skipping.
Warning: Found unsupported expression 'SE*SI+D*!SE' in pin attribute of cell 'SDFFR_X1' - skipping.
Warning: Found unsupported expression 'SE*SI+D*!SE' in pin attribute of cell 'SDFFR_X2' - skipping.
Warning: Found unsupported expression 'SE*SI+D*!SE' in pin attribute of cell 'SDFFS_X1' - skipping.
Warning: Found unsupported expression 'SE*SI+D*!SE' in pin attribute of cell 'SDFFS_X2' - skipping.
Warning: Found unsupported expression 'SE*SI+D*!SE' in pin attribute of cell 'SDFF_X1' - skipping.
Warning: Found unsupported expression 'SE*SI+D*!SE' in pin attribute of cell 'SDFF_X2' - skipping.
  cell DFFR_X1 (noninv, pins=5, area=5.32) is a direct match for cell type $_DFF_PN0_.
Warning: Found unsupported expression 'SE*SI+D*!SE' in pin attribute of cell 'SDFFRS_X1' - skipping.
Warning: Found unsupported expression 'SE*SI+D*!SE' in pin attribute of cell 'SDFFRS_X2' - skipping.
Warning: Found unsupported expression 'SE*SI+D*!SE' in pin attribute of cell 'SDFFR_X1' - skipping.
Warning: Found unsupported expression 'SE*SI+D*!SE' in pin attribute of cell 'SDFFR_X2' - skipping.
Warning: Found unsupported expression 'SE*SI+D*!SE' in pin attribute of cell 'SDFFS_X1' - skipping.
Warning: Found unsupported expression 'SE*SI+D*!SE' in pin attribute of cell 'SDFFS_X2' - skipping.
Warning: Found unsupported expression 'SE*SI+D*!SE' in pin attribute of cell 'SDFF_X1' - skipping.
Warning: Found unsupported expression 'SE*SI+D*!SE' in pin attribute of cell 'SDFF_X2' - skipping.
  cell DFFS_X1 (noninv, pins=5, area=5.32) is a direct match for cell type $_DFF_PN1_.
Warning: Found unsupported expression 'SE*SI+D*!SE' in pin attribute of cell 'SDFFRS_X1' - skipping.
Warning: Found unsupported expression 'SE*SI+D*!SE' in pin attribute of cell 'SDFFRS_X2' - skipping.
Warning: Found unsupported expression 'SE*SI+D*!SE' in pin attribute of cell 'SDFFR_X1' - skipping.
Warning: Found unsupported expression 'SE*SI+D*!SE' in pin attribute of cell 'SDFFR_X2' - skipping.
Warning: Found unsupported expression 'SE*SI+D*!SE' in pin attribute of cell 'SDFFS_X1' - skipping.
Warning: Found unsupported expression 'SE*SI+D*!SE' in pin attribute of cell 'SDFFS_X2' - skipping.
Warning: Found unsupported expression 'SE*SI+D*!SE' in pin attribute of cell 'SDFF_X1' - skipping.
Warning: Found unsupported expression 'SE*SI+D*!SE' in pin attribute of cell 'SDFF_X2' - skipping.
Warning: Found unsupported expression 'SE*SI+D*!SE' in pin attribute of cell 'SDFFRS_X1' - skipping.
Warning: Found unsupported expression 'SE*SI+D*!SE' in pin attribute of cell 'SDFFRS_X2' - skipping.
Warning: Found unsupported expression 'SE*SI+D*!SE' in pin attribute of cell 'SDFFR_X1' - skipping.
Warning: Found unsupported expression 'SE*SI+D*!SE' in pin attribute of cell 'SDFFR_X2' - skipping.
Warning: Found unsupported expression 'SE*SI+D*!SE' in pin attribute of cell 'SDFFS_X1' - skipping.
Warning: Found unsupported expression 'SE*SI+D*!SE' in pin attribute of cell 'SDFFS_X2' - skipping.
Warning: Found unsupported expression 'SE*SI+D*!SE' in pin attribute of cell 'SDFF_X1' - skipping.
Warning: Found unsupported expression 'SE*SI+D*!SE' in pin attribute of cell 'SDFF_X2' - skipping.
Warning: Found unsupported expression 'SE*SI+D*!SE' in pin attribute of cell 'SDFFRS_X1' - skipping.
Warning: Found unsupported expression 'SE*SI+D*!SE' in pin attribute of cell 'SDFFRS_X2' - skipping.
Warning: Found unsupported expression 'SE*SI+D*!SE' in pin attribute of cell 'SDFFR_X1' - skipping.
Warning: Found unsupported expression 'SE*SI+D*!SE' in pin attribute of cell 'SDFFR_X2' - skipping.
Warning: Found unsupported expression 'SE*SI+D*!SE' in pin attribute of cell 'SDFFS_X1' - skipping.
Warning: Found unsupported expression 'SE*SI+D*!SE' in pin attribute of cell 'SDFFS_X2' - skipping.
Warning: Found unsupported expression 'SE*SI+D*!SE' in pin attribute of cell 'SDFF_X1' - skipping.
Warning: Found unsupported expression 'SE*SI+D*!SE' in pin attribute of cell 'SDFF_X2' - skipping.
  cell DFFRS_X1 (noninv, pins=6, area=6.38) is a direct match for cell type $_DFFSR_PNN_.
Warning: Found unsupported expression 'SE*SI+D*!SE' in pin attribute of cell 'SDFFRS_X1' - skipping.
Warning: Found unsupported expression 'SE*SI+D*!SE' in pin attribute of cell 'SDFFRS_X2' - skipping.
Warning: Found unsupported expression 'SE*SI+D*!SE' in pin attribute of cell 'SDFFR_X1' - skipping.
Warning: Found unsupported expression 'SE*SI+D*!SE' in pin attribute of cell 'SDFFR_X2' - skipping.
Warning: Found unsupported expression 'SE*SI+D*!SE' in pin attribute of cell 'SDFFS_X1' - skipping.
Warning: Found unsupported expression 'SE*SI+D*!SE' in pin attribute of cell 'SDFFS_X2' - skipping.
Warning: Found unsupported expression 'SE*SI+D*!SE' in pin attribute of cell 'SDFF_X1' - skipping.
Warning: Found unsupported expression 'SE*SI+D*!SE' in pin attribute of cell 'SDFF_X2' - skipping.
Warning: Found unsupported expression 'SE*SI+D*!SE' in pin attribute of cell 'SDFFRS_X1' - skipping.
Warning: Found unsupported expression 'SE*SI+D*!SE' in pin attribute of cell 'SDFFRS_X2' - skipping.
Warning: Found unsupported expression 'SE*SI+D*!SE' in pin attribute of cell 'SDFFR_X1' - skipping.
Warning: Found unsupported expression 'SE*SI+D*!SE' in pin attribute of cell 'SDFFR_X2' - skipping.
Warning: Found unsupported expression 'SE*SI+D*!SE' in pin attribute of cell 'SDFFS_X1' - skipping.
Warning: Found unsupported expression 'SE*SI+D*!SE' in pin attribute of cell 'SDFFS_X2' - skipping.
Warning: Found unsupported expression 'SE*SI+D*!SE' in pin attribute of cell 'SDFF_X1' - skipping.
Warning: Found unsupported expression 'SE*SI+D*!SE' in pin attribute of cell 'SDFF_X2' - skipping.
Warning: Found unsupported expression 'SE*SI+D*!SE' in pin attribute of cell 'SDFFRS_X1' - skipping.
Warning: Found unsupported expression 'SE*SI+D*!SE' in pin attribute of cell 'SDFFRS_X2' - skipping.
Warning: Found unsupported expression 'SE*SI+D*!SE' in pin attribute of cell 'SDFFR_X1' - skipping.
Warning: Found unsupported expression 'SE*SI+D*!SE' in pin attribute of cell 'SDFFR_X2' - skipping.
Warning: Found unsupported expression 'SE*SI+D*!SE' in pin attribute of cell 'SDFFS_X1' - skipping.
Warning: Found unsupported expression 'SE*SI+D*!SE' in pin attribute of cell 'SDFFS_X2' - skipping.
Warning: Found unsupported expression 'SE*SI+D*!SE' in pin attribute of cell 'SDFF_X1' - skipping.
Warning: Found unsupported expression 'SE*SI+D*!SE' in pin attribute of cell 'SDFF_X2' - skipping.
  create mapping for $_DFF_PP0_ from mapping for $_DFF_PN0_.
  create mapping for $_DFF_PP1_ from mapping for $_DFF_PN1_.
  create mapping for $_DFFSR_PPN_ from mapping for $_DFFSR_PNN_.
  create mapping for $_DFFSR_PNP_ from mapping for $_DFFSR_PNN_.
  create mapping for $_DFFSR_PPP_ from mapping for $_DFFSR_PNP_.
  create mapping for $_DFF_N_ from mapping for $_DFF_P_.
  create mapping for $_DFF_NN0_ from mapping for $_DFF_PN0_.
  create mapping for $_DFF_NP0_ from mapping for $_DFF_NN0_.
  create mapping for $_DFF_NN1_ from mapping for $_DFF_NN0_.
  create mapping for $_DFF_NP1_ from mapping for $_DFF_NN1_.
  create mapping for $_DFFSR_NNN_ from mapping for $_DFFSR_PNN_.
  create mapping for $_DFFSR_NPN_ from mapping for $_DFFSR_NNN_.
  create mapping for $_DFFSR_NNP_ from mapping for $_DFFSR_NNN_.
  create mapping for $_DFFSR_NPP_ from mapping for $_DFFSR_NNP_.
  final dff cell mappings:
    DFF_X1 _DFF_N_ (.CK(~C), .D( D), .Q( Q), .QN(~Q));
    DFF_X1 _DFF_P_ (.CK( C), .D( D), .Q( Q), .QN(~Q));
    DFFR_X1 _DFF_NN0_ (.CK(~C), .D( D), .Q( Q), .QN(~Q), .RN( R));
    DFFR_X1 _DFF_NN1_ (.CK(~C), .D(~D), .Q(~Q), .QN( Q), .RN( R));
    DFFR_X1 _DFF_NP0_ (.CK(~C), .D( D), .Q( Q), .QN(~Q), .RN(~R));
    DFFR_X1 _DFF_NP1_ (.CK(~C), .D(~D), .Q(~Q), .QN( Q), .RN(~R));
    DFFR_X1 _DFF_PN0_ (.CK( C), .D( D), .Q( Q), .QN(~Q), .RN( R));
    DFFS_X1 _DFF_PN1_ (.CK( C), .D( D), .Q( Q), .QN(~Q), .SN( R));
    DFFR_X1 _DFF_PP0_ (.CK( C), .D( D), .Q( Q), .QN(~Q), .RN(~R));
    DFFS_X1 _DFF_PP1_ (.CK( C), .D( D), .Q( Q), .QN(~Q), .SN(~R));
    DFFRS_X1 _DFFSR_NNN_ (.CK(~C), .D( D), .Q( Q), .QN(~Q), .RN( R), .SN( S));
    DFFRS_X1 _DFFSR_NNP_ (.CK(~C), .D( D), .Q( Q), .QN(~Q), .RN(~R), .SN( S));
    DFFRS_X1 _DFFSR_NPN_ (.CK(~C), .D( D), .Q( Q), .QN(~Q), .RN( R), .SN(~S));
    DFFRS_X1 _DFFSR_NPP_ (.CK(~C), .D( D), .Q( Q), .QN(~Q), .RN(~R), .SN(~S));
    DFFRS_X1 _DFFSR_PNN_ (.CK( C), .D( D), .Q( Q), .QN(~Q), .RN( R), .SN( S));
    DFFRS_X1 _DFFSR_PNP_ (.CK( C), .D( D), .Q( Q), .QN(~Q), .RN(~R), .SN( S));
    DFFRS_X1 _DFFSR_PPN_ (.CK( C), .D( D), .Q( Q), .QN(~Q), .RN( R), .SN(~S));
    DFFRS_X1 _DFFSR_PPP_ (.CK( C), .D( D), .Q( Q), .QN(~Q), .RN(~R), .SN(~S));
Mapping DFF cells in module `\VX_cp_fetch_top':
  mapped 1165 $_DFF_P_ cells to \DFF_X1 cells.
Mapping DFF cells in module `\VX_cp_unpack':

22. Executing ABC pass (technology mapping using ABC).

22.1. Extracting gate netlist of module `\VX_cp_fetch_top' to `<abc-temp-dir>/input.blif'..
Extracted 2878 gates and 4715 wires to a netlist network with 1835 inputs and 1744 outputs.

22.1.1. Executing ABC.
Running ABC command: berkeley-abc -s -f <abc-temp-dir>/abc.script 2>&1
ABC: ABC command line: "source <abc-temp-dir>/abc.script".
ABC: 
ABC: + read_blif <abc-temp-dir>/input.blif 
ABC: + read_lib -w /home/houdong/vortex/hw/syn/libs/NangateOpenCellLibrary_typical.lib 
ABC: Parsing finished successfully.  Parsing time =     0.02 sec
ABC: Scl_LibertyReadGenlib() skipped cell "ANTENNA_X1" due to dont_use attribute.
ABC: Scl_LibertyReadGenlib() skipped cell "CLKGATETST_X1" without logic function.
ABC: Scl_LibertyReadGenlib() skipped cell "CLKGATETST_X2" without logic function.
ABC: Scl_LibertyReadGenlib() skipped cell "CLKGATETST_X4" without logic function.
ABC: Scl_LibertyReadGenlib() skipped cell "CLKGATETST_X8" without logic function.
ABC: Scl_LibertyReadGenlib() skipped cell "CLKGATE_X1" without logic function.
ABC: Scl_LibertyReadGenlib() skipped cell "CLKGATE_X2" without logic function.
ABC: Scl_LibertyReadGenlib() skipped cell "CLKGATE_X4" without logic function.
ABC: Scl_LibertyReadGenlib() skipped cell "CLKGATE_X8" without logic function.
ABC: Scl_LibertyReadGenlib() skipped sequential cell "DFFRS_X1".
ABC: Scl_LibertyReadGenlib() skipped sequential cell "DFFRS_X2".
ABC: Scl_LibertyReadGenlib() skipped sequential cell "DFFR_X1".
ABC: Scl_LibertyReadGenlib() skipped sequential cell "DFFR_X2".
ABC: Scl_LibertyReadGenlib() skipped sequential cell "DFFS_X1".
ABC: Scl_LibertyReadGenlib() skipped sequential cell "DFFS_X2".
ABC: Scl_LibertyReadGenlib() skipped sequential cell "DFF_X1".
ABC: Scl_LibertyReadGenlib() skipped sequential cell "DFF_X2".
ABC: Scl_LibertyReadGenlib() skipped sequential cell "DLH_X1".
ABC: Scl_LibertyReadGenlib() skipped sequential cell "DLH_X2".
ABC: Scl_LibertyReadGenlib() skipped sequential cell "DLL_X1".
ABC: Scl_LibertyReadGenlib() skipped sequential cell "DLL_X2".
ABC: Scl_LibertyReadGenlib() skipped cell "FILLCELL_X1" due to dont_use attribute.
ABC: Scl_LibertyReadGenlib() skipped cell "TAPCELL_X1" due to dont_use attribute.
ABC: Scl_LibertyReadGenlib() skipped cell "FILLCELL_X2" due to dont_use attribute.
ABC: Scl_LibertyReadGenlib() skipped cell "FILLCELL_X4" due to dont_use attribute.
ABC: Scl_LibertyReadGenlib() skipped cell "FILLCELL_X8" due to dont_use attribute.
ABC: Scl_LibertyReadGenlib() skipped cell "FILLCELL_X16" due to dont_use attribute.
ABC: Scl_LibertyReadGenlib() skipped cell "FILLCELL_X32" due to dont_use attribute.
ABC: Scl_LibertyReadGenlib() skipped cell "LOGIC0_X1" due to dont_use attribute.
ABC: Scl_LibertyReadGenlib() skipped cell "LOGIC1_X1" due to dont_use attribute.
ABC: Scl_LibertyReadGenlib() skipped sequential cell "SDFFRS_X1".
ABC: Scl_LibertyReadGenlib() skipped sequential cell "SDFFRS_X2".
ABC: Scl_LibertyReadGenlib() skipped sequential cell "SDFFR_X1".
ABC: Scl_LibertyReadGenlib() skipped sequential cell "SDFFR_X2".
ABC: Scl_LibertyReadGenlib() skipped sequential cell "SDFFS_X1".
ABC: Scl_LibertyReadGenlib() skipped sequential cell "SDFFS_X2".
ABC: Scl_LibertyReadGenlib() skipped sequential cell "SDFF_X1".
ABC: Scl_LibertyReadGenlib() skipped sequential cell "SDFF_X2".
ABC: Scl_LibertyReadGenlib() skipped three-state cell "TBUF_X1".
ABC: Scl_LibertyReadGenlib() skipped three-state cell "TBUF_X2".
ABC: Scl_LibertyReadGenlib() skipped three-state cell "TBUF_X4".
ABC: Scl_LibertyReadGenlib() skipped three-state cell "TBUF_X8".
ABC: Scl_LibertyReadGenlib() skipped three-state cell "TBUF_X16".
ABC: Scl_LibertyReadGenlib() skipped three-state cell "TINV_X1".
ABC: Scl_LibertyReadGenlib() skipped sequential cell "TLAT_X1".
ABC: Library "NangateOpenCellLibrary" from "/home/houdong/vortex/hw/syn/libs/NangateOpenCellLibrary_typical.lib" has 90 cells (35 skipped: 21 seq; 6 tri-state; 8 no func; 10 dont_use).  Time =     0.03 sec
ABC: Memory =    8.88 MB. Time =     0.03 sec
ABC: Warning: Detected 2 multi-output gates (for example, "FA_X1").
ABC: + strash 
ABC: + ifraig 
ABC: + scorr 
ABC: Warning: The network is combinational (run "fraig" or "fraig_sweep").
ABC: + dc2 
ABC: + dretime 
ABC: + retime -D 2.5 
ABC: + strash 
ABC: + &get -n 
ABC: + &dch -f 
ABC: + &nf -D 2.5 
ABC: + &put 
ABC: + write_blif <abc-temp-dir>/output.blif 

22.1.2. Re-integrating ABC results.
ABC RESULTS:           AND2_X1 cells:       70
ABC RESULTS:           AND3_X1 cells:       36
ABC RESULTS:           AND4_X1 cells:       16
ABC RESULTS:         AOI211_X1 cells:       28
ABC RESULTS:          AOI21_X1 cells:      111
ABC RESULTS:         AOI221_X1 cells:        3
ABC RESULTS:          AOI22_X1 cells:       11
ABC RESULTS:            INV_X1 cells:      113
ABC RESULTS:           MUX2_X1 cells:     1537
ABC RESULTS:          NAND2_X1 cells:       52
ABC RESULTS:          NAND3_X1 cells:       31
ABC RESULTS:          NAND4_X1 cells:       21
ABC RESULTS:           NOR2_X1 cells:      117
ABC RESULTS:           NOR3_X1 cells:       39
ABC RESULTS:           NOR4_X1 cells:       14
ABC RESULTS:         OAI211_X1 cells:       15
ABC RESULTS:          OAI21_X1 cells:      110
ABC RESULTS:         OAI221_X1 cells:        3
ABC RESULTS:          OAI22_X1 cells:       15
ABC RESULTS:            OR2_X1 cells:       10
ABC RESULTS:            OR3_X1 cells:        4
ABC RESULTS:            OR4_X1 cells:        1
ABC RESULTS:          XNOR2_X1 cells:       55
ABC RESULTS:           XOR2_X1 cells:       39
ABC RESULTS:        internal signals:     1136
ABC RESULTS:           input signals:     1835
ABC RESULTS:          output signals:     1744
Removing temp directory.

22.2. Extracting gate netlist of module `\VX_cp_unpack' to `<abc-temp-dir>/input.blif'..
Extracted 57292 gates and 57814 wires to a netlist network with 519 inputs and 293 outputs.

22.2.1. Executing ABC.
Running ABC command: berkeley-abc -s -f <abc-temp-dir>/abc.script 2>&1
ABC: ABC command line: "source <abc-temp-dir>/abc.script".
ABC: 
ABC: + read_blif <abc-temp-dir>/input.blif 
ABC: + read_lib -w /home/houdong/vortex/hw/syn/libs/NangateOpenCellLibrary_typical.lib 
ABC: Parsing finished successfully.  Parsing time =     0.02 sec
ABC: Scl_LibertyReadGenlib() skipped cell "ANTENNA_X1" due to dont_use attribute.
ABC: Scl_LibertyReadGenlib() skipped cell "CLKGATETST_X1" without logic function.
ABC: Scl_LibertyReadGenlib() skipped cell "CLKGATETST_X2" without logic function.
ABC: Scl_LibertyReadGenlib() skipped cell "CLKGATETST_X4" without logic function.
ABC: Scl_LibertyReadGenlib() skipped cell "CLKGATETST_X8" without logic function.
ABC: Scl_LibertyReadGenlib() skipped cell "CLKGATE_X1" without logic function.
ABC: Scl_LibertyReadGenlib() skipped cell "CLKGATE_X2" without logic function.
ABC: Scl_LibertyReadGenlib() skipped cell "CLKGATE_X4" without logic function.
ABC: Scl_LibertyReadGenlib() skipped cell "CLKGATE_X8" without logic function.
ABC: Scl_LibertyReadGenlib() skipped sequential cell "DFFRS_X1".
ABC: Scl_LibertyReadGenlib() skipped sequential cell "DFFRS_X2".
ABC: Scl_LibertyReadGenlib() skipped sequential cell "DFFR_X1".
ABC: Scl_LibertyReadGenlib() skipped sequential cell "DFFR_X2".
ABC: Scl_LibertyReadGenlib() skipped sequential cell "DFFS_X1".
ABC: Scl_LibertyReadGenlib() skipped sequential cell "DFFS_X2".
ABC: Scl_LibertyReadGenlib() skipped sequential cell "DFF_X1".
ABC: Scl_LibertyReadGenlib() skipped sequential cell "DFF_X2".
ABC: Scl_LibertyReadGenlib() skipped sequential cell "DLH_X1".
ABC: Scl_LibertyReadGenlib() skipped sequential cell "DLH_X2".
ABC: Scl_LibertyReadGenlib() skipped sequential cell "DLL_X1".
ABC: Scl_LibertyReadGenlib() skipped sequential cell "DLL_X2".
ABC: Scl_LibertyReadGenlib() skipped cell "FILLCELL_X1" due to dont_use attribute.
ABC: Scl_LibertyReadGenlib() skipped cell "TAPCELL_X1" due to dont_use attribute.
ABC: Scl_LibertyReadGenlib() skipped cell "FILLCELL_X2" due to dont_use attribute.
ABC: Scl_LibertyReadGenlib() skipped cell "FILLCELL_X4" due to dont_use attribute.
ABC: Scl_LibertyReadGenlib() skipped cell "FILLCELL_X8" due to dont_use attribute.
ABC: Scl_LibertyReadGenlib() skipped cell "FILLCELL_X16" due to dont_use attribute.
ABC: Scl_LibertyReadGenlib() skipped cell "FILLCELL_X32" due to dont_use attribute.
ABC: Scl_LibertyReadGenlib() skipped cell "LOGIC0_X1" due to dont_use attribute.
ABC: Scl_LibertyReadGenlib() skipped cell "LOGIC1_X1" due to dont_use attribute.
ABC: Scl_LibertyReadGenlib() skipped sequential cell "SDFFRS_X1".
ABC: Scl_LibertyReadGenlib() skipped sequential cell "SDFFRS_X2".
ABC: Scl_LibertyReadGenlib() skipped sequential cell "SDFFR_X1".
ABC: Scl_LibertyReadGenlib() skipped sequential cell "SDFFR_X2".
ABC: Scl_LibertyReadGenlib() skipped sequential cell "SDFFS_X1".
ABC: Scl_LibertyReadGenlib() skipped sequential cell "SDFFS_X2".
ABC: Scl_LibertyReadGenlib() skipped sequential cell "SDFF_X1".
ABC: Scl_LibertyReadGenlib() skipped sequential cell "SDFF_X2".
ABC: Scl_LibertyReadGenlib() skipped three-state cell "TBUF_X1".
ABC: Scl_LibertyReadGenlib() skipped three-state cell "TBUF_X2".
ABC: Scl_LibertyReadGenlib() skipped three-state cell "TBUF_X4".
ABC: Scl_LibertyReadGenlib() skipped three-state cell "TBUF_X8".
ABC: Scl_LibertyReadGenlib() skipped three-state cell "TBUF_X16".
ABC: Scl_LibertyReadGenlib() skipped three-state cell "TINV_X1".
ABC: Scl_LibertyReadGenlib() skipped sequential cell "TLAT_X1".
ABC: Library "NangateOpenCellLibrary" from "/home/houdong/vortex/hw/syn/libs/NangateOpenCellLibrary_typical.lib" has 90 cells (35 skipped: 21 seq; 6 tri-state; 8 no func; 10 dont_use).  Time =     0.03 sec
ABC: Memory =    8.88 MB. Time =     0.03 sec
ABC: Warning: Detected 2 multi-output gates (for example, "FA_X1").
ABC: + strash 
ABC: + ifraig 
ABC: + scorr 
ABC: Warning: The network is combinational (run "fraig" or "fraig_sweep").
ABC: + dc2 
ABC: + dretime 
ABC: + retime -D 2.5 
ABC: + strash 
ABC: + &get -n 
ABC: + &dch -f 
ABC: + &nf -D 2.5 
ABC: + &put 
ABC: + write_blif <abc-temp-dir>/output.blif 

22.2.2. Re-integrating ABC results.
ABC RESULTS:           AND2_X1 cells:      266
ABC RESULTS:           AND3_X1 cells:       77
ABC RESULTS:           AND4_X1 cells:       23
ABC RESULTS:         AOI211_X1 cells:     1514
ABC RESULTS:          AOI21_X1 cells:     3574
ABC RESULTS:         AOI221_X1 cells:      379
ABC RESULTS:         AOI222_X1 cells:       36
ABC RESULTS:          AOI22_X1 cells:      663
ABC RESULTS:            INV_X1 cells:      439
ABC RESULTS:           MUX2_X1 cells:     2579
ABC RESULTS:          NAND2_X1 cells:     2210
ABC RESULTS:          NAND3_X1 cells:      760
ABC RESULTS:          NAND4_X1 cells:       70
ABC RESULTS:           NOR2_X1 cells:     2715
ABC RESULTS:           NOR3_X1 cells:      571
ABC RESULTS:           NOR4_X1 cells:      119
ABC RESULTS:         OAI211_X1 cells:     2273
ABC RESULTS:          OAI21_X1 cells:     3722
ABC RESULTS:         OAI221_X1 cells:      925
ABC RESULTS:         OAI222_X1 cells:       12
ABC RESULTS:          OAI22_X1 cells:      666
ABC RESULTS:          OAI33_X1 cells:       83
ABC RESULTS:            OR2_X1 cells:      329
ABC RESULTS:            OR3_X1 cells:       63
ABC RESULTS:            OR4_X1 cells:       27
ABC RESULTS:          XNOR2_X1 cells:       64
ABC RESULTS:           XOR2_X1 cells:        5
ABC RESULTS:          _const0_ cells:        4
ABC RESULTS:        internal signals:    57002
ABC RESULTS:           input signals:      519
ABC RESULTS:          output signals:      293
Removing temp directory.

23. Printing statistics.

=== VX_cp_fetch_top ===

   Number of wires:               5982
   Number of wire bits:          14667
   Number of public wires:          77
   Number of public wire bits:    6146
   Number of memories:               0
   Number of memory bits:            0
   Number of processes:              0
   Number of cells:               3617
     AND2_X1                        70
     AND3_X1                        36
     AND4_X1                        16
     AOI211_X1                      28
     AOI21_X1                      111
     AOI221_X1                       3
     AOI22_X1                       11
     DFF_X1                       1165
     INV_X1                        113
     MUX2_X1                      1537
     NAND2_X1                       52
     NAND3_X1                       31
     NAND4_X1                       21
     NOR2_X1                       117
     NOR3_X1                        39
     NOR4_X1                        14
     OAI211_X1                      15
     OAI21_X1                      110
     OAI221_X1                       3
     OAI22_X1                       15
     OR2_X1                         10
     OR3_X1                          4
     OR4_X1                          1
     VX_cp_unpack                    1
     XNOR2_X1                       55
     XOR2_X1                        39

   Area for cell type \VX_cp_unpack is unknown!

   Chip area for module '\VX_cp_fetch_top': 9097.998000

=== VX_cp_unpack ===

   Number of wires:              25759
   Number of wire bits:         586644
   Number of public wires:           7
   Number of public wire bits:     848
   Number of memories:               0
   Number of memory bits:            0
   Number of processes:              0
   Number of cells:              24164
     AND2_X1                       266
     AND3_X1                        77
     AND4_X1                        23
     AOI211_X1                    1514
     AOI21_X1                     3574
     AOI221_X1                     379
     AOI222_X1                      36
     AOI22_X1                      663
     INV_X1                        439
     MUX2_X1                      2579
     NAND2_X1                     2210
     NAND3_X1                      760
     NAND4_X1                       70
     NOR2_X1                      2715
     NOR3_X1                       571
     NOR4_X1                       119
     OAI211_X1                    2273
     OAI21_X1                     3722
     OAI221_X1                     925
     OAI222_X1                      12
     OAI22_X1                      666
     OAI33_X1                       83
     OR2_X1                        329
     OR3_X1                         63
     OR4_X1                         27
     XNOR2_X1                       64
     XOR2_X1                         5

   Chip area for module '\VX_cp_unpack': 28547.652000

=== design hierarchy ===

   VX_cp_fetch_top                   1
     VX_cp_unpack                    1

   Number of wires:              31741
   Number of wire bits:         601311
   Number of public wires:          84
   Number of public wire bits:    6994
   Number of memories:               0
   Number of memory bits:            0
   Number of processes:              0
   Number of cells:              27780
     AND2_X1                       336
     AND3_X1                       113
     AND4_X1                        39
     AOI211_X1                    1542
     AOI21_X1                     3685
     AOI221_X1                     382
     AOI222_X1                      36
     AOI22_X1                      674
     DFF_X1                       1165
     INV_X1                        552
     MUX2_X1                      4116
     NAND2_X1                     2262
     NAND3_X1                      791
     NAND4_X1                       91
     NOR2_X1                      2832
     NOR3_X1                       610
     NOR4_X1                       133
     OAI211_X1                    2288
     OAI21_X1                     3832
     OAI221_X1                     928
     OAI222_X1                      12
     OAI22_X1                      681
     OAI33_X1                       83
     OR2_X1                        339
     OR3_X1                         67
     OR4_X1                         28
     XNOR2_X1                      119
     XOR2_X1                        44

   Chip area for top module '\VX_cp_fetch_top': 37645.650000

24. Executing Verilog backend.
Dumping module `\VX_cp_fetch_top'.
Dumping module `\VX_cp_unpack'.

Warnings: 8 unique messages, 72 total
End of script. Logfile hash: 1995f5327a
CPU: user 63.00s system 0.27s, MEM: 1055.54 MB total, 1047.36 MB resident
Yosys 0.9 (git sha1 1979e0b)
Time spent: 56% 23x opt_merge (35 sec), 13% 25x opt_expr (8 sec), ...
