
 /----------------------------------------------------------------------------\
 |                                                                            |
 |  yosys -- Yosys Open SYnthesis Suite                                       |
 |                                                                            |
 |  Copyright (C) 2012 - 2019  Clifford Wolf <clifford@clifford.at>           |
 |                                                                            |
 |  Permission to use, copy, modify, and/or distribute this software for any  |
 |  purpose with or without fee is hereby granted, provided that the above    |
 |  copyright notice and this permission notice appear in all copies.         |
 |                                                                            |
 |  THE SOFTWARE IS PROVIDED "AS IS" AND THE AUTHOR DISCLAIMS ALL WARRANTIES  |
 |  WITH REGARD TO THIS SOFTWARE INCLUDING ALL IMPLIED WARRANTIES OF          |
 |  MERCHANTABILITY AND FITNESS. IN NO EVENT SHALL THE AUTHOR BE LIABLE FOR   |
 |  ANY SPECIAL, DIRECT, INDIRECT, OR CONSEQUENTIAL DAMAGES OR ANY DAMAGES    |
 |  WHATSOEVER RESULTING FROM LOSS OF USE, DATA OR PROFITS, WHETHER IN AN     |
 |  ACTION OF CONTRACT, NEGLIGENCE OR OTHER TORTIOUS ACTION, ARISING OUT OF   |
 |  OR IN CONNECTION WITH THE USE OR PERFORMANCE OF THIS SOFTWARE.            |
 |                                                                            |
 \----------------------------------------------------------------------------/

 Yosys 0.9 (git sha1 1979e0b)


-- Running command `read_verilog -defer results/exp08/ppa/aging/arbiter_input.v; synth_xilinx -flatten -family xc7 -top VX_cp_arbiter_top; stat' --

1. Executing Verilog-2005 frontend: results/exp08/ppa/aging/arbiter_input.v
Parsing Verilog input from `results/exp08/ppa/aging/arbiter_input.v' to AST representation.
Storing AST representation for module `$abstract\VX_cp_arbiter'.
Storing AST representation for module `$abstract\VX_cp_arbiter_top'.
Successfully finished Verilog frontend.

2. Executing SYNTH_XILINX pass.

2.1. Executing Verilog-2005 frontend: /home/houdong/tool/yosys/bin/../share/yosys/xilinx/cells_sim.v
Parsing Verilog input from `/home/houdong/tool/yosys/bin/../share/yosys/xilinx/cells_sim.v' to AST representation.
Generating RTLIL representation for module `\VCC'.
Generating RTLIL representation for module `\GND'.
Generating RTLIL representation for module `\IBUF'.
Generating RTLIL representation for module `\OBUF'.
Generating RTLIL representation for module `\BUFG'.
Generating RTLIL representation for module `\BUFGCTRL'.
Generating RTLIL representation for module `\BUFHCE'.
Generating RTLIL representation for module `\INV'.
Generating RTLIL representation for module `\LUT1'.
Generating RTLIL representation for module `\LUT2'.
Generating RTLIL representation for module `\LUT3'.
Generating RTLIL representation for module `\LUT4'.
Generating RTLIL representation for module `\LUT5'.
Generating RTLIL representation for module `\LUT6'.
Generating RTLIL representation for module `\LUT6_2'.
Generating RTLIL representation for module `\MUXCY'.
Generating RTLIL representation for module `\MUXF7'.
Generating RTLIL representation for module `\MUXF8'.
Generating RTLIL representation for module `\XORCY'.
Generating RTLIL representation for module `\CARRY4'.
Generating RTLIL representation for module `\FDRE'.
Generating RTLIL representation for module `\FDSE'.
Generating RTLIL representation for module `\FDCE'.
Generating RTLIL representation for module `\FDPE'.
Generating RTLIL representation for module `\FDRE_1'.
Generating RTLIL representation for module `\FDSE_1'.
Generating RTLIL representation for module `\FDCE_1'.
Generating RTLIL representation for module `\FDPE_1'.
Generating RTLIL representation for module `\RAM32X1D'.
Generating RTLIL representation for module `\RAM64X1D'.
Generating RTLIL representation for module `\RAM128X1D'.
Generating RTLIL representation for module `\SRL16E'.
Generating RTLIL representation for module `\SRLC32E'.
Successfully finished Verilog frontend.

2.2. Executing Verilog-2005 frontend: /home/houdong/tool/yosys/bin/../share/yosys/xilinx/cells_xtra.v
Parsing Verilog input from `/home/houdong/tool/yosys/bin/../share/yosys/xilinx/cells_xtra.v' to AST representation.
Generating RTLIL representation for module `\BSCANE2'.
Generating RTLIL representation for module `\BUFGCE'.
Generating RTLIL representation for module `\BUFGCE_1'.
Generating RTLIL representation for module `\BUFGMUX'.
Generating RTLIL representation for module `\BUFGMUX_1'.
Generating RTLIL representation for module `\BUFGMUX_CTRL'.
Generating RTLIL representation for module `\BUFH'.
Generating RTLIL representation for module `\BUFIO'.
Generating RTLIL representation for module `\BUFMR'.
Generating RTLIL representation for module `\BUFMRCE'.
Generating RTLIL representation for module `\BUFR'.
Generating RTLIL representation for module `\CAPTUREE2'.
Generating RTLIL representation for module `\CFGLUT5'.
Generating RTLIL representation for module `\DCIRESET'.
Generating RTLIL representation for module `\DNA_PORT'.
Generating RTLIL representation for module `\DSP48E1'.
Generating RTLIL representation for module `\EFUSE_USR'.
Generating RTLIL representation for module `\FIFO18E1'.
Generating RTLIL representation for module `\FIFO36E1'.
Generating RTLIL representation for module `\FRAME_ECCE2'.
Generating RTLIL representation for module `\GTHE2_CHANNEL'.
Generating RTLIL representation for module `\GTHE2_COMMON'.
Generating RTLIL representation for module `\GTPE2_CHANNEL'.
Generating RTLIL representation for module `\GTPE2_COMMON'.
Generating RTLIL representation for module `\GTXE2_CHANNEL'.
Generating RTLIL representation for module `\GTXE2_COMMON'.
Generating RTLIL representation for module `\IBUF_IBUFDISABLE'.
Generating RTLIL representation for module `\IBUF_INTERMDISABLE'.
Generating RTLIL representation for module `\IBUFDS'.
Generating RTLIL representation for module `\IBUFDS_DIFF_OUT'.
Generating RTLIL representation for module `\IBUFDS_DIFF_OUT_IBUFDISABLE'.
Generating RTLIL representation for module `\IBUFDS_DIFF_OUT_INTERMDISABLE'.
Generating RTLIL representation for module `\IBUFDS_GTE2'.
Generating RTLIL representation for module `\IBUFDS_IBUFDISABLE'.
Generating RTLIL representation for module `\IBUFDS_INTERMDISABLE'.
Generating RTLIL representation for module `\ICAPE2'.
Generating RTLIL representation for module `\IDDR'.
Generating RTLIL representation for module `\IDDR_2CLK'.
Generating RTLIL representation for module `\IDELAYCTRL'.
Generating RTLIL representation for module `\IDELAYE2'.
Generating RTLIL representation for module `\IN_FIFO'.
Generating RTLIL representation for module `\IOBUF'.
Generating RTLIL representation for module `\IOBUF_DCIEN'.
Generating RTLIL representation for module `\IOBUF_INTERMDISABLE'.
Generating RTLIL representation for module `\IOBUFDS'.
Generating RTLIL representation for module `\IOBUFDS_DCIEN'.
Generating RTLIL representation for module `\IOBUFDS_DIFF_OUT'.
Generating RTLIL representation for module `\IOBUFDS_DIFF_OUT_DCIEN'.
Generating RTLIL representation for module `\IOBUFDS_DIFF_OUT_INTERMDISABLE'.
Generating RTLIL representation for module `\ISERDESE2'.
Generating RTLIL representation for module `\KEEPER'.
Generating RTLIL representation for module `\LDCE'.
Generating RTLIL representation for module `\LDPE'.
Generating RTLIL representation for module `\MMCME2_ADV'.
Generating RTLIL representation for module `\MMCME2_BASE'.
Generating RTLIL representation for module `\OBUFDS'.
Generating RTLIL representation for module `\OBUFT'.
Generating RTLIL representation for module `\OBUFTDS'.
Generating RTLIL representation for module `\ODDR'.
Generating RTLIL representation for module `\ODELAYE2'.
Generating RTLIL representation for module `\OSERDESE2'.
Generating RTLIL representation for module `\OUT_FIFO'.
Generating RTLIL representation for module `\PHASER_IN'.
Generating RTLIL representation for module `\PHASER_IN_PHY'.
Generating RTLIL representation for module `\PHASER_OUT'.
Generating RTLIL representation for module `\PHASER_OUT_PHY'.
Generating RTLIL representation for module `\PHASER_REF'.
Generating RTLIL representation for module `\PHY_CONTROL'.
Generating RTLIL representation for module `\PLLE2_ADV'.
Generating RTLIL representation for module `\PLLE2_BASE'.
Generating RTLIL representation for module `\PS7'.
Generating RTLIL representation for module `\PULLDOWN'.
Generating RTLIL representation for module `\PULLUP'.
Generating RTLIL representation for module `\RAM128X1S'.
Generating RTLIL representation for module `\RAM256X1S'.
Generating RTLIL representation for module `\RAM32M'.
Generating RTLIL representation for module `\RAM32X1S'.
Generating RTLIL representation for module `\RAM32X1S_1'.
Generating RTLIL representation for module `\RAM32X2S'.
Generating RTLIL representation for module `\RAM64M'.
Replacing existing blackbox module `\RAM64X1D' at /home/houdong/tool/yosys/bin/../share/yosys/xilinx/cells_xtra.v:3741.
Generating RTLIL representation for module `\RAM64X1D'.
Generating RTLIL representation for module `\RAM64X1S'.
Generating RTLIL representation for module `\RAM64X1S_1'.
Generating RTLIL representation for module `\RAM64X2S'.
Generating RTLIL representation for module `\ROM128X1'.
Generating RTLIL representation for module `\ROM256X1'.
Generating RTLIL representation for module `\ROM32X1'.
Generating RTLIL representation for module `\ROM64X1'.
Generating RTLIL representation for module `\STARTUPE2'.
Generating RTLIL representation for module `\USR_ACCESSE2'.
Generating RTLIL representation for module `\XADC'.
Successfully finished Verilog frontend.

2.3. Executing Verilog-2005 frontend: /home/houdong/tool/yosys/bin/../share/yosys/xilinx/brams_bb.v
Parsing Verilog input from `/home/houdong/tool/yosys/bin/../share/yosys/xilinx/brams_bb.v' to AST representation.
Generating RTLIL representation for module `\RAMB18E1'.
Generating RTLIL representation for module `\RAMB36E1'.
Successfully finished Verilog frontend.

2.4. Executing HIERARCHY pass (managing design hierarchy).

2.5. Executing AST frontend in derive mode using pre-parsed AST for module `\VX_cp_arbiter_top'.
Generating RTLIL representation for module `\VX_cp_arbiter_top'.

2.5.1. Analyzing design hierarchy..
Top module:  \VX_cp_arbiter_top

2.5.2. Executing AST frontend in derive mode using pre-parsed AST for module `\VX_cp_arbiter'.
Parameter \N = 4
Parameter \ENABLE_PRIORITY = 1'1
Parameter \ENABLE_AGING = 1'1
Generating RTLIL representation for module `$paramod\VX_cp_arbiter\N=4\ENABLE_PRIORITY=1'1\ENABLE_AGING=1'1'.
Warning: Replacing memory \wait_counter with list of registers. See results/exp08/ppa/aging/arbiter_input.v:102
Warning: Replacing memory \effective_priority with list of registers. See results/exp08/ppa/aging/arbiter_input.v:80, results/exp08/ppa/aging/arbiter_input.v:74
Warning: Replacing memory \aging_boost with list of registers. See results/exp08/ppa/aging/arbiter_input.v:73, results/exp08/ppa/aging/arbiter_input.v:66

2.5.3. Analyzing design hierarchy..
Top module:  \VX_cp_arbiter_top
Used module:     $paramod\VX_cp_arbiter\N=4\ENABLE_PRIORITY=1'1\ENABLE_AGING=1'1

2.5.4. Analyzing design hierarchy..
Top module:  \VX_cp_arbiter_top
Used module:     $paramod\VX_cp_arbiter\N=4\ENABLE_PRIORITY=1'1\ENABLE_AGING=1'1
Removing unused module `$abstract\VX_cp_arbiter_top'.
Removing unused module `$abstract\VX_cp_arbiter'.
Removed 2 unused modules.

2.6. Executing PROC pass (convert processes to netlists).

2.6.1. Executing PROC_CLEAN pass (remove empty switches from decision trees).
Found and cleaned up 1 empty switch in `$paramod\VX_cp_arbiter\N=4\ENABLE_PRIORITY=1'1\ENABLE_AGING=1'1.$proc$results/exp08/ppa/aging/arbiter_input.v:60$48'.
Cleaned up 1 empty switch.

2.6.2. Executing PROC_RMDEAD pass (remove dead branches from decision trees).
Marked 7 switch rules as full_case in process $proc$results/exp08/ppa/aging/arbiter_input.v:98$147 in module $paramod\VX_cp_arbiter\N=4\ENABLE_PRIORITY=1'1\ENABLE_AGING=1'1.
Marked 28 switch rules as full_case in process $proc$results/exp08/ppa/aging/arbiter_input.v:60$48 in module $paramod\VX_cp_arbiter\N=4\ENABLE_PRIORITY=1'1\ENABLE_AGING=1'1.
Removed a total of 0 dead cases.

2.6.3. Executing PROC_INIT pass (extract init attributes).

2.6.4. Executing PROC_ARST pass (detect async resets in processes).

2.6.5. Executing PROC_MUX pass (convert decision trees to multiplexers).
Creating decoders for process `$paramod\VX_cp_arbiter\N=4\ENABLE_PRIORITY=1'1\ENABLE_AGING=1'1.$proc$results/exp08/ppa/aging/arbiter_input.v:117$232'.
     1/1: $0\_sv2v_0[0:0]
Creating decoders for process `$paramod\VX_cp_arbiter\N=4\ENABLE_PRIORITY=1'1\ENABLE_AGING=1'1.$proc$results/exp08/ppa/aging/arbiter_input.v:43$226'.
     1/3: $0$func$\sv2v_cast_E310E_signed$results/exp08/ppa/aging/arbiter_input.v:50$4$\sv2v_cast_E310E_signed[1:0]$227
     2/3: $0$func$\sv2v_cast_E310E_signed$results/exp08/ppa/aging/arbiter_input.v:50$47$\sv2v_cast_E310E_signed[1:0]$228
     3/3: $0$func$\sv2v_cast_E310E_signed$results/exp08/ppa/aging/arbiter_input.v:50$47$\inp[1:0]$229
Creating decoders for process `$paramod\VX_cp_arbiter\N=4\ENABLE_PRIORITY=1'1\ENABLE_AGING=1'1.$proc$results/exp08/ppa/aging/arbiter_input.v:43$220'.
     1/3: $0$func$\sv2v_cast_E310E_signed$results/exp08/ppa/aging/arbiter_input.v:50$3$\sv2v_cast_E310E_signed[1:0]$221
     2/3: $0$func$\sv2v_cast_E310E_signed$results/exp08/ppa/aging/arbiter_input.v:50$46$\sv2v_cast_E310E_signed[1:0]$222
     3/3: $0$func$\sv2v_cast_E310E_signed$results/exp08/ppa/aging/arbiter_input.v:50$46$\inp[1:0]$223
Creating decoders for process `$paramod\VX_cp_arbiter\N=4\ENABLE_PRIORITY=1'1\ENABLE_AGING=1'1.$proc$results/exp08/ppa/aging/arbiter_input.v:43$214'.
     1/3: $0$func$\sv2v_cast_E310E_signed$results/exp08/ppa/aging/arbiter_input.v:50$2$\sv2v_cast_E310E_signed[1:0]$215
     2/3: $0$func$\sv2v_cast_E310E_signed$results/exp08/ppa/aging/arbiter_input.v:50$45$\sv2v_cast_E310E_signed[1:0]$216
     3/3: $0$func$\sv2v_cast_E310E_signed$results/exp08/ppa/aging/arbiter_input.v:50$45$\inp[1:0]$217
Creating decoders for process `$paramod\VX_cp_arbiter\N=4\ENABLE_PRIORITY=1'1\ENABLE_AGING=1'1.$proc$results/exp08/ppa/aging/arbiter_input.v:43$208'.
     1/3: $0$func$\sv2v_cast_E310E_signed$results/exp08/ppa/aging/arbiter_input.v:50$1$\sv2v_cast_E310E_signed[1:0]$209
     2/3: $0$func$\sv2v_cast_E310E_signed$results/exp08/ppa/aging/arbiter_input.v:50$44$\sv2v_cast_E310E_signed[1:0]$210
     3/3: $0$func$\sv2v_cast_E310E_signed$results/exp08/ppa/aging/arbiter_input.v:50$44$\inp[1:0]$211
Creating decoders for process `$paramod\VX_cp_arbiter\N=4\ENABLE_PRIORITY=1'1\ENABLE_AGING=1'1.$proc$results/exp08/ppa/aging/arbiter_input.v:98$147'.
     1/37: $3$func$\sv2v_cast_E310E_signed$results/exp08/ppa/aging/arbiter_input.v:109$35$\inp[1:0]$178
     2/37: $3$func$\sv2v_cast_E310E_signed$results/exp08/ppa/aging/arbiter_input.v:109$35$\sv2v_cast_E310E_signed[1:0]$177
     3/37: $2$func$\sv2v_cast_E310E_signed$results/exp08/ppa/aging/arbiter_input.v:109$35$\inp[1:0]$175
     4/37: $2$func$\sv2v_cast_E310E_signed$results/exp08/ppa/aging/arbiter_input.v:109$35$\sv2v_cast_E310E_signed[1:0]$174
     5/37: $2$func$\sv2v_cast_E310E_signed$results/exp08/ppa/aging/arbiter_input.v:106$34$\sv2v_cast_E310E_signed[1:0]$172
     6/37: $2$func$\sv2v_cast_E310E_signed$results/exp08/ppa/aging/arbiter_input.v:106$34$\inp[1:0]$173
     7/37: $1\j[31:0]
     8/37: $1$func$\sv2v_cast_E310E_signed$results/exp08/ppa/aging/arbiter_input.v:112$43$\inp[1:0]$171
     9/37: $1$func$\sv2v_cast_E310E_signed$results/exp08/ppa/aging/arbiter_input.v:112$43$\sv2v_cast_E310E_signed[1:0]$170
    10/37: $1$func$\sv2v_cast_E310E_signed$results/exp08/ppa/aging/arbiter_input.v:112$42$\inp[1:0]$169
    11/37: $1$func$\sv2v_cast_E310E_signed$results/exp08/ppa/aging/arbiter_input.v:112$42$\sv2v_cast_E310E_signed[1:0]$168
    12/37: $1$func$\sv2v_cast_E310E_signed$results/exp08/ppa/aging/arbiter_input.v:112$41$\inp[1:0]$167
    13/37: $1$func$\sv2v_cast_E310E_signed$results/exp08/ppa/aging/arbiter_input.v:112$41$\sv2v_cast_E310E_signed[1:0]$166
    14/37: $1$func$\sv2v_cast_E310E_signed$results/exp08/ppa/aging/arbiter_input.v:112$40$\inp[1:0]$165
    15/37: $1$func$\sv2v_cast_E310E_signed$results/exp08/ppa/aging/arbiter_input.v:112$40$\sv2v_cast_E310E_signed[1:0]$164
    16/37: $1$func$\sv2v_cast_E310E_signed$results/exp08/ppa/aging/arbiter_input.v:109$35$\inp[1:0]$163
    17/37: $1$func$\sv2v_cast_E310E_signed$results/exp08/ppa/aging/arbiter_input.v:109$35$\sv2v_cast_E310E_signed[1:0]$162
    18/37: $1$func$\sv2v_cast_E310E_signed$results/exp08/ppa/aging/arbiter_input.v:106$34$\inp[1:0]$161
    19/37: $1$func$\sv2v_cast_E310E_signed$results/exp08/ppa/aging/arbiter_input.v:106$34$\sv2v_cast_E310E_signed[1:0]$160
    20/37: $0$func$\sv2v_cast_E310E_signed$results/exp08/ppa/aging/arbiter_input.v:112$43$\inp[1:0]$159
    21/37: $0$func$\sv2v_cast_E310E_signed$results/exp08/ppa/aging/arbiter_input.v:112$43$\sv2v_cast_E310E_signed[1:0]$158
    22/37: $0$func$\sv2v_cast_E310E_signed$results/exp08/ppa/aging/arbiter_input.v:112$42$\inp[1:0]$157
    23/37: $0$func$\sv2v_cast_E310E_signed$results/exp08/ppa/aging/arbiter_input.v:112$42$\sv2v_cast_E310E_signed[1:0]$156
    24/37: $0$func$\sv2v_cast_E310E_signed$results/exp08/ppa/aging/arbiter_input.v:112$41$\inp[1:0]$155
    25/37: $0$func$\sv2v_cast_E310E_signed$results/exp08/ppa/aging/arbiter_input.v:112$41$\sv2v_cast_E310E_signed[1:0]$154
    26/37: $0$func$\sv2v_cast_E310E_signed$results/exp08/ppa/aging/arbiter_input.v:112$40$\inp[1:0]$153
    27/37: $0$func$\sv2v_cast_E310E_signed$results/exp08/ppa/aging/arbiter_input.v:112$40$\sv2v_cast_E310E_signed[1:0]$152
    28/37: $0$func$\sv2v_cast_E310E_signed$results/exp08/ppa/aging/arbiter_input.v:109$35$\inp[1:0]$151
    29/37: $0$func$\sv2v_cast_E310E_signed$results/exp08/ppa/aging/arbiter_input.v:109$35$\sv2v_cast_E310E_signed[1:0]$150
    30/37: $0$func$\sv2v_cast_E310E_signed$results/exp08/ppa/aging/arbiter_input.v:106$34$\inp[1:0]$149
    31/37: $0$func$\sv2v_cast_E310E_signed$results/exp08/ppa/aging/arbiter_input.v:106$34$\sv2v_cast_E310E_signed[1:0]$148
    32/37: $0\j[31:0]
    33/37: $0\wait_counter[3][6:0]
    34/37: $0\wait_counter[2][6:0]
    35/37: $0\wait_counter[1][6:0]
    36/37: $0\wait_counter[0][6:0]
    37/37: $0\rr_pointer[1:0]
Creating decoders for process `$paramod\VX_cp_arbiter\N=4\ENABLE_PRIORITY=1'1\ENABLE_AGING=1'1.$proc$results/exp08/ppa/aging/arbiter_input.v:60$48'.
     1/76: $4\selected_valid[0:0]
     2/76: $4\selected_queue[1:0]
     3/76: $1$func$\sv2v_cast_E310E_signed$results/exp08/ppa/aging/arbiter_input.v:93$29$\sv2v_cast_E310E_signed[1:0]$145
     4/76: $1$func$\sv2v_cast_E310E_signed$results/exp08/ppa/aging/arbiter_input.v:93$29$\inp[1:0]$146
     5/76: $4\scan_index[31:0]
     6/76: $3\selected_valid[0:0]
     7/76: $3\selected_queue[1:0]
     8/76: $1$func$\sv2v_cast_E310E_signed$results/exp08/ppa/aging/arbiter_input.v:93$27$\sv2v_cast_E310E_signed[1:0]$137
     9/76: $1$func$\sv2v_cast_E310E_signed$results/exp08/ppa/aging/arbiter_input.v:93$27$\inp[1:0]$138
    10/76: $3\scan_index[31:0]
    11/76: $2\selected_valid[0:0]
    12/76: $2\selected_queue[1:0]
    13/76: $1$func$\sv2v_cast_E310E_signed$results/exp08/ppa/aging/arbiter_input.v:93$25$\sv2v_cast_E310E_signed[1:0]$129
    14/76: $1$func$\sv2v_cast_E310E_signed$results/exp08/ppa/aging/arbiter_input.v:93$25$\inp[1:0]$130
    15/76: $2\scan_index[31:0]
    16/76: $1\selected_valid[0:0]
    17/76: $1\selected_queue[1:0]
    18/76: $1$func$\sv2v_cast_E310E_signed$results/exp08/ppa/aging/arbiter_input.v:93$23$\sv2v_cast_E310E_signed[1:0]$121
    19/76: $1$func$\sv2v_cast_E310E_signed$results/exp08/ppa/aging/arbiter_input.v:93$23$\inp[1:0]$122
    20/76: $1\scan_index[31:0]
    21/76: $4\highest_priority[1:0]
    22/76: $3\highest_priority[1:0]
    23/76: $2\highest_priority[1:0]
    24/76: $1\highest_priority[1:0]
    25/76: $1\effective_priority[3][1:0]
    26/76: $3\aging_boost[3][1:0]
    27/76: $2\aging_boost[3][1:0]
    28/76: $1\aging_boost[3][1:0]
    29/76: $1\effective_priority[2][1:0]
    30/76: $3\aging_boost[2][1:0]
    31/76: $2\aging_boost[2][1:0]
    32/76: $1\aging_boost[2][1:0]
    33/76: $1\effective_priority[1][1:0]
    34/76: $3\aging_boost[1][1:0]
    35/76: $2\aging_boost[1][1:0]
    36/76: $1\aging_boost[1][1:0]
    37/76: $1\effective_priority[0][1:0]
    38/76: $3\aging_boost[0][1:0]
    39/76: $2\aging_boost[0][1:0]
    40/76: $1\aging_boost[0][1:0]
    41/76: $0\offset[31:0]
    42/76: $0$func$\sv2v_cast_E310E_signed$results/exp08/ppa/aging/arbiter_input.v:93$29$\inp[1:0]$66
    43/76: $0$func$\sv2v_cast_E310E_signed$results/exp08/ppa/aging/arbiter_input.v:93$29$\sv2v_cast_E310E_signed[1:0]$65
    44/76: $0\selected_valid[0:0]
    45/76: $0\selected_queue[1:0]
    46/76: $0\scan_index[31:0]
    47/76: $0$func$\sv2v_cast_32_signed$results/exp08/ppa/aging/arbiter_input.v:89$28$\sv2v_cast_32_signed[31:0]$63
    48/76: $0$func$\sv2v_cast_32_signed$results/exp08/ppa/aging/arbiter_input.v:89$28$\inp[31:0]$64
    49/76: $0$func$\sv2v_cast_E310E_signed$results/exp08/ppa/aging/arbiter_input.v:93$27$\inp[1:0]$62
    50/76: $0$func$\sv2v_cast_E310E_signed$results/exp08/ppa/aging/arbiter_input.v:93$27$\sv2v_cast_E310E_signed[1:0]$61
    51/76: $0$func$\sv2v_cast_32_signed$results/exp08/ppa/aging/arbiter_input.v:89$26$\sv2v_cast_32_signed[31:0]$59
    52/76: $0$func$\sv2v_cast_32_signed$results/exp08/ppa/aging/arbiter_input.v:89$26$\inp[31:0]$60
    53/76: $0$func$\sv2v_cast_E310E_signed$results/exp08/ppa/aging/arbiter_input.v:93$25$\inp[1:0]$58
    54/76: $0$func$\sv2v_cast_E310E_signed$results/exp08/ppa/aging/arbiter_input.v:93$25$\sv2v_cast_E310E_signed[1:0]$57
    55/76: $0$func$\sv2v_cast_32_signed$results/exp08/ppa/aging/arbiter_input.v:89$24$\sv2v_cast_32_signed[31:0]$55
    56/76: $0$func$\sv2v_cast_32_signed$results/exp08/ppa/aging/arbiter_input.v:89$24$\inp[31:0]$56
    57/76: $0$func$\sv2v_cast_E310E_signed$results/exp08/ppa/aging/arbiter_input.v:93$23$\inp[1:0]$54
    58/76: $0$func$\sv2v_cast_E310E_signed$results/exp08/ppa/aging/arbiter_input.v:93$23$\sv2v_cast_E310E_signed[1:0]$53
    59/76: $0$func$\sv2v_cast_32_signed$results/exp08/ppa/aging/arbiter_input.v:89$22$\sv2v_cast_32_signed[31:0]$51
    60/76: $0$func$\sv2v_cast_32_signed$results/exp08/ppa/aging/arbiter_input.v:89$22$\inp[31:0]$52
    61/76: $0$func$\sv2v_cast_32_signed$results/exp08/ppa/aging/arbiter_input.v:86$17$\sv2v_cast_32_signed[31:0]$49
    62/76: $0$func$\sv2v_cast_32_signed$results/exp08/ppa/aging/arbiter_input.v:86$17$\inp[31:0]$50
    63/76: $0\i[31:0]
    64/76: $0\eligible[3:0] [3]
    65/76: $0\eligible[3:0] [2]
    66/76: $0\eligible[3:0] [1]
    67/76: $0\eligible[3:0] [0]
    68/76: $0\highest_priority[1:0]
    69/76: $0\effective_priority[3][1:0]
    70/76: $0\aging_boost[3][1:0]
    71/76: $0\effective_priority[2][1:0]
    72/76: $0\aging_boost[2][1:0]
    73/76: $0\effective_priority[1][1:0]
    74/76: $0\aging_boost[1][1:0]
    75/76: $0\effective_priority[0][1:0]
    76/76: $0\aging_boost[0][1:0]

2.6.6. Executing PROC_DLATCH pass (convert process syncs to latches).
No latch inferred for signal `$paramod\VX_cp_arbiter\N=4\ENABLE_PRIORITY=1'1\ENABLE_AGING=1'1.\_sv2v_0' from process `$paramod\VX_cp_arbiter\N=4\ENABLE_PRIORITY=1'1\ENABLE_AGING=1'1.$proc$results/exp08/ppa/aging/arbiter_input.v:117$232'.
No latch inferred for signal `$paramod\VX_cp_arbiter\N=4\ENABLE_PRIORITY=1'1\ENABLE_AGING=1'1.$func$\sv2v_cast_E310E_signed$results/exp08/ppa/aging/arbiter_input.v:50$4$\sv2v_cast_E310E_signed' from process `$paramod\VX_cp_arbiter\N=4\ENABLE_PRIORITY=1'1\ENABLE_AGING=1'1.$proc$results/exp08/ppa/aging/arbiter_input.v:43$226'.
No latch inferred for signal `$paramod\VX_cp_arbiter\N=4\ENABLE_PRIORITY=1'1\ENABLE_AGING=1'1.$func$\sv2v_cast_E310E_signed$results/exp08/ppa/aging/arbiter_input.v:50$47$\sv2v_cast_E310E_signed' from process `$paramod\VX_cp_arbiter\N=4\ENABLE_PRIORITY=1'1\ENABLE_AGING=1'1.$proc$results/exp08/ppa/aging/arbiter_input.v:43$226'.
No latch inferred for signal `$paramod\VX_cp_arbiter\N=4\ENABLE_PRIORITY=1'1\ENABLE_AGING=1'1.$func$\sv2v_cast_E310E_signed$results/exp08/ppa/aging/arbiter_input.v:50$47$\inp' from process `$paramod\VX_cp_arbiter\N=4\ENABLE_PRIORITY=1'1\ENABLE_AGING=1'1.$proc$results/exp08/ppa/aging/arbiter_input.v:43$226'.
No latch inferred for signal `$paramod\VX_cp_arbiter\N=4\ENABLE_PRIORITY=1'1\ENABLE_AGING=1'1.$func$\sv2v_cast_E310E_signed$results/exp08/ppa/aging/arbiter_input.v:50$3$\sv2v_cast_E310E_signed' from process `$paramod\VX_cp_arbiter\N=4\ENABLE_PRIORITY=1'1\ENABLE_AGING=1'1.$proc$results/exp08/ppa/aging/arbiter_input.v:43$220'.
No latch inferred for signal `$paramod\VX_cp_arbiter\N=4\ENABLE_PRIORITY=1'1\ENABLE_AGING=1'1.$func$\sv2v_cast_E310E_signed$results/exp08/ppa/aging/arbiter_input.v:50$46$\sv2v_cast_E310E_signed' from process `$paramod\VX_cp_arbiter\N=4\ENABLE_PRIORITY=1'1\ENABLE_AGING=1'1.$proc$results/exp08/ppa/aging/arbiter_input.v:43$220'.
No latch inferred for signal `$paramod\VX_cp_arbiter\N=4\ENABLE_PRIORITY=1'1\ENABLE_AGING=1'1.$func$\sv2v_cast_E310E_signed$results/exp08/ppa/aging/arbiter_input.v:50$46$\inp' from process `$paramod\VX_cp_arbiter\N=4\ENABLE_PRIORITY=1'1\ENABLE_AGING=1'1.$proc$results/exp08/ppa/aging/arbiter_input.v:43$220'.
No latch inferred for signal `$paramod\VX_cp_arbiter\N=4\ENABLE_PRIORITY=1'1\ENABLE_AGING=1'1.$func$\sv2v_cast_E310E_signed$results/exp08/ppa/aging/arbiter_input.v:50$2$\sv2v_cast_E310E_signed' from process `$paramod\VX_cp_arbiter\N=4\ENABLE_PRIORITY=1'1\ENABLE_AGING=1'1.$proc$results/exp08/ppa/aging/arbiter_input.v:43$214'.
No latch inferred for signal `$paramod\VX_cp_arbiter\N=4\ENABLE_PRIORITY=1'1\ENABLE_AGING=1'1.$func$\sv2v_cast_E310E_signed$results/exp08/ppa/aging/arbiter_input.v:50$45$\sv2v_cast_E310E_signed' from process `$paramod\VX_cp_arbiter\N=4\ENABLE_PRIORITY=1'1\ENABLE_AGING=1'1.$proc$results/exp08/ppa/aging/arbiter_input.v:43$214'.
No latch inferred for signal `$paramod\VX_cp_arbiter\N=4\ENABLE_PRIORITY=1'1\ENABLE_AGING=1'1.$func$\sv2v_cast_E310E_signed$results/exp08/ppa/aging/arbiter_input.v:50$45$\inp' from process `$paramod\VX_cp_arbiter\N=4\ENABLE_PRIORITY=1'1\ENABLE_AGING=1'1.$proc$results/exp08/ppa/aging/arbiter_input.v:43$214'.
No latch inferred for signal `$paramod\VX_cp_arbiter\N=4\ENABLE_PRIORITY=1'1\ENABLE_AGING=1'1.$func$\sv2v_cast_E310E_signed$results/exp08/ppa/aging/arbiter_input.v:50$1$\sv2v_cast_E310E_signed' from process `$paramod\VX_cp_arbiter\N=4\ENABLE_PRIORITY=1'1\ENABLE_AGING=1'1.$proc$results/exp08/ppa/aging/arbiter_input.v:43$208'.
No latch inferred for signal `$paramod\VX_cp_arbiter\N=4\ENABLE_PRIORITY=1'1\ENABLE_AGING=1'1.$func$\sv2v_cast_E310E_signed$results/exp08/ppa/aging/arbiter_input.v:50$44$\sv2v_cast_E310E_signed' from process `$paramod\VX_cp_arbiter\N=4\ENABLE_PRIORITY=1'1\ENABLE_AGING=1'1.$proc$results/exp08/ppa/aging/arbiter_input.v:43$208'.
No latch inferred for signal `$paramod\VX_cp_arbiter\N=4\ENABLE_PRIORITY=1'1\ENABLE_AGING=1'1.$func$\sv2v_cast_E310E_signed$results/exp08/ppa/aging/arbiter_input.v:50$44$\inp' from process `$paramod\VX_cp_arbiter\N=4\ENABLE_PRIORITY=1'1\ENABLE_AGING=1'1.$proc$results/exp08/ppa/aging/arbiter_input.v:43$208'.
No latch inferred for signal `$paramod\VX_cp_arbiter\N=4\ENABLE_PRIORITY=1'1\ENABLE_AGING=1'1.\selected_queue' from process `$paramod\VX_cp_arbiter\N=4\ENABLE_PRIORITY=1'1\ENABLE_AGING=1'1.$proc$results/exp08/ppa/aging/arbiter_input.v:60$48'.
No latch inferred for signal `$paramod\VX_cp_arbiter\N=4\ENABLE_PRIORITY=1'1\ENABLE_AGING=1'1.\highest_priority' from process `$paramod\VX_cp_arbiter\N=4\ENABLE_PRIORITY=1'1\ENABLE_AGING=1'1.$proc$results/exp08/ppa/aging/arbiter_input.v:60$48'.
No latch inferred for signal `$paramod\VX_cp_arbiter\N=4\ENABLE_PRIORITY=1'1\ENABLE_AGING=1'1.\i' from process `$paramod\VX_cp_arbiter\N=4\ENABLE_PRIORITY=1'1\ENABLE_AGING=1'1.$proc$results/exp08/ppa/aging/arbiter_input.v:60$48'.
No latch inferred for signal `$paramod\VX_cp_arbiter\N=4\ENABLE_PRIORITY=1'1\ENABLE_AGING=1'1.\offset' from process `$paramod\VX_cp_arbiter\N=4\ENABLE_PRIORITY=1'1\ENABLE_AGING=1'1.$proc$results/exp08/ppa/aging/arbiter_input.v:60$48'.
No latch inferred for signal `$paramod\VX_cp_arbiter\N=4\ENABLE_PRIORITY=1'1\ENABLE_AGING=1'1.\scan_index' from process `$paramod\VX_cp_arbiter\N=4\ENABLE_PRIORITY=1'1\ENABLE_AGING=1'1.$proc$results/exp08/ppa/aging/arbiter_input.v:60$48'.
No latch inferred for signal `$paramod\VX_cp_arbiter\N=4\ENABLE_PRIORITY=1'1\ENABLE_AGING=1'1.\selected_valid' from process `$paramod\VX_cp_arbiter\N=4\ENABLE_PRIORITY=1'1\ENABLE_AGING=1'1.$proc$results/exp08/ppa/aging/arbiter_input.v:60$48'.
No latch inferred for signal `$paramod\VX_cp_arbiter\N=4\ENABLE_PRIORITY=1'1\ENABLE_AGING=1'1.\eligible' from process `$paramod\VX_cp_arbiter\N=4\ENABLE_PRIORITY=1'1\ENABLE_AGING=1'1.$proc$results/exp08/ppa/aging/arbiter_input.v:60$48'.
No latch inferred for signal `$paramod\VX_cp_arbiter\N=4\ENABLE_PRIORITY=1'1\ENABLE_AGING=1'1.$func$\sv2v_cast_32_signed$results/exp08/ppa/aging/arbiter_input.v:86$17$\sv2v_cast_32_signed' from process `$paramod\VX_cp_arbiter\N=4\ENABLE_PRIORITY=1'1\ENABLE_AGING=1'1.$proc$results/exp08/ppa/aging/arbiter_input.v:60$48'.
No latch inferred for signal `$paramod\VX_cp_arbiter\N=4\ENABLE_PRIORITY=1'1\ENABLE_AGING=1'1.$func$\sv2v_cast_32_signed$results/exp08/ppa/aging/arbiter_input.v:86$17$\inp' from process `$paramod\VX_cp_arbiter\N=4\ENABLE_PRIORITY=1'1\ENABLE_AGING=1'1.$proc$results/exp08/ppa/aging/arbiter_input.v:60$48'.
No latch inferred for signal `$paramod\VX_cp_arbiter\N=4\ENABLE_PRIORITY=1'1\ENABLE_AGING=1'1.$func$\sv2v_cast_32_signed$results/exp08/ppa/aging/arbiter_input.v:89$22$\sv2v_cast_32_signed' from process `$paramod\VX_cp_arbiter\N=4\ENABLE_PRIORITY=1'1\ENABLE_AGING=1'1.$proc$results/exp08/ppa/aging/arbiter_input.v:60$48'.
No latch inferred for signal `$paramod\VX_cp_arbiter\N=4\ENABLE_PRIORITY=1'1\ENABLE_AGING=1'1.$func$\sv2v_cast_32_signed$results/exp08/ppa/aging/arbiter_input.v:89$22$\inp' from process `$paramod\VX_cp_arbiter\N=4\ENABLE_PRIORITY=1'1\ENABLE_AGING=1'1.$proc$results/exp08/ppa/aging/arbiter_input.v:60$48'.
No latch inferred for signal `$paramod\VX_cp_arbiter\N=4\ENABLE_PRIORITY=1'1\ENABLE_AGING=1'1.$func$\sv2v_cast_E310E_signed$results/exp08/ppa/aging/arbiter_input.v:93$23$\sv2v_cast_E310E_signed' from process `$paramod\VX_cp_arbiter\N=4\ENABLE_PRIORITY=1'1\ENABLE_AGING=1'1.$proc$results/exp08/ppa/aging/arbiter_input.v:60$48'.
No latch inferred for signal `$paramod\VX_cp_arbiter\N=4\ENABLE_PRIORITY=1'1\ENABLE_AGING=1'1.$func$\sv2v_cast_E310E_signed$results/exp08/ppa/aging/arbiter_input.v:93$23$\inp' from process `$paramod\VX_cp_arbiter\N=4\ENABLE_PRIORITY=1'1\ENABLE_AGING=1'1.$proc$results/exp08/ppa/aging/arbiter_input.v:60$48'.
No latch inferred for signal `$paramod\VX_cp_arbiter\N=4\ENABLE_PRIORITY=1'1\ENABLE_AGING=1'1.$func$\sv2v_cast_32_signed$results/exp08/ppa/aging/arbiter_input.v:89$24$\sv2v_cast_32_signed' from process `$paramod\VX_cp_arbiter\N=4\ENABLE_PRIORITY=1'1\ENABLE_AGING=1'1.$proc$results/exp08/ppa/aging/arbiter_input.v:60$48'.
No latch inferred for signal `$paramod\VX_cp_arbiter\N=4\ENABLE_PRIORITY=1'1\ENABLE_AGING=1'1.$func$\sv2v_cast_32_signed$results/exp08/ppa/aging/arbiter_input.v:89$24$\inp' from process `$paramod\VX_cp_arbiter\N=4\ENABLE_PRIORITY=1'1\ENABLE_AGING=1'1.$proc$results/exp08/ppa/aging/arbiter_input.v:60$48'.
No latch inferred for signal `$paramod\VX_cp_arbiter\N=4\ENABLE_PRIORITY=1'1\ENABLE_AGING=1'1.$func$\sv2v_cast_E310E_signed$results/exp08/ppa/aging/arbiter_input.v:93$25$\sv2v_cast_E310E_signed' from process `$paramod\VX_cp_arbiter\N=4\ENABLE_PRIORITY=1'1\ENABLE_AGING=1'1.$proc$results/exp08/ppa/aging/arbiter_input.v:60$48'.
No latch inferred for signal `$paramod\VX_cp_arbiter\N=4\ENABLE_PRIORITY=1'1\ENABLE_AGING=1'1.$func$\sv2v_cast_E310E_signed$results/exp08/ppa/aging/arbiter_input.v:93$25$\inp' from process `$paramod\VX_cp_arbiter\N=4\ENABLE_PRIORITY=1'1\ENABLE_AGING=1'1.$proc$results/exp08/ppa/aging/arbiter_input.v:60$48'.
No latch inferred for signal `$paramod\VX_cp_arbiter\N=4\ENABLE_PRIORITY=1'1\ENABLE_AGING=1'1.$func$\sv2v_cast_32_signed$results/exp08/ppa/aging/arbiter_input.v:89$26$\sv2v_cast_32_signed' from process `$paramod\VX_cp_arbiter\N=4\ENABLE_PRIORITY=1'1\ENABLE_AGING=1'1.$proc$results/exp08/ppa/aging/arbiter_input.v:60$48'.
No latch inferred for signal `$paramod\VX_cp_arbiter\N=4\ENABLE_PRIORITY=1'1\ENABLE_AGING=1'1.$func$\sv2v_cast_32_signed$results/exp08/ppa/aging/arbiter_input.v:89$26$\inp' from process `$paramod\VX_cp_arbiter\N=4\ENABLE_PRIORITY=1'1\ENABLE_AGING=1'1.$proc$results/exp08/ppa/aging/arbiter_input.v:60$48'.
No latch inferred for signal `$paramod\VX_cp_arbiter\N=4\ENABLE_PRIORITY=1'1\ENABLE_AGING=1'1.$func$\sv2v_cast_E310E_signed$results/exp08/ppa/aging/arbiter_input.v:93$27$\sv2v_cast_E310E_signed' from process `$paramod\VX_cp_arbiter\N=4\ENABLE_PRIORITY=1'1\ENABLE_AGING=1'1.$proc$results/exp08/ppa/aging/arbiter_input.v:60$48'.
No latch inferred for signal `$paramod\VX_cp_arbiter\N=4\ENABLE_PRIORITY=1'1\ENABLE_AGING=1'1.$func$\sv2v_cast_E310E_signed$results/exp08/ppa/aging/arbiter_input.v:93$27$\inp' from process `$paramod\VX_cp_arbiter\N=4\ENABLE_PRIORITY=1'1\ENABLE_AGING=1'1.$proc$results/exp08/ppa/aging/arbiter_input.v:60$48'.
No latch inferred for signal `$paramod\VX_cp_arbiter\N=4\ENABLE_PRIORITY=1'1\ENABLE_AGING=1'1.$func$\sv2v_cast_32_signed$results/exp08/ppa/aging/arbiter_input.v:89$28$\sv2v_cast_32_signed' from process `$paramod\VX_cp_arbiter\N=4\ENABLE_PRIORITY=1'1\ENABLE_AGING=1'1.$proc$results/exp08/ppa/aging/arbiter_input.v:60$48'.
No latch inferred for signal `$paramod\VX_cp_arbiter\N=4\ENABLE_PRIORITY=1'1\ENABLE_AGING=1'1.$func$\sv2v_cast_32_signed$results/exp08/ppa/aging/arbiter_input.v:89$28$\inp' from process `$paramod\VX_cp_arbiter\N=4\ENABLE_PRIORITY=1'1\ENABLE_AGING=1'1.$proc$results/exp08/ppa/aging/arbiter_input.v:60$48'.
No latch inferred for signal `$paramod\VX_cp_arbiter\N=4\ENABLE_PRIORITY=1'1\ENABLE_AGING=1'1.$func$\sv2v_cast_E310E_signed$results/exp08/ppa/aging/arbiter_input.v:93$29$\sv2v_cast_E310E_signed' from process `$paramod\VX_cp_arbiter\N=4\ENABLE_PRIORITY=1'1\ENABLE_AGING=1'1.$proc$results/exp08/ppa/aging/arbiter_input.v:60$48'.
No latch inferred for signal `$paramod\VX_cp_arbiter\N=4\ENABLE_PRIORITY=1'1\ENABLE_AGING=1'1.$func$\sv2v_cast_E310E_signed$results/exp08/ppa/aging/arbiter_input.v:93$29$\inp' from process `$paramod\VX_cp_arbiter\N=4\ENABLE_PRIORITY=1'1\ENABLE_AGING=1'1.$proc$results/exp08/ppa/aging/arbiter_input.v:60$48'.
No latch inferred for signal `$paramod\VX_cp_arbiter\N=4\ENABLE_PRIORITY=1'1\ENABLE_AGING=1'1.\aging_boost[0]' from process `$paramod\VX_cp_arbiter\N=4\ENABLE_PRIORITY=1'1\ENABLE_AGING=1'1.$proc$results/exp08/ppa/aging/arbiter_input.v:60$48'.
No latch inferred for signal `$paramod\VX_cp_arbiter\N=4\ENABLE_PRIORITY=1'1\ENABLE_AGING=1'1.\aging_boost[1]' from process `$paramod\VX_cp_arbiter\N=4\ENABLE_PRIORITY=1'1\ENABLE_AGING=1'1.$proc$results/exp08/ppa/aging/arbiter_input.v:60$48'.
No latch inferred for signal `$paramod\VX_cp_arbiter\N=4\ENABLE_PRIORITY=1'1\ENABLE_AGING=1'1.\aging_boost[2]' from process `$paramod\VX_cp_arbiter\N=4\ENABLE_PRIORITY=1'1\ENABLE_AGING=1'1.$proc$results/exp08/ppa/aging/arbiter_input.v:60$48'.
No latch inferred for signal `$paramod\VX_cp_arbiter\N=4\ENABLE_PRIORITY=1'1\ENABLE_AGING=1'1.\aging_boost[3]' from process `$paramod\VX_cp_arbiter\N=4\ENABLE_PRIORITY=1'1\ENABLE_AGING=1'1.$proc$results/exp08/ppa/aging/arbiter_input.v:60$48'.
No latch inferred for signal `$paramod\VX_cp_arbiter\N=4\ENABLE_PRIORITY=1'1\ENABLE_AGING=1'1.\effective_priority[0]' from process `$paramod\VX_cp_arbiter\N=4\ENABLE_PRIORITY=1'1\ENABLE_AGING=1'1.$proc$results/exp08/ppa/aging/arbiter_input.v:60$48'.
No latch inferred for signal `$paramod\VX_cp_arbiter\N=4\ENABLE_PRIORITY=1'1\ENABLE_AGING=1'1.\effective_priority[1]' from process `$paramod\VX_cp_arbiter\N=4\ENABLE_PRIORITY=1'1\ENABLE_AGING=1'1.$proc$results/exp08/ppa/aging/arbiter_input.v:60$48'.
No latch inferred for signal `$paramod\VX_cp_arbiter\N=4\ENABLE_PRIORITY=1'1\ENABLE_AGING=1'1.\effective_priority[2]' from process `$paramod\VX_cp_arbiter\N=4\ENABLE_PRIORITY=1'1\ENABLE_AGING=1'1.$proc$results/exp08/ppa/aging/arbiter_input.v:60$48'.
No latch inferred for signal `$paramod\VX_cp_arbiter\N=4\ENABLE_PRIORITY=1'1\ENABLE_AGING=1'1.\effective_priority[3]' from process `$paramod\VX_cp_arbiter\N=4\ENABLE_PRIORITY=1'1\ENABLE_AGING=1'1.$proc$results/exp08/ppa/aging/arbiter_input.v:60$48'.

2.6.7. Executing PROC_DFF pass (convert process syncs to FFs).
Creating register for signal `$paramod\VX_cp_arbiter\N=4\ENABLE_PRIORITY=1'1\ENABLE_AGING=1'1.\rr_pointer' using process `$paramod\VX_cp_arbiter\N=4\ENABLE_PRIORITY=1'1\ENABLE_AGING=1'1.$proc$results/exp08/ppa/aging/arbiter_input.v:98$147'.
  created $dff cell `$procdff$510' with positive edge clock.
Creating register for signal `$paramod\VX_cp_arbiter\N=4\ENABLE_PRIORITY=1'1\ENABLE_AGING=1'1.\j' using process `$paramod\VX_cp_arbiter\N=4\ENABLE_PRIORITY=1'1\ENABLE_AGING=1'1.$proc$results/exp08/ppa/aging/arbiter_input.v:98$147'.
  created $dff cell `$procdff$511' with positive edge clock.
Creating register for signal `$paramod\VX_cp_arbiter\N=4\ENABLE_PRIORITY=1'1\ENABLE_AGING=1'1.$func$\sv2v_cast_E310E_signed$results/exp08/ppa/aging/arbiter_input.v:106$34$\sv2v_cast_E310E_signed' using process `$paramod\VX_cp_arbiter\N=4\ENABLE_PRIORITY=1'1\ENABLE_AGING=1'1.$proc$results/exp08/ppa/aging/arbiter_input.v:98$147'.
  created $dff cell `$procdff$512' with positive edge clock.
Creating register for signal `$paramod\VX_cp_arbiter\N=4\ENABLE_PRIORITY=1'1\ENABLE_AGING=1'1.$func$\sv2v_cast_E310E_signed$results/exp08/ppa/aging/arbiter_input.v:106$34$\inp' using process `$paramod\VX_cp_arbiter\N=4\ENABLE_PRIORITY=1'1\ENABLE_AGING=1'1.$proc$results/exp08/ppa/aging/arbiter_input.v:98$147'.
  created $dff cell `$procdff$513' with positive edge clock.
Creating register for signal `$paramod\VX_cp_arbiter\N=4\ENABLE_PRIORITY=1'1\ENABLE_AGING=1'1.$func$\sv2v_cast_E310E_signed$results/exp08/ppa/aging/arbiter_input.v:109$35$\sv2v_cast_E310E_signed' using process `$paramod\VX_cp_arbiter\N=4\ENABLE_PRIORITY=1'1\ENABLE_AGING=1'1.$proc$results/exp08/ppa/aging/arbiter_input.v:98$147'.
  created $dff cell `$procdff$514' with positive edge clock.
Creating register for signal `$paramod\VX_cp_arbiter\N=4\ENABLE_PRIORITY=1'1\ENABLE_AGING=1'1.$func$\sv2v_cast_E310E_signed$results/exp08/ppa/aging/arbiter_input.v:109$35$\inp' using process `$paramod\VX_cp_arbiter\N=4\ENABLE_PRIORITY=1'1\ENABLE_AGING=1'1.$proc$results/exp08/ppa/aging/arbiter_input.v:98$147'.
  created $dff cell `$procdff$515' with positive edge clock.
Creating register for signal `$paramod\VX_cp_arbiter\N=4\ENABLE_PRIORITY=1'1\ENABLE_AGING=1'1.$func$\sv2v_cast_E310E_signed$results/exp08/ppa/aging/arbiter_input.v:112$40$\sv2v_cast_E310E_signed' using process `$paramod\VX_cp_arbiter\N=4\ENABLE_PRIORITY=1'1\ENABLE_AGING=1'1.$proc$results/exp08/ppa/aging/arbiter_input.v:98$147'.
  created $dff cell `$procdff$516' with positive edge clock.
Creating register for signal `$paramod\VX_cp_arbiter\N=4\ENABLE_PRIORITY=1'1\ENABLE_AGING=1'1.$func$\sv2v_cast_E310E_signed$results/exp08/ppa/aging/arbiter_input.v:112$40$\inp' using process `$paramod\VX_cp_arbiter\N=4\ENABLE_PRIORITY=1'1\ENABLE_AGING=1'1.$proc$results/exp08/ppa/aging/arbiter_input.v:98$147'.
  created $dff cell `$procdff$517' with positive edge clock.
Creating register for signal `$paramod\VX_cp_arbiter\N=4\ENABLE_PRIORITY=1'1\ENABLE_AGING=1'1.$func$\sv2v_cast_E310E_signed$results/exp08/ppa/aging/arbiter_input.v:112$41$\sv2v_cast_E310E_signed' using process `$paramod\VX_cp_arbiter\N=4\ENABLE_PRIORITY=1'1\ENABLE_AGING=1'1.$proc$results/exp08/ppa/aging/arbiter_input.v:98$147'.
  created $dff cell `$procdff$518' with positive edge clock.
Creating register for signal `$paramod\VX_cp_arbiter\N=4\ENABLE_PRIORITY=1'1\ENABLE_AGING=1'1.$func$\sv2v_cast_E310E_signed$results/exp08/ppa/aging/arbiter_input.v:112$41$\inp' using process `$paramod\VX_cp_arbiter\N=4\ENABLE_PRIORITY=1'1\ENABLE_AGING=1'1.$proc$results/exp08/ppa/aging/arbiter_input.v:98$147'.
  created $dff cell `$procdff$519' with positive edge clock.
Creating register for signal `$paramod\VX_cp_arbiter\N=4\ENABLE_PRIORITY=1'1\ENABLE_AGING=1'1.$func$\sv2v_cast_E310E_signed$results/exp08/ppa/aging/arbiter_input.v:112$42$\sv2v_cast_E310E_signed' using process `$paramod\VX_cp_arbiter\N=4\ENABLE_PRIORITY=1'1\ENABLE_AGING=1'1.$proc$results/exp08/ppa/aging/arbiter_input.v:98$147'.
  created $dff cell `$procdff$520' with positive edge clock.
Creating register for signal `$paramod\VX_cp_arbiter\N=4\ENABLE_PRIORITY=1'1\ENABLE_AGING=1'1.$func$\sv2v_cast_E310E_signed$results/exp08/ppa/aging/arbiter_input.v:112$42$\inp' using process `$paramod\VX_cp_arbiter\N=4\ENABLE_PRIORITY=1'1\ENABLE_AGING=1'1.$proc$results/exp08/ppa/aging/arbiter_input.v:98$147'.
  created $dff cell `$procdff$521' with positive edge clock.
Creating register for signal `$paramod\VX_cp_arbiter\N=4\ENABLE_PRIORITY=1'1\ENABLE_AGING=1'1.$func$\sv2v_cast_E310E_signed$results/exp08/ppa/aging/arbiter_input.v:112$43$\sv2v_cast_E310E_signed' using process `$paramod\VX_cp_arbiter\N=4\ENABLE_PRIORITY=1'1\ENABLE_AGING=1'1.$proc$results/exp08/ppa/aging/arbiter_input.v:98$147'.
  created $dff cell `$procdff$522' with positive edge clock.
Creating register for signal `$paramod\VX_cp_arbiter\N=4\ENABLE_PRIORITY=1'1\ENABLE_AGING=1'1.$func$\sv2v_cast_E310E_signed$results/exp08/ppa/aging/arbiter_input.v:112$43$\inp' using process `$paramod\VX_cp_arbiter\N=4\ENABLE_PRIORITY=1'1\ENABLE_AGING=1'1.$proc$results/exp08/ppa/aging/arbiter_input.v:98$147'.
  created $dff cell `$procdff$523' with positive edge clock.
Creating register for signal `$paramod\VX_cp_arbiter\N=4\ENABLE_PRIORITY=1'1\ENABLE_AGING=1'1.\wait_counter[0]' using process `$paramod\VX_cp_arbiter\N=4\ENABLE_PRIORITY=1'1\ENABLE_AGING=1'1.$proc$results/exp08/ppa/aging/arbiter_input.v:98$147'.
  created $dff cell `$procdff$524' with positive edge clock.
Creating register for signal `$paramod\VX_cp_arbiter\N=4\ENABLE_PRIORITY=1'1\ENABLE_AGING=1'1.\wait_counter[1]' using process `$paramod\VX_cp_arbiter\N=4\ENABLE_PRIORITY=1'1\ENABLE_AGING=1'1.$proc$results/exp08/ppa/aging/arbiter_input.v:98$147'.
  created $dff cell `$procdff$525' with positive edge clock.
Creating register for signal `$paramod\VX_cp_arbiter\N=4\ENABLE_PRIORITY=1'1\ENABLE_AGING=1'1.\wait_counter[2]' using process `$paramod\VX_cp_arbiter\N=4\ENABLE_PRIORITY=1'1\ENABLE_AGING=1'1.$proc$results/exp08/ppa/aging/arbiter_input.v:98$147'.
  created $dff cell `$procdff$526' with positive edge clock.
Creating register for signal `$paramod\VX_cp_arbiter\N=4\ENABLE_PRIORITY=1'1\ENABLE_AGING=1'1.\wait_counter[3]' using process `$paramod\VX_cp_arbiter\N=4\ENABLE_PRIORITY=1'1\ENABLE_AGING=1'1.$proc$results/exp08/ppa/aging/arbiter_input.v:98$147'.
  created $dff cell `$procdff$527' with positive edge clock.

2.6.8. Executing PROC_CLEAN pass (remove empty switches from decision trees).
Removing empty process `$paramod\VX_cp_arbiter\N=4\ENABLE_PRIORITY=1'1\ENABLE_AGING=1'1.$proc$results/exp08/ppa/aging/arbiter_input.v:117$232'.
Removing empty process `$paramod\VX_cp_arbiter\N=4\ENABLE_PRIORITY=1'1\ENABLE_AGING=1'1.$proc$results/exp08/ppa/aging/arbiter_input.v:43$226'.
Removing empty process `$paramod\VX_cp_arbiter\N=4\ENABLE_PRIORITY=1'1\ENABLE_AGING=1'1.$proc$results/exp08/ppa/aging/arbiter_input.v:43$220'.
Removing empty process `$paramod\VX_cp_arbiter\N=4\ENABLE_PRIORITY=1'1\ENABLE_AGING=1'1.$proc$results/exp08/ppa/aging/arbiter_input.v:43$214'.
Removing empty process `$paramod\VX_cp_arbiter\N=4\ENABLE_PRIORITY=1'1\ENABLE_AGING=1'1.$proc$results/exp08/ppa/aging/arbiter_input.v:43$208'.
Found and cleaned up 11 empty switches in `$paramod\VX_cp_arbiter\N=4\ENABLE_PRIORITY=1'1\ENABLE_AGING=1'1.$proc$results/exp08/ppa/aging/arbiter_input.v:98$147'.
Removing empty process `$paramod\VX_cp_arbiter\N=4\ENABLE_PRIORITY=1'1\ENABLE_AGING=1'1.$proc$results/exp08/ppa/aging/arbiter_input.v:98$147'.
Found and cleaned up 28 empty switches in `$paramod\VX_cp_arbiter\N=4\ENABLE_PRIORITY=1'1\ENABLE_AGING=1'1.$proc$results/exp08/ppa/aging/arbiter_input.v:60$48'.
Removing empty process `$paramod\VX_cp_arbiter\N=4\ENABLE_PRIORITY=1'1\ENABLE_AGING=1'1.$proc$results/exp08/ppa/aging/arbiter_input.v:60$48'.
Cleaned up 39 empty switches.

2.7. Executing FLATTEN pass (flatten design).
Using template $paramod\VX_cp_arbiter\N=4\ENABLE_PRIORITY=1'1\ENABLE_AGING=1'1 for cells of type $paramod\VX_cp_arbiter\N=4\ENABLE_PRIORITY=1'1\ENABLE_AGING=1'1.
<suppressed ~1 debug messages>
No more expansions possible.
Deleting now unused module $paramod\VX_cp_arbiter\N=4\ENABLE_PRIORITY=1'1\ENABLE_AGING=1'1.

2.8. Executing SYNTH pass.

2.8.1. Executing PROC pass (convert processes to netlists).

2.8.1.1. Executing PROC_CLEAN pass (remove empty switches from decision trees).
Cleaned up 0 empty switches.

2.8.1.2. Executing PROC_RMDEAD pass (remove dead branches from decision trees).
Removed a total of 0 dead cases.

2.8.1.3. Executing PROC_INIT pass (extract init attributes).

2.8.1.4. Executing PROC_ARST pass (detect async resets in processes).

2.8.1.5. Executing PROC_MUX pass (convert decision trees to multiplexers).

2.8.1.6. Executing PROC_DLATCH pass (convert process syncs to latches).

2.8.1.7. Executing PROC_DFF pass (convert process syncs to FFs).

2.8.1.8. Executing PROC_CLEAN pass (remove empty switches from decision trees).
Cleaned up 0 empty switches.

2.8.2. Executing OPT_EXPR pass (perform const folding).
Optimizing module VX_cp_arbiter_top.
<suppressed ~17 debug messages>

2.8.3. Executing OPT_CLEAN pass (remove unused cells and wires).
Finding unused cells or wires in module \VX_cp_arbiter_top..
Removed 47 unused cells and 328 unused wires.
<suppressed ~50 debug messages>

2.8.4. Executing CHECK pass (checking for obvious problems).
checking module VX_cp_arbiter_top..
found and reported 0 problems.

2.8.5. Executing OPT pass (performing simple optimizations).

2.8.5.1. Executing OPT_EXPR pass (perform const folding).
Optimizing module VX_cp_arbiter_top.

2.8.5.2. Executing OPT_MERGE pass (detect identical cells).
Finding identical cells in module `\VX_cp_arbiter_top'.
<suppressed ~27 debug messages>
Removed a total of 9 cells.

2.8.5.3. Executing OPT_MUXTREE pass (detect dead branches in mux trees).
Running muxtree optimizer on module \VX_cp_arbiter_top..
  Creating internal representation of mux trees.
  Evaluating internal representation of mux trees.
  Analyzing evaluation results.
    dead port 1/2 on $mux $techmap\u_arb.$procmux$433.
    dead port 1/2 on $mux $techmap\u_arb.$procmux$436.
    dead port 1/2 on $mux $techmap\u_arb.$procmux$442.
    dead port 1/2 on $mux $techmap\u_arb.$procmux$454.
    dead port 1/2 on $mux $techmap\u_arb.$procmux$457.
    dead port 1/2 on $mux $techmap\u_arb.$procmux$463.
    dead port 1/2 on $mux $techmap\u_arb.$procmux$475.
    dead port 1/2 on $mux $techmap\u_arb.$procmux$478.
    dead port 1/2 on $mux $techmap\u_arb.$procmux$484.
    dead port 1/2 on $mux $techmap\u_arb.$procmux$496.
    dead port 1/2 on $mux $techmap\u_arb.$procmux$499.
    dead port 1/2 on $mux $techmap\u_arb.$procmux$505.
Removed 12 multiplexer ports.
<suppressed ~26 debug messages>

2.8.5.4. Executing OPT_REDUCE pass (consolidate $*mux and $reduce_* inputs).
  Optimizing cells in module \VX_cp_arbiter_top.
Performed a total of 0 changes.

2.8.5.5. Executing OPT_MERGE pass (detect identical cells).
Finding identical cells in module `\VX_cp_arbiter_top'.
Removed a total of 0 cells.

2.8.5.6. Executing OPT_RMDFF pass (remove dff with constant values).

2.8.5.7. Executing OPT_CLEAN pass (remove unused cells and wires).
Finding unused cells or wires in module \VX_cp_arbiter_top..
Removed 0 unused cells and 21 unused wires.
<suppressed ~1 debug messages>

2.8.5.8. Executing OPT_EXPR pass (perform const folding).
Optimizing module VX_cp_arbiter_top.

2.8.5.9. Rerunning OPT passes. (Maybe there is more to do..)

2.8.5.10. Executing OPT_MUXTREE pass (detect dead branches in mux trees).
Running muxtree optimizer on module \VX_cp_arbiter_top..
  Creating internal representation of mux trees.
  Evaluating internal representation of mux trees.
  Analyzing evaluation results.
Removed 0 multiplexer ports.
<suppressed ~26 debug messages>

2.8.5.11. Executing OPT_REDUCE pass (consolidate $*mux and $reduce_* inputs).
  Optimizing cells in module \VX_cp_arbiter_top.
Performed a total of 0 changes.

2.8.5.12. Executing OPT_MERGE pass (detect identical cells).
Finding identical cells in module `\VX_cp_arbiter_top'.
Removed a total of 0 cells.

2.8.5.13. Executing OPT_RMDFF pass (remove dff with constant values).

2.8.5.14. Executing OPT_CLEAN pass (remove unused cells and wires).
Finding unused cells or wires in module \VX_cp_arbiter_top..

2.8.5.15. Executing OPT_EXPR pass (perform const folding).
Optimizing module VX_cp_arbiter_top.

2.8.5.16. Finished OPT passes. (There is nothing left to do.)

2.8.6. Executing WREDUCE pass (reducing word size of cells).
Removed top 1 bits (of 2) from mux cell VX_cp_arbiter_top.$techmap\u_arb.$procmux$493 ($mux).
Removed top 1 bits (of 2) from mux cell VX_cp_arbiter_top.$techmap\u_arb.$procmux$472 ($mux).
Removed top 1 bits (of 2) from mux cell VX_cp_arbiter_top.$techmap\u_arb.$procmux$451 ($mux).
Removed top 1 bits (of 2) from mux cell VX_cp_arbiter_top.$techmap\u_arb.$procmux$430 ($mux).
Removed top 6 bits (of 7) from port B of cell VX_cp_arbiter_top.$techmap\u_arb.$add$results/exp08/ppa/aging/arbiter_input.v:115$207 ($add).
Removed top 6 bits (of 7) from port B of cell VX_cp_arbiter_top.$techmap\u_arb.$add$results/exp08/ppa/aging/arbiter_input.v:115$200 ($add).
Removed top 6 bits (of 7) from port B of cell VX_cp_arbiter_top.$techmap\u_arb.$add$results/exp08/ppa/aging/arbiter_input.v:115$193 ($add).
Removed top 1 bits (of 2) from port B of cell VX_cp_arbiter_top.$techmap\u_arb.$eq$results/exp08/ppa/aging/arbiter_input.v:112$189 ($eq).
Removed top 6 bits (of 7) from port B of cell VX_cp_arbiter_top.$techmap\u_arb.$add$results/exp08/ppa/aging/arbiter_input.v:115$186 ($add).
Removed top 1 bits (of 2) from port B of cell VX_cp_arbiter_top.$techmap\u_arb.$add$results/exp08/ppa/aging/arbiter_input.v:109$179 ($add).
Removed top 28 bits (of 32) from port B of cell VX_cp_arbiter_top.$techmap\u_arb.$sub$results/exp08/ppa/aging/arbiter_input.v:91$141 ($sub).
Removed top 28 bits (of 32) from port B of cell VX_cp_arbiter_top.$techmap\u_arb.$ge$results/exp08/ppa/aging/arbiter_input.v:90$140 ($ge).
Removed top 29 bits (of 32) from port A of cell VX_cp_arbiter_top.$techmap\u_arb.$add$results/exp08/ppa/aging/arbiter_input.v:89$139 ($add).
Removed top 29 bits (of 32) from port B of cell VX_cp_arbiter_top.$techmap\u_arb.$add$results/exp08/ppa/aging/arbiter_input.v:89$139 ($add).
Converting cell VX_cp_arbiter_top.$techmap\u_arb.$add$results/exp08/ppa/aging/arbiter_input.v:89$139 ($add) from signed to unsigned.
Removed top 28 bits (of 32) from port Y of cell VX_cp_arbiter_top.$techmap\u_arb.$add$results/exp08/ppa/aging/arbiter_input.v:89$139 ($add).
Removed top 1 bits (of 3) from port A of cell VX_cp_arbiter_top.$techmap\u_arb.$add$results/exp08/ppa/aging/arbiter_input.v:89$139 ($add).
Removed top 1 bits (of 3) from port B of cell VX_cp_arbiter_top.$techmap\u_arb.$add$results/exp08/ppa/aging/arbiter_input.v:89$139 ($add).
Removed top 1 bits (of 4) from port Y of cell VX_cp_arbiter_top.$techmap\u_arb.$add$results/exp08/ppa/aging/arbiter_input.v:89$139 ($add).
Removed top 28 bits (of 32) from port B of cell VX_cp_arbiter_top.$techmap\u_arb.$sub$results/exp08/ppa/aging/arbiter_input.v:91$133 ($sub).
Removed top 28 bits (of 32) from port B of cell VX_cp_arbiter_top.$techmap\u_arb.$ge$results/exp08/ppa/aging/arbiter_input.v:90$132 ($ge).
Removed top 29 bits (of 32) from port A of cell VX_cp_arbiter_top.$techmap\u_arb.$add$results/exp08/ppa/aging/arbiter_input.v:89$131 ($add).
Removed top 29 bits (of 32) from port B of cell VX_cp_arbiter_top.$techmap\u_arb.$add$results/exp08/ppa/aging/arbiter_input.v:89$131 ($add).
Converting cell VX_cp_arbiter_top.$techmap\u_arb.$add$results/exp08/ppa/aging/arbiter_input.v:89$131 ($add) from signed to unsigned.
Removed top 28 bits (of 32) from port Y of cell VX_cp_arbiter_top.$techmap\u_arb.$add$results/exp08/ppa/aging/arbiter_input.v:89$131 ($add).
Removed top 1 bits (of 3) from port A of cell VX_cp_arbiter_top.$techmap\u_arb.$add$results/exp08/ppa/aging/arbiter_input.v:89$131 ($add).
Removed top 1 bits (of 3) from port B of cell VX_cp_arbiter_top.$techmap\u_arb.$add$results/exp08/ppa/aging/arbiter_input.v:89$131 ($add).
Removed top 1 bits (of 4) from port Y of cell VX_cp_arbiter_top.$techmap\u_arb.$add$results/exp08/ppa/aging/arbiter_input.v:89$131 ($add).
Removed top 28 bits (of 32) from port B of cell VX_cp_arbiter_top.$techmap\u_arb.$sub$results/exp08/ppa/aging/arbiter_input.v:91$125 ($sub).
Removed top 28 bits (of 32) from port B of cell VX_cp_arbiter_top.$techmap\u_arb.$ge$results/exp08/ppa/aging/arbiter_input.v:90$124 ($ge).
Removed top 29 bits (of 32) from port A of cell VX_cp_arbiter_top.$techmap\u_arb.$add$results/exp08/ppa/aging/arbiter_input.v:89$123 ($add).
Removed top 30 bits (of 32) from port B of cell VX_cp_arbiter_top.$techmap\u_arb.$add$results/exp08/ppa/aging/arbiter_input.v:89$123 ($add).
Converting cell VX_cp_arbiter_top.$techmap\u_arb.$add$results/exp08/ppa/aging/arbiter_input.v:89$123 ($add) from signed to unsigned.
Removed top 28 bits (of 32) from port Y of cell VX_cp_arbiter_top.$techmap\u_arb.$add$results/exp08/ppa/aging/arbiter_input.v:89$123 ($add).
Removed top 1 bits (of 3) from port A of cell VX_cp_arbiter_top.$techmap\u_arb.$add$results/exp08/ppa/aging/arbiter_input.v:89$123 ($add).
Removed top 1 bits (of 2) from port B of cell VX_cp_arbiter_top.$techmap\u_arb.$add$results/exp08/ppa/aging/arbiter_input.v:89$123 ($add).
Removed top 1 bits (of 4) from port Y of cell VX_cp_arbiter_top.$techmap\u_arb.$add$results/exp08/ppa/aging/arbiter_input.v:89$123 ($add).
Removed top 29 bits (of 32) from port A of cell VX_cp_arbiter_top.$techmap\u_arb.$sub$results/exp08/ppa/aging/arbiter_input.v:91$117 ($sub).
Removed top 28 bits (of 32) from port B of cell VX_cp_arbiter_top.$techmap\u_arb.$sub$results/exp08/ppa/aging/arbiter_input.v:91$117 ($sub).
Converting cell VX_cp_arbiter_top.$techmap\u_arb.$sub$results/exp08/ppa/aging/arbiter_input.v:91$117 ($sub) from signed to unsigned.
Removed top 1 bits (of 3) from port A of cell VX_cp_arbiter_top.$techmap\u_arb.$sub$results/exp08/ppa/aging/arbiter_input.v:91$117 ($sub).
Removed top 1 bits (of 4) from port B of cell VX_cp_arbiter_top.$techmap\u_arb.$sub$results/exp08/ppa/aging/arbiter_input.v:91$117 ($sub).
Removed top 29 bits (of 32) from port A of cell VX_cp_arbiter_top.$techmap\u_arb.$ge$results/exp08/ppa/aging/arbiter_input.v:90$116 ($ge).
Removed top 28 bits (of 32) from port B of cell VX_cp_arbiter_top.$techmap\u_arb.$ge$results/exp08/ppa/aging/arbiter_input.v:90$116 ($ge).
Converting cell VX_cp_arbiter_top.$techmap\u_arb.$ge$results/exp08/ppa/aging/arbiter_input.v:90$116 ($ge) from signed to unsigned.
Removed top 1 bits (of 3) from port A of cell VX_cp_arbiter_top.$techmap\u_arb.$ge$results/exp08/ppa/aging/arbiter_input.v:90$116 ($ge).
Removed top 1 bits (of 4) from port B of cell VX_cp_arbiter_top.$techmap\u_arb.$ge$results/exp08/ppa/aging/arbiter_input.v:90$116 ($ge).
Removed top 1 bits (of 2) from port B of cell VX_cp_arbiter_top.$techmap\u_arb.$gt$results/exp08/ppa/aging/arbiter_input.v:80$95 ($gt).
Removed top 1 bits (of 3) from port B of cell VX_cp_arbiter_top.$techmap\u_arb.$ge$results/exp08/ppa/aging/arbiter_input.v:73$93 ($ge).
Removed top 1 bits (of 3) from port A of cell VX_cp_arbiter_top.$techmap\u_arb.$add$results/exp08/ppa/aging/arbiter_input.v:73$92 ($add).
Removed top 1 bits (of 3) from port B of cell VX_cp_arbiter_top.$techmap\u_arb.$add$results/exp08/ppa/aging/arbiter_input.v:73$92 ($add).
Removed top 1 bits (of 7) from port B of cell VX_cp_arbiter_top.$techmap\u_arb.$lt$results/exp08/ppa/aging/arbiter_input.v:67$90 ($lt).
Removed top 2 bits (of 7) from port B of cell VX_cp_arbiter_top.$techmap\u_arb.$lt$results/exp08/ppa/aging/arbiter_input.v:65$88 ($lt).
Removed top 1 bits (of 3) from port B of cell VX_cp_arbiter_top.$techmap\u_arb.$ge$results/exp08/ppa/aging/arbiter_input.v:73$86 ($ge).
Removed top 1 bits (of 3) from port A of cell VX_cp_arbiter_top.$techmap\u_arb.$add$results/exp08/ppa/aging/arbiter_input.v:73$85 ($add).
Removed top 1 bits (of 3) from port B of cell VX_cp_arbiter_top.$techmap\u_arb.$add$results/exp08/ppa/aging/arbiter_input.v:73$85 ($add).
Removed top 1 bits (of 7) from port B of cell VX_cp_arbiter_top.$techmap\u_arb.$lt$results/exp08/ppa/aging/arbiter_input.v:67$83 ($lt).
Removed top 2 bits (of 7) from port B of cell VX_cp_arbiter_top.$techmap\u_arb.$lt$results/exp08/ppa/aging/arbiter_input.v:65$81 ($lt).
Removed top 1 bits (of 3) from port B of cell VX_cp_arbiter_top.$techmap\u_arb.$ge$results/exp08/ppa/aging/arbiter_input.v:73$79 ($ge).
Removed top 1 bits (of 3) from port A of cell VX_cp_arbiter_top.$techmap\u_arb.$add$results/exp08/ppa/aging/arbiter_input.v:73$78 ($add).
Removed top 1 bits (of 3) from port B of cell VX_cp_arbiter_top.$techmap\u_arb.$add$results/exp08/ppa/aging/arbiter_input.v:73$78 ($add).
Removed top 1 bits (of 7) from port B of cell VX_cp_arbiter_top.$techmap\u_arb.$lt$results/exp08/ppa/aging/arbiter_input.v:67$76 ($lt).
Removed top 2 bits (of 7) from port B of cell VX_cp_arbiter_top.$techmap\u_arb.$lt$results/exp08/ppa/aging/arbiter_input.v:65$74 ($lt).
Removed top 1 bits (of 3) from port B of cell VX_cp_arbiter_top.$techmap\u_arb.$ge$results/exp08/ppa/aging/arbiter_input.v:73$72 ($ge).
Removed top 1 bits (of 3) from port A of cell VX_cp_arbiter_top.$techmap\u_arb.$add$results/exp08/ppa/aging/arbiter_input.v:73$71 ($add).
Removed top 1 bits (of 3) from port B of cell VX_cp_arbiter_top.$techmap\u_arb.$add$results/exp08/ppa/aging/arbiter_input.v:73$71 ($add).
Removed top 1 bits (of 7) from port B of cell VX_cp_arbiter_top.$techmap\u_arb.$lt$results/exp08/ppa/aging/arbiter_input.v:67$69 ($lt).
Removed top 2 bits (of 7) from port B of cell VX_cp_arbiter_top.$techmap\u_arb.$lt$results/exp08/ppa/aging/arbiter_input.v:65$67 ($lt).
Removed top 1 bits (of 2) from wire VX_cp_arbiter_top.$techmap\u_arb.$3\aging_boost[0][1:0].
Removed top 1 bits (of 2) from wire VX_cp_arbiter_top.$techmap\u_arb.$3\aging_boost[1][1:0].
Removed top 1 bits (of 2) from wire VX_cp_arbiter_top.$techmap\u_arb.$3\aging_boost[2][1:0].
Removed top 1 bits (of 2) from wire VX_cp_arbiter_top.$techmap\u_arb.$3\aging_boost[3][1:0].
Removed top 29 bits (of 32) from wire VX_cp_arbiter_top.$techmap\u_arb.$add$results/exp08/ppa/aging/arbiter_input.v:89$123_Y.
Removed top 29 bits (of 32) from wire VX_cp_arbiter_top.$techmap\u_arb.$add$results/exp08/ppa/aging/arbiter_input.v:89$131_Y.
Removed top 29 bits (of 32) from wire VX_cp_arbiter_top.$techmap\u_arb.$add$results/exp08/ppa/aging/arbiter_input.v:89$139_Y.

2.8.7. Executing PEEPOPT pass (run peephole optimizers).

2.8.8. Executing OPT_CLEAN pass (remove unused cells and wires).
Finding unused cells or wires in module \VX_cp_arbiter_top..
Removed 0 unused cells and 7 unused wires.
<suppressed ~1 debug messages>

2.8.9. Executing TECHMAP pass (map to technology primitives).

2.8.9.1. Executing Verilog-2005 frontend: /home/houdong/tool/yosys/bin/../share/yosys/cmp2lut.v
Parsing Verilog input from `/home/houdong/tool/yosys/bin/../share/yosys/cmp2lut.v' to AST representation.
Generating RTLIL representation for module `\_90_lut_cmp_'.
Successfully finished Verilog frontend.

2.8.9.2. Continuing TECHMAP pass.
No more expansions possible.
<suppressed ~212 debug messages>

2.8.10. Executing ALUMACC pass (create $alu and $macc cells).
Extracting $alu and $macc cells in module VX_cp_arbiter_top:
  creating $macc model for $techmap\u_arb.$add$results/exp08/ppa/aging/arbiter_input.v:109$179 ($add).
  creating $macc model for $techmap\u_arb.$add$results/exp08/ppa/aging/arbiter_input.v:115$186 ($add).
  creating $macc model for $techmap\u_arb.$add$results/exp08/ppa/aging/arbiter_input.v:115$193 ($add).
  creating $macc model for $techmap\u_arb.$add$results/exp08/ppa/aging/arbiter_input.v:115$200 ($add).
  creating $macc model for $techmap\u_arb.$add$results/exp08/ppa/aging/arbiter_input.v:115$207 ($add).
  creating $macc model for $techmap\u_arb.$add$results/exp08/ppa/aging/arbiter_input.v:73$71 ($add).
  creating $macc model for $techmap\u_arb.$add$results/exp08/ppa/aging/arbiter_input.v:73$78 ($add).
  creating $macc model for $techmap\u_arb.$add$results/exp08/ppa/aging/arbiter_input.v:73$85 ($add).
  creating $macc model for $techmap\u_arb.$add$results/exp08/ppa/aging/arbiter_input.v:73$92 ($add).
  creating $macc model for $techmap\u_arb.$add$results/exp08/ppa/aging/arbiter_input.v:76$73 ($add).
  creating $macc model for $techmap\u_arb.$add$results/exp08/ppa/aging/arbiter_input.v:76$80 ($add).
  creating $macc model for $techmap\u_arb.$add$results/exp08/ppa/aging/arbiter_input.v:76$87 ($add).
  creating $macc model for $techmap\u_arb.$add$results/exp08/ppa/aging/arbiter_input.v:76$94 ($add).
  creating $macc model for $techmap\u_arb.$add$results/exp08/ppa/aging/arbiter_input.v:89$123 ($add).
  creating $macc model for $techmap\u_arb.$add$results/exp08/ppa/aging/arbiter_input.v:89$131 ($add).
  creating $macc model for $techmap\u_arb.$add$results/exp08/ppa/aging/arbiter_input.v:89$139 ($add).
  creating $macc model for $techmap\u_arb.$sub$results/exp08/ppa/aging/arbiter_input.v:91$117 ($sub).
  creating $macc model for $techmap\u_arb.$sub$results/exp08/ppa/aging/arbiter_input.v:91$125 ($sub).
  creating $macc model for $techmap\u_arb.$sub$results/exp08/ppa/aging/arbiter_input.v:91$133 ($sub).
  creating $macc model for $techmap\u_arb.$sub$results/exp08/ppa/aging/arbiter_input.v:91$141 ($sub).
  creating $alu model for $macc $techmap\u_arb.$sub$results/exp08/ppa/aging/arbiter_input.v:91$141.
  creating $alu model for $macc $techmap\u_arb.$sub$results/exp08/ppa/aging/arbiter_input.v:91$133.
  creating $alu model for $macc $techmap\u_arb.$sub$results/exp08/ppa/aging/arbiter_input.v:91$125.
  creating $alu model for $macc $techmap\u_arb.$sub$results/exp08/ppa/aging/arbiter_input.v:91$117.
  creating $alu model for $macc $techmap\u_arb.$add$results/exp08/ppa/aging/arbiter_input.v:89$139.
  creating $alu model for $macc $techmap\u_arb.$add$results/exp08/ppa/aging/arbiter_input.v:89$131.
  creating $alu model for $macc $techmap\u_arb.$add$results/exp08/ppa/aging/arbiter_input.v:89$123.
  creating $alu model for $macc $techmap\u_arb.$add$results/exp08/ppa/aging/arbiter_input.v:76$94.
  creating $alu model for $macc $techmap\u_arb.$add$results/exp08/ppa/aging/arbiter_input.v:76$87.
  creating $alu model for $macc $techmap\u_arb.$add$results/exp08/ppa/aging/arbiter_input.v:76$80.
  creating $alu model for $macc $techmap\u_arb.$add$results/exp08/ppa/aging/arbiter_input.v:76$73.
  creating $alu model for $macc $techmap\u_arb.$add$results/exp08/ppa/aging/arbiter_input.v:73$92.
  creating $alu model for $macc $techmap\u_arb.$add$results/exp08/ppa/aging/arbiter_input.v:73$85.
  creating $alu model for $macc $techmap\u_arb.$add$results/exp08/ppa/aging/arbiter_input.v:73$78.
  creating $alu model for $macc $techmap\u_arb.$add$results/exp08/ppa/aging/arbiter_input.v:73$71.
  creating $alu model for $macc $techmap\u_arb.$add$results/exp08/ppa/aging/arbiter_input.v:115$207.
  creating $alu model for $macc $techmap\u_arb.$add$results/exp08/ppa/aging/arbiter_input.v:115$200.
  creating $alu model for $macc $techmap\u_arb.$add$results/exp08/ppa/aging/arbiter_input.v:115$193.
  creating $alu model for $macc $techmap\u_arb.$add$results/exp08/ppa/aging/arbiter_input.v:115$186.
  creating $alu model for $macc $techmap\u_arb.$add$results/exp08/ppa/aging/arbiter_input.v:109$179.
  creating $alu model for $techmap\u_arb.$ge$results/exp08/ppa/aging/arbiter_input.v:73$72 ($ge): new $alu
  creating $alu model for $techmap\u_arb.$ge$results/exp08/ppa/aging/arbiter_input.v:73$79 ($ge): new $alu
  creating $alu model for $techmap\u_arb.$ge$results/exp08/ppa/aging/arbiter_input.v:73$86 ($ge): new $alu
  creating $alu model for $techmap\u_arb.$ge$results/exp08/ppa/aging/arbiter_input.v:73$93 ($ge): new $alu
  creating $alu model for $techmap\u_arb.$ge$results/exp08/ppa/aging/arbiter_input.v:90$116 ($ge): merged with $techmap\u_arb.$sub$results/exp08/ppa/aging/arbiter_input.v:91$117.
  creating $alu model for $techmap\u_arb.$ge$results/exp08/ppa/aging/arbiter_input.v:90$124 ($ge): new $alu
  creating $alu model for $techmap\u_arb.$ge$results/exp08/ppa/aging/arbiter_input.v:90$132 ($ge): new $alu
  creating $alu model for $techmap\u_arb.$ge$results/exp08/ppa/aging/arbiter_input.v:90$140 ($ge): new $alu
  creating $alu model for $techmap\u_arb.$gt$results/exp08/ppa/aging/arbiter_input.v:80$101 ($gt): new $alu
  creating $alu model for $techmap\u_arb.$gt$results/exp08/ppa/aging/arbiter_input.v:80$95 ($gt): new $alu
  creating $alu model for $techmap\u_arb.$gt$results/exp08/ppa/aging/arbiter_input.v:80$97 ($gt): new $alu
  creating $alu model for $techmap\u_arb.$gt$results/exp08/ppa/aging/arbiter_input.v:80$99 ($gt): new $alu
  creating $alu model for $techmap\u_arb.$lt$results/exp08/ppa/aging/arbiter_input.v:65$67 ($lt): new $alu
  creating $alu model for $techmap\u_arb.$lt$results/exp08/ppa/aging/arbiter_input.v:65$74 ($lt): new $alu
  creating $alu model for $techmap\u_arb.$lt$results/exp08/ppa/aging/arbiter_input.v:65$81 ($lt): new $alu
  creating $alu model for $techmap\u_arb.$lt$results/exp08/ppa/aging/arbiter_input.v:65$88 ($lt): new $alu
  creating $alu model for $techmap\u_arb.$lt$results/exp08/ppa/aging/arbiter_input.v:67$69 ($lt): new $alu
  creating $alu model for $techmap\u_arb.$lt$results/exp08/ppa/aging/arbiter_input.v:67$76 ($lt): new $alu
  creating $alu model for $techmap\u_arb.$lt$results/exp08/ppa/aging/arbiter_input.v:67$83 ($lt): new $alu
  creating $alu model for $techmap\u_arb.$lt$results/exp08/ppa/aging/arbiter_input.v:67$90 ($lt): new $alu
  creating $alu model for $techmap\u_arb.$lt$results/exp08/ppa/aging/arbiter_input.v:69$70 ($lt): new $alu
  creating $alu model for $techmap\u_arb.$lt$results/exp08/ppa/aging/arbiter_input.v:69$77 ($lt): new $alu
  creating $alu model for $techmap\u_arb.$lt$results/exp08/ppa/aging/arbiter_input.v:69$84 ($lt): new $alu
  creating $alu model for $techmap\u_arb.$lt$results/exp08/ppa/aging/arbiter_input.v:69$91 ($lt): new $alu
  creating $alu cell for $techmap\u_arb.$lt$results/exp08/ppa/aging/arbiter_input.v:69$91: $auto$alumacc.cc:474:replace_alu$558
  creating $alu cell for $techmap\u_arb.$lt$results/exp08/ppa/aging/arbiter_input.v:69$84: $auto$alumacc.cc:474:replace_alu$569
  creating $alu cell for $techmap\u_arb.$lt$results/exp08/ppa/aging/arbiter_input.v:69$77: $auto$alumacc.cc:474:replace_alu$580
  creating $alu cell for $techmap\u_arb.$lt$results/exp08/ppa/aging/arbiter_input.v:69$70: $auto$alumacc.cc:474:replace_alu$591
  creating $alu cell for $techmap\u_arb.$lt$results/exp08/ppa/aging/arbiter_input.v:67$90: $auto$alumacc.cc:474:replace_alu$602
  creating $alu cell for $techmap\u_arb.$lt$results/exp08/ppa/aging/arbiter_input.v:67$83: $auto$alumacc.cc:474:replace_alu$613
  creating $alu cell for $techmap\u_arb.$lt$results/exp08/ppa/aging/arbiter_input.v:67$76: $auto$alumacc.cc:474:replace_alu$624
  creating $alu cell for $techmap\u_arb.$lt$results/exp08/ppa/aging/arbiter_input.v:67$69: $auto$alumacc.cc:474:replace_alu$635
  creating $alu cell for $techmap\u_arb.$lt$results/exp08/ppa/aging/arbiter_input.v:65$88: $auto$alumacc.cc:474:replace_alu$646
  creating $alu cell for $techmap\u_arb.$lt$results/exp08/ppa/aging/arbiter_input.v:65$81: $auto$alumacc.cc:474:replace_alu$657
  creating $alu cell for $techmap\u_arb.$lt$results/exp08/ppa/aging/arbiter_input.v:65$74: $auto$alumacc.cc:474:replace_alu$668
  creating $alu cell for $techmap\u_arb.$lt$results/exp08/ppa/aging/arbiter_input.v:65$67: $auto$alumacc.cc:474:replace_alu$679
  creating $alu cell for $techmap\u_arb.$gt$results/exp08/ppa/aging/arbiter_input.v:80$99: $auto$alumacc.cc:474:replace_alu$690
  creating $alu cell for $techmap\u_arb.$gt$results/exp08/ppa/aging/arbiter_input.v:80$97: $auto$alumacc.cc:474:replace_alu$695
  creating $alu cell for $techmap\u_arb.$gt$results/exp08/ppa/aging/arbiter_input.v:80$95: $auto$alumacc.cc:474:replace_alu$700
  creating $alu cell for $techmap\u_arb.$gt$results/exp08/ppa/aging/arbiter_input.v:80$101: $auto$alumacc.cc:474:replace_alu$705
  creating $alu cell for $techmap\u_arb.$ge$results/exp08/ppa/aging/arbiter_input.v:90$140: $auto$alumacc.cc:474:replace_alu$710
  creating $alu cell for $techmap\u_arb.$ge$results/exp08/ppa/aging/arbiter_input.v:90$132: $auto$alumacc.cc:474:replace_alu$721
  creating $alu cell for $techmap\u_arb.$ge$results/exp08/ppa/aging/arbiter_input.v:90$124: $auto$alumacc.cc:474:replace_alu$732
  creating $alu cell for $techmap\u_arb.$ge$results/exp08/ppa/aging/arbiter_input.v:73$93: $auto$alumacc.cc:474:replace_alu$743
  creating $alu cell for $techmap\u_arb.$ge$results/exp08/ppa/aging/arbiter_input.v:73$86: $auto$alumacc.cc:474:replace_alu$752
  creating $alu cell for $techmap\u_arb.$ge$results/exp08/ppa/aging/arbiter_input.v:73$79: $auto$alumacc.cc:474:replace_alu$761
  creating $alu cell for $techmap\u_arb.$ge$results/exp08/ppa/aging/arbiter_input.v:73$72: $auto$alumacc.cc:474:replace_alu$770
  creating $alu cell for $techmap\u_arb.$add$results/exp08/ppa/aging/arbiter_input.v:109$179: $auto$alumacc.cc:474:replace_alu$779
  creating $alu cell for $techmap\u_arb.$add$results/exp08/ppa/aging/arbiter_input.v:115$186: $auto$alumacc.cc:474:replace_alu$782
  creating $alu cell for $techmap\u_arb.$add$results/exp08/ppa/aging/arbiter_input.v:115$193: $auto$alumacc.cc:474:replace_alu$785
  creating $alu cell for $techmap\u_arb.$add$results/exp08/ppa/aging/arbiter_input.v:115$200: $auto$alumacc.cc:474:replace_alu$788
  creating $alu cell for $techmap\u_arb.$add$results/exp08/ppa/aging/arbiter_input.v:115$207: $auto$alumacc.cc:474:replace_alu$791
  creating $alu cell for $techmap\u_arb.$add$results/exp08/ppa/aging/arbiter_input.v:73$71: $auto$alumacc.cc:474:replace_alu$794
  creating $alu cell for $techmap\u_arb.$add$results/exp08/ppa/aging/arbiter_input.v:76$73: $auto$alumacc.cc:474:replace_alu$797
  creating $alu cell for $techmap\u_arb.$add$results/exp08/ppa/aging/arbiter_input.v:73$78: $auto$alumacc.cc:474:replace_alu$800
  creating $alu cell for $techmap\u_arb.$add$results/exp08/ppa/aging/arbiter_input.v:76$80: $auto$alumacc.cc:474:replace_alu$803
  creating $alu cell for $techmap\u_arb.$add$results/exp08/ppa/aging/arbiter_input.v:73$85: $auto$alumacc.cc:474:replace_alu$806
  creating $alu cell for $techmap\u_arb.$add$results/exp08/ppa/aging/arbiter_input.v:76$87: $auto$alumacc.cc:474:replace_alu$809
  creating $alu cell for $techmap\u_arb.$add$results/exp08/ppa/aging/arbiter_input.v:73$92: $auto$alumacc.cc:474:replace_alu$812
  creating $alu cell for $techmap\u_arb.$add$results/exp08/ppa/aging/arbiter_input.v:76$94: $auto$alumacc.cc:474:replace_alu$815
  creating $alu cell for $techmap\u_arb.$add$results/exp08/ppa/aging/arbiter_input.v:89$123: $auto$alumacc.cc:474:replace_alu$818
  creating $alu cell for $techmap\u_arb.$add$results/exp08/ppa/aging/arbiter_input.v:89$131: $auto$alumacc.cc:474:replace_alu$821
  creating $alu cell for $techmap\u_arb.$add$results/exp08/ppa/aging/arbiter_input.v:89$139: $auto$alumacc.cc:474:replace_alu$824
  creating $alu cell for $techmap\u_arb.$sub$results/exp08/ppa/aging/arbiter_input.v:91$117, $techmap\u_arb.$ge$results/exp08/ppa/aging/arbiter_input.v:90$116: $auto$alumacc.cc:474:replace_alu$827
  creating $alu cell for $techmap\u_arb.$sub$results/exp08/ppa/aging/arbiter_input.v:91$125: $auto$alumacc.cc:474:replace_alu$840
  creating $alu cell for $techmap\u_arb.$sub$results/exp08/ppa/aging/arbiter_input.v:91$133: $auto$alumacc.cc:474:replace_alu$843
  creating $alu cell for $techmap\u_arb.$sub$results/exp08/ppa/aging/arbiter_input.v:91$141: $auto$alumacc.cc:474:replace_alu$846
  created 43 $alu and 0 $macc cells.

2.8.11. Executing SHARE pass (SAT-based resource sharing).

2.8.12. Executing OPT pass (performing simple optimizations).

2.8.12.1. Executing OPT_EXPR pass (perform const folding).
Optimizing module VX_cp_arbiter_top.
<suppressed ~12 debug messages>

2.8.12.2. Executing OPT_MERGE pass (detect identical cells).
Finding identical cells in module `\VX_cp_arbiter_top'.
Removed a total of 0 cells.

2.8.12.3. Executing OPT_MUXTREE pass (detect dead branches in mux trees).
Running muxtree optimizer on module \VX_cp_arbiter_top..
  Creating internal representation of mux trees.
  Evaluating internal representation of mux trees.
  Analyzing evaluation results.
Removed 0 multiplexer ports.
<suppressed ~26 debug messages>

2.8.12.4. Executing OPT_REDUCE pass (consolidate $*mux and $reduce_* inputs).
  Optimizing cells in module \VX_cp_arbiter_top.
    New input vector for $reduce_or cell $auto$alumacc.cc:509:replace_alu$838: { $auto$rtlil.cc:1832:Not$837 $auto$rtlil.cc:1835:ReduceAnd$831 }
    New input vector for $reduce_and cell $auto$alumacc.cc:64:get_eq$561: { $auto$alumacc.cc:490:replace_alu$559 [0] $auto$alumacc.cc:490:replace_alu$559 [1] $auto$alumacc.cc:490:replace_alu$559 [2] $auto$alumacc.cc:490:replace_alu$559 [3] $auto$alumacc.cc:490:replace_alu$559 [4] $auto$alumacc.cc:490:replace_alu$559 [5] $auto$alumacc.cc:490:replace_alu$559 [6] }
    New input vector for $reduce_and cell $auto$alumacc.cc:64:get_eq$572: { $auto$alumacc.cc:490:replace_alu$570 [0] $auto$alumacc.cc:490:replace_alu$570 [1] $auto$alumacc.cc:490:replace_alu$570 [2] $auto$alumacc.cc:490:replace_alu$570 [3] $auto$alumacc.cc:490:replace_alu$570 [4] $auto$alumacc.cc:490:replace_alu$570 [5] $auto$alumacc.cc:490:replace_alu$570 [6] }
    New input vector for $reduce_and cell $auto$alumacc.cc:64:get_eq$583: { $auto$alumacc.cc:490:replace_alu$581 [0] $auto$alumacc.cc:490:replace_alu$581 [1] $auto$alumacc.cc:490:replace_alu$581 [2] $auto$alumacc.cc:490:replace_alu$581 [3] $auto$alumacc.cc:490:replace_alu$581 [4] $auto$alumacc.cc:490:replace_alu$581 [5] $auto$alumacc.cc:490:replace_alu$581 [6] }
    New input vector for $reduce_and cell $auto$alumacc.cc:64:get_eq$594: { $auto$alumacc.cc:490:replace_alu$592 [0] $auto$alumacc.cc:490:replace_alu$592 [1] $auto$alumacc.cc:490:replace_alu$592 [2] $auto$alumacc.cc:490:replace_alu$592 [3] $auto$alumacc.cc:490:replace_alu$592 [4] $auto$alumacc.cc:490:replace_alu$592 [5] $auto$alumacc.cc:490:replace_alu$592 [6] }
    New input vector for $reduce_and cell $auto$alumacc.cc:64:get_eq$605: { $auto$alumacc.cc:490:replace_alu$603 [0] $auto$alumacc.cc:490:replace_alu$603 [1] $auto$alumacc.cc:490:replace_alu$603 [2] $auto$alumacc.cc:490:replace_alu$603 [3] $auto$alumacc.cc:490:replace_alu$603 [4] $auto$alumacc.cc:490:replace_alu$603 [5] $auto$alumacc.cc:490:replace_alu$603 [6] }
    New input vector for $reduce_and cell $auto$alumacc.cc:64:get_eq$616: { $auto$alumacc.cc:490:replace_alu$614 [0] $auto$alumacc.cc:490:replace_alu$614 [1] $auto$alumacc.cc:490:replace_alu$614 [2] $auto$alumacc.cc:490:replace_alu$614 [3] $auto$alumacc.cc:490:replace_alu$614 [4] $auto$alumacc.cc:490:replace_alu$614 [5] $auto$alumacc.cc:490:replace_alu$614 [6] }
    New input vector for $reduce_and cell $auto$alumacc.cc:64:get_eq$627: { $auto$alumacc.cc:490:replace_alu$625 [0] $auto$alumacc.cc:490:replace_alu$625 [1] $auto$alumacc.cc:490:replace_alu$625 [2] $auto$alumacc.cc:490:replace_alu$625 [3] $auto$alumacc.cc:490:replace_alu$625 [4] $auto$alumacc.cc:490:replace_alu$625 [5] $auto$alumacc.cc:490:replace_alu$625 [6] }
    New input vector for $reduce_and cell $auto$alumacc.cc:64:get_eq$638: { $auto$alumacc.cc:490:replace_alu$636 [0] $auto$alumacc.cc:490:replace_alu$636 [1] $auto$alumacc.cc:490:replace_alu$636 [2] $auto$alumacc.cc:490:replace_alu$636 [3] $auto$alumacc.cc:490:replace_alu$636 [4] $auto$alumacc.cc:490:replace_alu$636 [5] $auto$alumacc.cc:490:replace_alu$636 [6] }
    New input vector for $reduce_and cell $auto$alumacc.cc:64:get_eq$649: { $auto$alumacc.cc:490:replace_alu$647 [0] $auto$alumacc.cc:490:replace_alu$647 [1] $auto$alumacc.cc:490:replace_alu$647 [2] $auto$alumacc.cc:490:replace_alu$647 [3] $auto$alumacc.cc:490:replace_alu$647 [4] $auto$alumacc.cc:490:replace_alu$647 [5] $auto$alumacc.cc:490:replace_alu$647 [6] }
    New input vector for $reduce_and cell $auto$alumacc.cc:64:get_eq$660: { $auto$alumacc.cc:490:replace_alu$658 [0] $auto$alumacc.cc:490:replace_alu$658 [1] $auto$alumacc.cc:490:replace_alu$658 [2] $auto$alumacc.cc:490:replace_alu$658 [3] $auto$alumacc.cc:490:replace_alu$658 [4] $auto$alumacc.cc:490:replace_alu$658 [5] $auto$alumacc.cc:490:replace_alu$658 [6] }
    New input vector for $reduce_and cell $auto$alumacc.cc:64:get_eq$671: { $auto$alumacc.cc:490:replace_alu$669 [0] $auto$alumacc.cc:490:replace_alu$669 [1] $auto$alumacc.cc:490:replace_alu$669 [2] $auto$alumacc.cc:490:replace_alu$669 [3] $auto$alumacc.cc:490:replace_alu$669 [4] $auto$alumacc.cc:490:replace_alu$669 [5] $auto$alumacc.cc:490:replace_alu$669 [6] }
    New input vector for $reduce_and cell $auto$alumacc.cc:64:get_eq$682: { $auto$alumacc.cc:490:replace_alu$680 [0] $auto$alumacc.cc:490:replace_alu$680 [1] $auto$alumacc.cc:490:replace_alu$680 [2] $auto$alumacc.cc:490:replace_alu$680 [3] $auto$alumacc.cc:490:replace_alu$680 [4] $auto$alumacc.cc:490:replace_alu$680 [5] $auto$alumacc.cc:490:replace_alu$680 [6] }
    New input vector for $reduce_and cell $auto$alumacc.cc:64:get_eq$717: { $auto$alumacc.cc:490:replace_alu$711 [0] $auto$alumacc.cc:490:replace_alu$711 [1] $auto$alumacc.cc:490:replace_alu$711 [2] $auto$alumacc.cc:490:replace_alu$711 [3] $auto$alumacc.cc:490:replace_alu$711 [4] $auto$alumacc.cc:490:replace_alu$711 [5] $auto$alumacc.cc:490:replace_alu$711 [6] $auto$alumacc.cc:490:replace_alu$711 [7] $auto$alumacc.cc:490:replace_alu$711 [8] $auto$alumacc.cc:490:replace_alu$711 [9] $auto$alumacc.cc:490:replace_alu$711 [10] $auto$alumacc.cc:490:replace_alu$711 [11] $auto$alumacc.cc:490:replace_alu$711 [12] $auto$alumacc.cc:490:replace_alu$711 [13] $auto$alumacc.cc:490:replace_alu$711 [14] $auto$alumacc.cc:490:replace_alu$711 [15] $auto$alumacc.cc:490:replace_alu$711 [16] $auto$alumacc.cc:490:replace_alu$711 [17] $auto$alumacc.cc:490:replace_alu$711 [18] $auto$alumacc.cc:490:replace_alu$711 [19] $auto$alumacc.cc:490:replace_alu$711 [20] $auto$alumacc.cc:490:replace_alu$711 [21] $auto$alumacc.cc:490:replace_alu$711 [22] $auto$alumacc.cc:490:replace_alu$711 [23] $auto$alumacc.cc:490:replace_alu$711 [24] $auto$alumacc.cc:490:replace_alu$711 [25] $auto$alumacc.cc:490:replace_alu$711 [26] $auto$alumacc.cc:490:replace_alu$711 [27] $auto$alumacc.cc:490:replace_alu$711 [28] $auto$alumacc.cc:490:replace_alu$711 [29] $auto$alumacc.cc:490:replace_alu$711 [30] $auto$alumacc.cc:490:replace_alu$711 [31] }
    New input vector for $reduce_and cell $auto$alumacc.cc:64:get_eq$728: { $auto$alumacc.cc:490:replace_alu$722 [0] $auto$alumacc.cc:490:replace_alu$722 [1] $auto$alumacc.cc:490:replace_alu$722 [2] $auto$alumacc.cc:490:replace_alu$722 [3] $auto$alumacc.cc:490:replace_alu$722 [4] $auto$alumacc.cc:490:replace_alu$722 [5] $auto$alumacc.cc:490:replace_alu$722 [6] $auto$alumacc.cc:490:replace_alu$722 [7] $auto$alumacc.cc:490:replace_alu$722 [8] $auto$alumacc.cc:490:replace_alu$722 [9] $auto$alumacc.cc:490:replace_alu$722 [10] $auto$alumacc.cc:490:replace_alu$722 [11] $auto$alumacc.cc:490:replace_alu$722 [12] $auto$alumacc.cc:490:replace_alu$722 [13] $auto$alumacc.cc:490:replace_alu$722 [14] $auto$alumacc.cc:490:replace_alu$722 [15] $auto$alumacc.cc:490:replace_alu$722 [16] $auto$alumacc.cc:490:replace_alu$722 [17] $auto$alumacc.cc:490:replace_alu$722 [18] $auto$alumacc.cc:490:replace_alu$722 [19] $auto$alumacc.cc:490:replace_alu$722 [20] $auto$alumacc.cc:490:replace_alu$722 [21] $auto$alumacc.cc:490:replace_alu$722 [22] $auto$alumacc.cc:490:replace_alu$722 [23] $auto$alumacc.cc:490:replace_alu$722 [24] $auto$alumacc.cc:490:replace_alu$722 [25] $auto$alumacc.cc:490:replace_alu$722 [26] $auto$alumacc.cc:490:replace_alu$722 [27] $auto$alumacc.cc:490:replace_alu$722 [28] $auto$alumacc.cc:490:replace_alu$722 [29] $auto$alumacc.cc:490:replace_alu$722 [30] $auto$alumacc.cc:490:replace_alu$722 [31] }
    New input vector for $reduce_and cell $auto$alumacc.cc:64:get_eq$739: { $auto$alumacc.cc:490:replace_alu$733 [0] $auto$alumacc.cc:490:replace_alu$733 [1] $auto$alumacc.cc:490:replace_alu$733 [2] $auto$alumacc.cc:490:replace_alu$733 [3] $auto$alumacc.cc:490:replace_alu$733 [4] $auto$alumacc.cc:490:replace_alu$733 [5] $auto$alumacc.cc:490:replace_alu$733 [6] $auto$alumacc.cc:490:replace_alu$733 [7] $auto$alumacc.cc:490:replace_alu$733 [8] $auto$alumacc.cc:490:replace_alu$733 [9] $auto$alumacc.cc:490:replace_alu$733 [10] $auto$alumacc.cc:490:replace_alu$733 [11] $auto$alumacc.cc:490:replace_alu$733 [12] $auto$alumacc.cc:490:replace_alu$733 [13] $auto$alumacc.cc:490:replace_alu$733 [14] $auto$alumacc.cc:490:replace_alu$733 [15] $auto$alumacc.cc:490:replace_alu$733 [16] $auto$alumacc.cc:490:replace_alu$733 [17] $auto$alumacc.cc:490:replace_alu$733 [18] $auto$alumacc.cc:490:replace_alu$733 [19] $auto$alumacc.cc:490:replace_alu$733 [20] $auto$alumacc.cc:490:replace_alu$733 [21] $auto$alumacc.cc:490:replace_alu$733 [22] $auto$alumacc.cc:490:replace_alu$733 [23] $auto$alumacc.cc:490:replace_alu$733 [24] $auto$alumacc.cc:490:replace_alu$733 [25] $auto$alumacc.cc:490:replace_alu$733 [26] $auto$alumacc.cc:490:replace_alu$733 [27] $auto$alumacc.cc:490:replace_alu$733 [28] $auto$alumacc.cc:490:replace_alu$733 [29] $auto$alumacc.cc:490:replace_alu$733 [30] $auto$alumacc.cc:490:replace_alu$733 [31] }
    New input vector for $reduce_and cell $auto$alumacc.cc:64:get_eq$748: { $auto$alumacc.cc:490:replace_alu$744 [0] $auto$alumacc.cc:490:replace_alu$744 [1] $auto$alumacc.cc:490:replace_alu$744 [2] }
    New input vector for $reduce_and cell $auto$alumacc.cc:64:get_eq$757: { $auto$alumacc.cc:490:replace_alu$753 [0] $auto$alumacc.cc:490:replace_alu$753 [1] $auto$alumacc.cc:490:replace_alu$753 [2] }
    New input vector for $reduce_and cell $auto$alumacc.cc:64:get_eq$766: { $auto$alumacc.cc:490:replace_alu$762 [0] $auto$alumacc.cc:490:replace_alu$762 [1] $auto$alumacc.cc:490:replace_alu$762 [2] }
    New input vector for $reduce_and cell $auto$alumacc.cc:64:get_eq$775: { $auto$alumacc.cc:490:replace_alu$771 [0] $auto$alumacc.cc:490:replace_alu$771 [1] $auto$alumacc.cc:490:replace_alu$771 [2] }
    New input vector for $reduce_and cell $auto$alumacc.cc:64:get_eq$830: { $auto$alumacc.cc:490:replace_alu$828 [0] $auto$alumacc.cc:490:replace_alu$828 [1] $auto$alumacc.cc:490:replace_alu$828 [2] $auto$alumacc.cc:490:replace_alu$828 [3] $auto$alumacc.cc:490:replace_alu$828 [4] $auto$alumacc.cc:490:replace_alu$828 [5] $auto$alumacc.cc:490:replace_alu$828 [6] $auto$alumacc.cc:490:replace_alu$828 [7] $auto$alumacc.cc:490:replace_alu$828 [8] $auto$alumacc.cc:490:replace_alu$828 [9] $auto$alumacc.cc:490:replace_alu$828 [10] $auto$alumacc.cc:490:replace_alu$828 [11] $auto$alumacc.cc:490:replace_alu$828 [12] $auto$alumacc.cc:490:replace_alu$828 [13] $auto$alumacc.cc:490:replace_alu$828 [14] $auto$alumacc.cc:490:replace_alu$828 [15] $auto$alumacc.cc:490:replace_alu$828 [16] $auto$alumacc.cc:490:replace_alu$828 [17] $auto$alumacc.cc:490:replace_alu$828 [18] $auto$alumacc.cc:490:replace_alu$828 [19] $auto$alumacc.cc:490:replace_alu$828 [20] $auto$alumacc.cc:490:replace_alu$828 [21] $auto$alumacc.cc:490:replace_alu$828 [22] $auto$alumacc.cc:490:replace_alu$828 [23] $auto$alumacc.cc:490:replace_alu$828 [24] $auto$alumacc.cc:490:replace_alu$828 [25] $auto$alumacc.cc:490:replace_alu$828 [26] $auto$alumacc.cc:490:replace_alu$828 [27] $auto$alumacc.cc:490:replace_alu$828 [28] $auto$alumacc.cc:490:replace_alu$828 [29] $auto$alumacc.cc:490:replace_alu$828 [30] $auto$alumacc.cc:490:replace_alu$828 [31] }
  Optimizing cells in module \VX_cp_arbiter_top.
Performed a total of 21 changes.

2.8.12.5. Executing OPT_MERGE pass (detect identical cells).
Finding identical cells in module `\VX_cp_arbiter_top'.
Removed a total of 0 cells.

2.8.12.6. Executing OPT_RMDFF pass (remove dff with constant values).

2.8.12.7. Executing OPT_CLEAN pass (remove unused cells and wires).
Finding unused cells or wires in module \VX_cp_arbiter_top..
Removed 12 unused cells and 36 unused wires.
<suppressed ~13 debug messages>

2.8.12.8. Executing OPT_EXPR pass (perform const folding).
Optimizing module VX_cp_arbiter_top.

2.8.12.9. Rerunning OPT passes. (Maybe there is more to do..)

2.8.12.10. Executing OPT_MUXTREE pass (detect dead branches in mux trees).
Running muxtree optimizer on module \VX_cp_arbiter_top..
  Creating internal representation of mux trees.
  Evaluating internal representation of mux trees.
  Analyzing evaluation results.
Removed 0 multiplexer ports.
<suppressed ~26 debug messages>

2.8.12.11. Executing OPT_REDUCE pass (consolidate $*mux and $reduce_* inputs).
  Optimizing cells in module \VX_cp_arbiter_top.
Performed a total of 0 changes.

2.8.12.12. Executing OPT_MERGE pass (detect identical cells).
Finding identical cells in module `\VX_cp_arbiter_top'.
Removed a total of 0 cells.

2.8.12.13. Executing OPT_RMDFF pass (remove dff with constant values).

2.8.12.14. Executing OPT_CLEAN pass (remove unused cells and wires).
Finding unused cells or wires in module \VX_cp_arbiter_top..

2.8.12.15. Executing OPT_EXPR pass (perform const folding).
Optimizing module VX_cp_arbiter_top.

2.8.12.16. Finished OPT passes. (There is nothing left to do.)

2.8.13. Executing FSM pass (extract and optimize FSM).

2.8.13.1. Executing FSM_DETECT pass (finding FSMs in design).

2.8.13.2. Executing FSM_EXTRACT pass (extracting FSM from design).

2.8.13.3. Executing FSM_OPT pass (simple optimizations of FSMs).

2.8.13.4. Executing OPT_CLEAN pass (remove unused cells and wires).
Finding unused cells or wires in module \VX_cp_arbiter_top..

2.8.13.5. Executing FSM_OPT pass (simple optimizations of FSMs).

2.8.13.6. Executing FSM_RECODE pass (re-assigning FSM state encoding).

2.8.13.7. Executing FSM_INFO pass (dumping all available information on FSM cells).

2.8.13.8. Executing FSM_MAP pass (mapping FSMs to basic logic).

2.8.14. Executing OPT pass (performing simple optimizations).

2.8.14.1. Executing OPT_EXPR pass (perform const folding).
Optimizing module VX_cp_arbiter_top.

2.8.14.2. Executing OPT_MERGE pass (detect identical cells).
Finding identical cells in module `\VX_cp_arbiter_top'.
Removed a total of 0 cells.

2.8.14.3. Executing OPT_RMDFF pass (remove dff with constant values).

2.8.14.4. Executing OPT_CLEAN pass (remove unused cells and wires).
Finding unused cells or wires in module \VX_cp_arbiter_top..

2.8.14.5. Finished fast OPT passes.

2.8.15. Executing MEMORY pass.

2.8.15.1. Executing MEMORY_DFF pass (merging $dff cells to $memrd and $memwr).

2.8.15.2. Executing OPT_CLEAN pass (remove unused cells and wires).
Finding unused cells or wires in module \VX_cp_arbiter_top..

2.8.15.3. Executing MEMORY_SHARE pass (consolidating $memrd/$memwr cells).

2.8.15.4. Executing OPT_CLEAN pass (remove unused cells and wires).
Finding unused cells or wires in module \VX_cp_arbiter_top..

2.8.15.5. Executing MEMORY_COLLECT pass (generating $mem cells).

2.8.16. Executing OPT_CLEAN pass (remove unused cells and wires).
Finding unused cells or wires in module \VX_cp_arbiter_top..

2.9. Executing MEMORY_BRAM pass (mapping $mem cells to block memories).

2.10. Executing TECHMAP pass (map to technology primitives).

2.10.1. Executing Verilog-2005 frontend: /home/houdong/tool/yosys/bin/../share/yosys/xilinx/brams_map.v
Parsing Verilog input from `/home/houdong/tool/yosys/bin/../share/yosys/xilinx/brams_map.v' to AST representation.
Generating RTLIL representation for module `\$__XILINX_RAMB36_SDP'.
Generating RTLIL representation for module `\$__XILINX_RAMB18_SDP'.
Generating RTLIL representation for module `\$__XILINX_RAMB36_TDP'.
Generating RTLIL representation for module `\$__XILINX_RAMB18_TDP'.
Successfully finished Verilog frontend.

2.10.2. Continuing TECHMAP pass.
No more expansions possible.

2.11. Executing MEMORY_BRAM pass (mapping $mem cells to block memories).

2.12. Executing TECHMAP pass (map to technology primitives).

2.12.1. Executing Verilog-2005 frontend: /home/houdong/tool/yosys/bin/../share/yosys/xilinx/drams_map.v
Parsing Verilog input from `/home/houdong/tool/yosys/bin/../share/yosys/xilinx/drams_map.v' to AST representation.
Generating RTLIL representation for module `\$__XILINX_RAM32X1D'.
Generating RTLIL representation for module `\$__XILINX_RAM64X1D'.
Generating RTLIL representation for module `\$__XILINX_RAM128X1D'.
Successfully finished Verilog frontend.

2.12.2. Continuing TECHMAP pass.
No more expansions possible.

2.13. Executing PMUX2SHIFTX pass.

2.14. Executing OPT pass (performing simple optimizations).

2.14.1. Executing OPT_EXPR pass (perform const folding).
Optimizing module VX_cp_arbiter_top.
<suppressed ~8 debug messages>

2.14.2. Executing OPT_MERGE pass (detect identical cells).
Finding identical cells in module `\VX_cp_arbiter_top'.
Removed a total of 0 cells.

2.14.3. Executing OPT_RMDFF pass (remove dff with constant values).

2.14.4. Executing OPT_CLEAN pass (remove unused cells and wires).
Finding unused cells or wires in module \VX_cp_arbiter_top..
Removed 0 unused cells and 5 unused wires.
<suppressed ~1 debug messages>

2.14.5. Finished fast OPT passes.

2.15. Executing MEMORY_MAP pass (converting $mem cells to logic and flip-flops).

2.16. Executing DFFSR2DFF pass (mapping DFFSR cells to simpler FFs).

2.17. Executing DFF2DFFE pass (transform $dff to $dffe where applicable).
Transforming FF to FF+Enable cells in module VX_cp_arbiter_top:
  created $dffe cell $auto$dff2dffe.cc:215:handle_dff_cell$855 for $techmap\u_arb.$0\rr_pointer[1:0] -> \u_arb.rr_pointer.
  removing now obsolete cell $techmap\u_arb.$procdff$510.
  created $dffe cell $auto$dff2dffe.cc:215:handle_dff_cell$858 for $techmap\u_arb.$0\wait_counter[0][6:0] -> \u_arb.wait_counter[0].
  removing now obsolete cell $techmap\u_arb.$procdff$524.
  created $dffe cell $auto$dff2dffe.cc:215:handle_dff_cell$861 for $techmap\u_arb.$0\wait_counter[1][6:0] -> \u_arb.wait_counter[1].
  removing now obsolete cell $techmap\u_arb.$procdff$525.
  created $dffe cell $auto$dff2dffe.cc:215:handle_dff_cell$864 for $techmap\u_arb.$0\wait_counter[2][6:0] -> \u_arb.wait_counter[2].
  removing now obsolete cell $techmap\u_arb.$procdff$526.
  created $dffe cell $auto$dff2dffe.cc:215:handle_dff_cell$867 for $techmap\u_arb.$0\wait_counter[3][6:0] -> \u_arb.wait_counter[3].
  removing now obsolete cell $techmap\u_arb.$procdff$527.

2.18. Executing OPT pass (performing simple optimizations).

2.18.1. Executing OPT_EXPR pass (perform const folding).
Optimizing module VX_cp_arbiter_top.
<suppressed ~10 debug messages>

2.18.2. Executing OPT_MERGE pass (detect identical cells).
Finding identical cells in module `\VX_cp_arbiter_top'.
Removed a total of 0 cells.

2.18.3. Executing OPT_MUXTREE pass (detect dead branches in mux trees).
Running muxtree optimizer on module \VX_cp_arbiter_top..
  Creating internal representation of mux trees.
  Evaluating internal representation of mux trees.
  Analyzing evaluation results.
Removed 0 multiplexer ports.
<suppressed ~22 debug messages>

2.18.4. Executing OPT_REDUCE pass (consolidate $*mux and $reduce_* inputs).
  Optimizing cells in module \VX_cp_arbiter_top.
Performed a total of 0 changes.

2.18.5. Executing OPT_MERGE pass (detect identical cells).
Finding identical cells in module `\VX_cp_arbiter_top'.
Removed a total of 0 cells.

2.18.6. Executing OPT_RMDFF pass (remove dff with constant values).

2.18.7. Executing OPT_CLEAN pass (remove unused cells and wires).
Finding unused cells or wires in module \VX_cp_arbiter_top..
Removed 0 unused cells and 5 unused wires.
<suppressed ~1 debug messages>

2.18.8. Executing OPT_EXPR pass (perform const folding).
Optimizing module VX_cp_arbiter_top.

2.18.9. Finished OPT passes. (There is nothing left to do.)

2.19. Executing SIMPLEMAP pass (map simple cells to gate primitives).
Mapping VX_cp_arbiter_top.$auto$dff2dffe.cc:215:handle_dff_cell$855 ($dffe).
Mapping VX_cp_arbiter_top.$auto$dff2dffe.cc:215:handle_dff_cell$858 ($dffe).
Mapping VX_cp_arbiter_top.$auto$dff2dffe.cc:215:handle_dff_cell$861 ($dffe).
Mapping VX_cp_arbiter_top.$auto$dff2dffe.cc:215:handle_dff_cell$864 ($dffe).
Mapping VX_cp_arbiter_top.$auto$dff2dffe.cc:215:handle_dff_cell$867 ($dffe).

2.20. Executing SHREGMAP pass (map shift registers).
Converted 0 dff cells into 0 shift registers.

2.21. Executing TECHMAP pass (map to technology primitives).

2.21.1. Executing Verilog-2005 frontend: /home/houdong/tool/yosys/bin/../share/yosys/techmap.v
Parsing Verilog input from `/home/houdong/tool/yosys/bin/../share/yosys/techmap.v' to AST representation.
Generating RTLIL representation for module `\_90_simplemap_bool_ops'.
Generating RTLIL representation for module `\_90_simplemap_reduce_ops'.
Generating RTLIL representation for module `\_90_simplemap_logic_ops'.
Generating RTLIL representation for module `\_90_simplemap_compare_ops'.
Generating RTLIL representation for module `\_90_simplemap_various'.
Generating RTLIL representation for module `\_90_simplemap_registers'.
Generating RTLIL representation for module `\_90_shift_ops_shr_shl_sshl_sshr'.
Generating RTLIL representation for module `\_90_shift_shiftx'.
Generating RTLIL representation for module `\_90_fa'.
Generating RTLIL representation for module `\_90_lcu'.
Generating RTLIL representation for module `\_90_alu'.
Generating RTLIL representation for module `\_90_macc'.
Generating RTLIL representation for module `\_90_alumacc'.
Generating RTLIL representation for module `\$__div_mod_u'.
Generating RTLIL representation for module `\$__div_mod'.
Generating RTLIL representation for module `\_90_div'.
Generating RTLIL representation for module `\_90_mod'.
Generating RTLIL representation for module `\_90_pow'.
Generating RTLIL representation for module `\_90_pmux'.
Generating RTLIL representation for module `\_90_lut'.
Successfully finished Verilog frontend.

2.21.2. Executing Verilog-2005 frontend: /home/houdong/tool/yosys/bin/../share/yosys/xilinx/arith_map.v
Parsing Verilog input from `/home/houdong/tool/yosys/bin/../share/yosys/xilinx/arith_map.v' to AST representation.
Generating RTLIL representation for module `\_80_xilinx_lcu'.
Generating RTLIL representation for module `\_80_xilinx_alu'.
Successfully finished Verilog frontend.

2.21.3. Continuing TECHMAP pass.
Using extmapper simplemap for cells of type $not.
Using template $paramod$71fe29f31c06a098de76e755526458481e81b0f6\_80_xilinx_alu for cells of type $alu.
Using template $paramod$ca8657235d8a1a508fa062cb11aebd08e57a2da0\_80_xilinx_alu for cells of type $alu.
Using template $paramod$679af22e9d54b84c3e785cf86acdbea423611e15\_80_xilinx_alu for cells of type $alu.
Using template $paramod$7ada20ec2bb99e3c13fcb1f0eba92489281a362f\_80_xilinx_alu for cells of type $alu.
Using extmapper simplemap for cells of type $reduce_or.
Using extmapper simplemap for cells of type $or.
Using extmapper simplemap for cells of type $reduce_and.
Using template $paramod$584d8d3e7e56a0838a679d09bdfdc26a9a641387\_80_xilinx_alu for cells of type $alu.
Using template $paramod\_90_alu\A_SIGNED=0\B_SIGNED=0\A_WIDTH=2\B_WIDTH=2\Y_WIDTH=2 for cells of type $alu.
Using template $paramod$bc3d211068f3e5c9e9d660a5bc054076e0f8ec71\_80_xilinx_alu for cells of type $alu.
Using template $paramod\_90_alu\A_SIGNED=0\B_SIGNED=0\A_WIDTH=1\B_WIDTH=2\Y_WIDTH=2 for cells of type $alu.
Using template $paramod$f37cde6f1c87019f2d55edf3a604e33db0f6a9e0\_80_xilinx_alu for cells of type $alu.
Using extmapper simplemap for cells of type $xor.
Using template $paramod$e98ed4765b0fc14f13c58d6cfe4db8c4b4beef42\_80_xilinx_alu for cells of type $alu.
Using extmapper simplemap for cells of type $reduce_bool.
Using template $paramod$cfaead5121d3fd83941bfe41bfc6e2627920f5bd\_80_xilinx_alu for cells of type $alu.
Using template $paramod$ac7be73e302b14c95b84de7878cab277a107db1c\_80_xilinx_alu for cells of type $alu.
Using extmapper simplemap for cells of type $mux.
Using extmapper simplemap for cells of type $ne.
Using extmapper simplemap for cells of type $logic_or.
Using extmapper simplemap for cells of type $logic_and.
Using extmapper simplemap for cells of type $logic_not.
Using extmapper simplemap for cells of type $eq.
Using template $paramod$constmap:3cf042c45619902adb3de2341d420b7271e4488a$paramod$244602f8bdde01c3a10e7bdae9c4da54a090dc57\_90_shift_shiftx for cells of type $shiftx.
Using extmapper simplemap for cells of type $pos.
Using extmapper simplemap for cells of type $and.
Using template $paramod\_90_lcu\WIDTH=2 for cells of type $lcu.
No more expansions possible.
<suppressed ~1042 debug messages>

2.22. Executing OPT pass (performing simple optimizations).

2.22.1. Executing OPT_EXPR pass (perform const folding).
Optimizing module VX_cp_arbiter_top.
<suppressed ~1474 debug messages>

2.22.2. Executing OPT_MERGE pass (detect identical cells).
Finding identical cells in module `\VX_cp_arbiter_top'.
<suppressed ~429 debug messages>
Removed a total of 143 cells.

2.22.3. Executing OPT_RMDFF pass (remove dff with constant values).

2.22.4. Executing OPT_CLEAN pass (remove unused cells and wires).
Finding unused cells or wires in module \VX_cp_arbiter_top..
Removed 674 unused cells and 961 unused wires.
<suppressed ~675 debug messages>

2.22.5. Finished fast OPT passes.

2.23. Executing TECHMAP pass (map to technology primitives).

2.23.1. Executing Verilog-2005 frontend: /home/houdong/tool/yosys/bin/../share/yosys/techmap.v
Parsing Verilog input from `/home/houdong/tool/yosys/bin/../share/yosys/techmap.v' to AST representation.
Generating RTLIL representation for module `\_90_simplemap_bool_ops'.
Generating RTLIL representation for module `\_90_simplemap_reduce_ops'.
Generating RTLIL representation for module `\_90_simplemap_logic_ops'.
Generating RTLIL representation for module `\_90_simplemap_compare_ops'.
Generating RTLIL representation for module `\_90_simplemap_various'.
Generating RTLIL representation for module `\_90_simplemap_registers'.
Generating RTLIL representation for module `\_90_shift_ops_shr_shl_sshl_sshr'.
Generating RTLIL representation for module `\_90_shift_shiftx'.
Generating RTLIL representation for module `\_90_fa'.
Generating RTLIL representation for module `\_90_lcu'.
Generating RTLIL representation for module `\_90_alu'.
Generating RTLIL representation for module `\_90_macc'.
Generating RTLIL representation for module `\_90_alumacc'.
Generating RTLIL representation for module `\$__div_mod_u'.
Generating RTLIL representation for module `\$__div_mod'.
Generating RTLIL representation for module `\_90_div'.
Generating RTLIL representation for module `\_90_mod'.
Generating RTLIL representation for module `\_90_pow'.
Generating RTLIL representation for module `\_90_pmux'.
Generating RTLIL representation for module `\_90_lut'.
Successfully finished Verilog frontend.

2.23.2. Executing Verilog-2005 frontend: /home/houdong/tool/yosys/bin/../share/yosys/xilinx/cells_map.v
Parsing Verilog input from `/home/houdong/tool/yosys/bin/../share/yosys/xilinx/cells_map.v' to AST representation.
Generating RTLIL representation for module `\_90_dff_nn0_to_np0'.
Generating RTLIL representation for module `\_90_dff_pn0_to_pp0'.
Generating RTLIL representation for module `\_90_dff_nn1_to_np1'.
Generating RTLIL representation for module `\_90_dff_pn1_to_pp1'.
Generating RTLIL representation for module `\$__SHREG_'.
Generating RTLIL representation for module `\$__XILINX_SHREG_'.
Successfully finished Verilog frontend.

2.23.3. Continuing TECHMAP pass.
No more expansions possible.

2.24. Executing ABC pass (technology mapping using ABC).

2.24.1. Extracting gate netlist of module `\VX_cp_arbiter_top' to `<abc-temp-dir>/input.blif'..
Extracted 514 gates and 651 wires to a netlist network with 134 inputs and 157 outputs.

2.24.1.1. Executing ABC.
Running ABC command: berkeley-abc -s -f <abc-temp-dir>/abc.script 2>&1
ABC: ABC command line: "source <abc-temp-dir>/abc.script".
ABC: 
ABC: + read_blif <abc-temp-dir>/input.blif 
ABC: + read_lut <abc-temp-dir>/lutdefs.txt 
ABC: + strash 
ABC: + ifraig 
ABC: + scorr 
ABC: Warning: The network is combinational (run "fraig" or "fraig_sweep").
ABC: + dc2 
ABC: + dretime 
ABC: + retime 
ABC: + strash 
ABC: + dch -f 
ABC: + if 
ABC: + mfs2 
ABC: + write_blif <abc-temp-dir>/output.blif 

2.24.1.2. Re-integrating ABC results.
ABC RESULTS:              $lut cells:      464
ABC RESULTS:        internal signals:      360
ABC RESULTS:           input signals:      134
ABC RESULTS:          output signals:      157
Removing temp directory.
Removed 0 unused cells and 411 unused wires.

2.25. Executing SHREGMAP pass (map shift registers).
Converted 0 dff cells into 0 shift registers.

2.26. Executing TECHMAP pass (map to technology primitives).

2.26.1. Executing Verilog-2005 frontend: /home/houdong/tool/yosys/bin/../share/yosys/xilinx/lut_map.v
Parsing Verilog input from `/home/houdong/tool/yosys/bin/../share/yosys/xilinx/lut_map.v' to AST representation.
Generating RTLIL representation for module `\$lut'.
Successfully finished Verilog frontend.

2.26.2. Executing Verilog-2005 frontend: /home/houdong/tool/yosys/bin/../share/yosys/xilinx/ff_map.v
Parsing Verilog input from `/home/houdong/tool/yosys/bin/../share/yosys/xilinx/ff_map.v' to AST representation.
Generating RTLIL representation for module `\$_DFF_N_'.
Generating RTLIL representation for module `\$_DFF_P_'.
Generating RTLIL representation for module `\$_DFFE_NP_'.
Generating RTLIL representation for module `\$_DFFE_PP_'.
Generating RTLIL representation for module `\$_DFF_NN0_'.
Generating RTLIL representation for module `\$_DFF_NP0_'.
Generating RTLIL representation for module `\$_DFF_PN0_'.
Generating RTLIL representation for module `\$_DFF_PP0_'.
Generating RTLIL representation for module `\$_DFF_NN1_'.
Generating RTLIL representation for module `\$_DFF_NP1_'.
Generating RTLIL representation for module `\$_DFF_PN1_'.
Generating RTLIL representation for module `\$_DFF_PP1_'.
Successfully finished Verilog frontend.

2.26.3. Executing Verilog-2005 frontend: /home/houdong/tool/yosys/bin/../share/yosys/xilinx/cells_map.v
Parsing Verilog input from `/home/houdong/tool/yosys/bin/../share/yosys/xilinx/cells_map.v' to AST representation.
Generating RTLIL representation for module `\_90_dff_nn0_to_np0'.
Generating RTLIL representation for module `\_90_dff_pn0_to_pp0'.
Generating RTLIL representation for module `\_90_dff_nn1_to_np1'.
Generating RTLIL representation for module `\_90_dff_pn1_to_pp1'.
Generating RTLIL representation for module `\$__SHREG_'.
Generating RTLIL representation for module `\$__XILINX_SHREG_'.
Successfully finished Verilog frontend.

2.26.4. Continuing TECHMAP pass.
Using template $paramod\$lut\WIDTH=4\LUT=16'1011111100000000 for cells of type $lut.
Using template $paramod\$lut\WIDTH=3\LUT=8'10010110 for cells of type $lut.
Using template $paramod\$lut\WIDTH=4\LUT=16'0000000011101111 for cells of type $lut.
Using template $paramod\$lut\WIDTH=3\LUT=8'00110101 for cells of type $lut.
Using template $paramod$64dac6aa25f652975311d0866d890de334525c90\$lut for cells of type $lut.
Using template \$_DFFE_PP_ for cells of type $_DFFE_PP_.
Using template $paramod$815ae53d4904b74b68131ea2455cb020bd778093\$lut for cells of type $lut.
Using template $paramod$0ab0bd1a68f7378af2ed49174369e67c788f01ba\$lut for cells of type $lut.
Using template $paramod$6944d6fd2372b0cd0cb8a244a73b53f906d7be0b\$lut for cells of type $lut.
Using template $paramod\$lut\WIDTH=2\LUT=4'0100 for cells of type $lut.
Using template $paramod\$lut\WIDTH=2\LUT=4'1000 for cells of type $lut.
Using template $paramod$5fba6fa4affd3d8cb90b92595f737467c857f3c8\$lut for cells of type $lut.
Using template $paramod\$lut\WIDTH=5\LUT=285212671 for cells of type $lut.
Using template $paramod$19bf19327c0a4db78fee03178ca989e5402ccf2b\$lut for cells of type $lut.
Using template $paramod\$lut\WIDTH=5\LUT=117440512 for cells of type $lut.
Using template $paramod$7bba4cadd50264ce60bd32acaa7c4cdd1e645204\$lut for cells of type $lut.
Using template $paramod\$lut\WIDTH=5\LUT=1090519039 for cells of type $lut.
Using template $paramod\$lut\WIDTH=3\LUT=8'00000001 for cells of type $lut.
Using template $paramod$becad630673be44c4d16e3360f816e9223d9cbcf\$lut for cells of type $lut.
Using template $paramod$042983d18cc8a386f1652243708862a63e6ad069\$lut for cells of type $lut.
Using template $paramod\$lut\WIDTH=5\LUT=32'11110100000010111111111111111111 for cells of type $lut.
Using template $paramod$5f588164fe522a5c5352fa7e0b4b455b9bfcc4ac\$lut for cells of type $lut.
Using template $paramod\$lut\WIDTH=4\LUT=16'0001000000000000 for cells of type $lut.
Using template $paramod$a200bd9bc84032fcb0c7c3b9d2c891d6df536264\$lut for cells of type $lut.
Using template $paramod$8ac0a3765ebfdbc761378a476513909020af879a\$lut for cells of type $lut.
Using template $paramod\$lut\WIDTH=2\LUT=4'0001 for cells of type $lut.
Using template $paramod\$lut\WIDTH=2\LUT=4'0110 for cells of type $lut.
Using template $paramod\$lut\WIDTH=3\LUT=8'00001101 for cells of type $lut.
Using template $paramod\$lut\WIDTH=3\LUT=8'01101111 for cells of type $lut.
Using template $paramod\$lut\WIDTH=5\LUT=1099038720 for cells of type $lut.
Using template $paramod$152683b82ef909bde1014f7f265a8ecca42c2802\$lut for cells of type $lut.
Using template $paramod\$lut\WIDTH=4\LUT=16'1111111001010100 for cells of type $lut.
Using template $paramod\$lut\WIDTH=3\LUT=8'01000111 for cells of type $lut.
Using template $paramod$764b54c448dc6d3451cf5677e27c53aa9b38192e\$lut for cells of type $lut.
Using template $paramod$81301806d78bf66381eb31bfd15ce5552394da59\$lut for cells of type $lut.
Using template $paramod$60889a183c7fcb283ccd9b7255db21ea85714463\$lut for cells of type $lut.
Using template $paramod\$lut\WIDTH=2\LUT=4'1011 for cells of type $lut.
Using template $paramod\$lut\WIDTH=3\LUT=8'11100000 for cells of type $lut.
Using template $paramod\$lut\WIDTH=3\LUT=8'01010011 for cells of type $lut.
Using template $paramod\$lut\WIDTH=3\LUT=8'00010100 for cells of type $lut.
Using template $paramod$d0f1b4261c9922c0ac879bd7c8f304d0c7fb2a88\$lut for cells of type $lut.
Using template $paramod\$lut\WIDTH=4\LUT=16'0000000001001111 for cells of type $lut.
Using template $paramod$d95eee4409313147e76a70d0bcaf5036c0e0a5a1\$lut for cells of type $lut.
Using template $paramod$1c11b84b2d08fa7c530554a8018adf23167cf8c0\$lut for cells of type $lut.
Using template $paramod$902ccc2750d3b329bd9def303a66d27f06fe2985\$lut for cells of type $lut.
Using template $paramod$898cdfff2b8bcda1abf22346b2b69aa2c6c0902b\$lut for cells of type $lut.
Using template $paramod$1eefe05d015df7a873503ef6e48914c25ec1d23e\$lut for cells of type $lut.
Using template $paramod\$lut\WIDTH=5\LUT=32'11001100110011000100111000001111 for cells of type $lut.
Using template $paramod\$lut\WIDTH=5\LUT=1911 for cells of type $lut.
Using template $paramod\$lut\WIDTH=3\LUT=8'01110000 for cells of type $lut.
Using template $paramod$63477712b487cb9a9753141894ff6ed547915b4f\$lut for cells of type $lut.
Using template $paramod\$lut\WIDTH=4\LUT=16'0000000100000000 for cells of type $lut.
Using template $paramod\$lut\WIDTH=5\LUT=33554431 for cells of type $lut.
Using template $paramod\$lut\WIDTH=1\LUT=2'01 for cells of type $lut.
Using template $paramod\$lut\WIDTH=3\LUT=8'01000000 for cells of type $lut.
Using template $paramod\$lut\WIDTH=3\LUT=8'00010000 for cells of type $lut.
No more expansions possible.
<suppressed ~844 debug messages>

2.27. Executing DFFINIT pass (set INIT param on FF cells).
Setting VX_cp_arbiter_top.$auto$simplemap.cc:442:simplemap_dffe$873.INIT (port=Q, net=\u_arb.wait_counter[0] [3]) to 1'0.
Setting VX_cp_arbiter_top.$auto$simplemap.cc:442:simplemap_dffe$878.INIT (port=Q, net=\u_arb.wait_counter[1] [1]) to 1'0.
Setting VX_cp_arbiter_top.$auto$simplemap.cc:442:simplemap_dffe$872.INIT (port=Q, net=\u_arb.wait_counter[0] [2]) to 1'0.
Setting VX_cp_arbiter_top.$auto$simplemap.cc:442:simplemap_dffe$880.INIT (port=Q, net=\u_arb.wait_counter[1] [3]) to 1'0.
Setting VX_cp_arbiter_top.$auto$simplemap.cc:442:simplemap_dffe$888.INIT (port=Q, net=\u_arb.wait_counter[2] [4]) to 1'0.
Setting VX_cp_arbiter_top.$auto$simplemap.cc:442:simplemap_dffe$875.INIT (port=Q, net=\u_arb.wait_counter[0] [5]) to 1'0.
Setting VX_cp_arbiter_top.$auto$simplemap.cc:442:simplemap_dffe$894.INIT (port=Q, net=\u_arb.wait_counter[3] [3]) to 1'0.
Setting VX_cp_arbiter_top.$auto$simplemap.cc:442:simplemap_dffe$869.INIT (port=Q, net=\u_arb.rr_pointer [1]) to 1'0.
Setting VX_cp_arbiter_top.$auto$simplemap.cc:442:simplemap_dffe$868.INIT (port=Q, net=\u_arb.rr_pointer [0]) to 1'0.
Setting VX_cp_arbiter_top.$auto$simplemap.cc:442:simplemap_dffe$895.INIT (port=Q, net=\u_arb.wait_counter[3] [4]) to 1'0.
Setting VX_cp_arbiter_top.$auto$simplemap.cc:442:simplemap_dffe$891.INIT (port=Q, net=\u_arb.wait_counter[3] [0]) to 1'0.
Setting VX_cp_arbiter_top.$auto$simplemap.cc:442:simplemap_dffe$887.INIT (port=Q, net=\u_arb.wait_counter[2] [3]) to 1'0.
Setting VX_cp_arbiter_top.$auto$simplemap.cc:442:simplemap_dffe$884.INIT (port=Q, net=\u_arb.wait_counter[2] [0]) to 1'0.
Setting VX_cp_arbiter_top.$auto$simplemap.cc:442:simplemap_dffe$871.INIT (port=Q, net=\u_arb.wait_counter[0] [1]) to 1'0.
Setting VX_cp_arbiter_top.$auto$simplemap.cc:442:simplemap_dffe$876.INIT (port=Q, net=\u_arb.wait_counter[0] [6]) to 1'0.
Setting VX_cp_arbiter_top.$auto$simplemap.cc:442:simplemap_dffe$874.INIT (port=Q, net=\u_arb.wait_counter[0] [4]) to 1'0.
Setting VX_cp_arbiter_top.$auto$simplemap.cc:442:simplemap_dffe$870.INIT (port=Q, net=\u_arb.wait_counter[0] [0]) to 1'0.
Setting VX_cp_arbiter_top.$auto$simplemap.cc:442:simplemap_dffe$877.INIT (port=Q, net=\u_arb.wait_counter[1] [0]) to 1'0.
Setting VX_cp_arbiter_top.$auto$simplemap.cc:442:simplemap_dffe$881.INIT (port=Q, net=\u_arb.wait_counter[1] [4]) to 1'0.
Setting VX_cp_arbiter_top.$auto$simplemap.cc:442:simplemap_dffe$882.INIT (port=Q, net=\u_arb.wait_counter[1] [5]) to 1'0.
Setting VX_cp_arbiter_top.$auto$simplemap.cc:442:simplemap_dffe$883.INIT (port=Q, net=\u_arb.wait_counter[1] [6]) to 1'0.
Setting VX_cp_arbiter_top.$auto$simplemap.cc:442:simplemap_dffe$879.INIT (port=Q, net=\u_arb.wait_counter[1] [2]) to 1'0.
Setting VX_cp_arbiter_top.$auto$simplemap.cc:442:simplemap_dffe$886.INIT (port=Q, net=\u_arb.wait_counter[2] [2]) to 1'0.
Setting VX_cp_arbiter_top.$auto$simplemap.cc:442:simplemap_dffe$889.INIT (port=Q, net=\u_arb.wait_counter[2] [5]) to 1'0.
Setting VX_cp_arbiter_top.$auto$simplemap.cc:442:simplemap_dffe$890.INIT (port=Q, net=\u_arb.wait_counter[2] [6]) to 1'0.
Setting VX_cp_arbiter_top.$auto$simplemap.cc:442:simplemap_dffe$885.INIT (port=Q, net=\u_arb.wait_counter[2] [1]) to 1'0.
Setting VX_cp_arbiter_top.$auto$simplemap.cc:442:simplemap_dffe$892.INIT (port=Q, net=\u_arb.wait_counter[3] [1]) to 1'0.
Setting VX_cp_arbiter_top.$auto$simplemap.cc:442:simplemap_dffe$897.INIT (port=Q, net=\u_arb.wait_counter[3] [6]) to 1'0.
Setting VX_cp_arbiter_top.$auto$simplemap.cc:442:simplemap_dffe$893.INIT (port=Q, net=\u_arb.wait_counter[3] [2]) to 1'0.
Setting VX_cp_arbiter_top.$auto$simplemap.cc:442:simplemap_dffe$896.INIT (port=Q, net=\u_arb.wait_counter[3] [5]) to 1'0.
Removed 0 unused cells and 538 unused wires.

2.28. Executing HIERARCHY pass (managing design hierarchy).

2.28.1. Analyzing design hierarchy..
Top module:  \VX_cp_arbiter_top

2.28.2. Analyzing design hierarchy..
Top module:  \VX_cp_arbiter_top
Removed 0 unused modules.

2.29. Printing statistics.

=== VX_cp_arbiter_top ===

   Number of wires:                463
   Number of wire bits:           1060
   Number of public wires:          43
   Number of public wire bits:     305
   Number of memories:               0
   Number of memory bits:            0
   Number of processes:              0
   Number of cells:                686
     FDRE                           30
     LUT1                           61
     LUT2                           32
     LUT3                           25
     LUT4                           13
     LUT5                           14
     LUT6                          118
     MUXCY                         271
     MUXF7                          37
     MUXF8                          17
     XORCY                          68

   Estimated number of LCs:        191

2.30. Executing CHECK pass (checking for obvious problems).
checking module VX_cp_arbiter_top..
found and reported 0 problems.

3. Printing statistics.

=== VX_cp_arbiter_top ===

   Number of wires:                463
   Number of wire bits:           1060
   Number of public wires:          43
   Number of public wire bits:     305
   Number of memories:               0
   Number of memory bits:            0
   Number of processes:              0
   Number of cells:                686
     FDRE                           30
     LUT1                           61
     LUT2                           32
     LUT3                           25
     LUT4                           13
     LUT5                           14
     LUT6                          118
     MUXCY                         271
     MUXF7                          37
     MUXF8                          17
     XORCY                          68

Warnings: 3 unique messages, 3 total
End of script. Logfile hash: 5a15a15968
CPU: user 0.73s system 0.04s, MEM: 198.83 MB total, 193.32 MB resident
Yosys 0.9 (git sha1 1979e0b)
Time spent: 38% 18x read_verilog (0 sec), 11% 6x techmap (0 sec), ...
